index;Genre;Age;Taille;Poids;IMC;Activité physique;Régime particulier;Végé;Fréquence CROUS;Equilibre alim;Seule ou en groupe;Nb groupe entrée;Proximité;Connaissance;Parti groupe;Influ sociale;Percept senso;Nb file;Faim;Stress;Nb convives;Ami 1;Ami 2;Ami 3;Ami 4;Ami 5;chou;saladelentilles;champignons;carottesrapees;oeufmimosa;saladepates;artichauts;salami;coeursdepalmiers;tomates;surimi;minisandwich;saladeriz;betterave;pate;rillettepoisson;saladepommesdeterre;torsades;feuilletesaumonoseille;boeufbourguignon;kebab;risottocourgettes;pizzaraclette;faux-filet;pizzamerguezpoivrons;hamburger;escalopeviennoise;brocolis;frites;ratatouille;filetdepoulet;tajinevege;pavedecabillaud;burgervege;pizza;pommesdeterrevapeur;juliennedelegumes;cordonbleu;boulettesviande;rotilegumestofu;pavedepoissonbordelaise;pizzakebab;entrecote;riz;rotidelegumestofu;poissonpane;spaghettis;mousselinedepotiron;légumes;yaourtauxfruits;oeufalaneige;faissellenature;yaourtnature;fromageblancfruitsrouges;banane;mimolette;flancchocolat;orange;pomme;kiwi;saladeverte;moussenoixdecoco;liegeois;compote;petitsuissenature;fromageblanc;madeleine;tarteauxfruits;yaourtauxfruitsenmorceaux;parisbrest;poire;pruneauxausirop;emmental;bleudauvergneaop;cremepraline;gateaudesemoule;cocktailfruitsexotiques;roquefort;cantalaop;count_fruits;count_fromage;count_crudites;count_saladefeculents;count_charcuterie;count_viande;count_poisson;count_vege;count_yaourt;count_dessertgourmand;count_cremedessert;count_accompagnement;onehot_fruits;onehot_fromage;onehot_crudites;onehot_saladefeculents;onehot_charcuterie;onehot_viande;onehot_poisson;onehot_vege;onehot_yaourt;onehot_dessertgourmand;onehot_cremedessert;onehot_accompagnement
0A2A;1;20;1,755;51;15;3;1;0;2;2;1;2;1;1;1;0;1;0;2;0;2;7F8H;;;;;0;0;0;0;0;0;0;0;0;0;0;0;0;0;0;0;0;1;0;1;0;0;0;0;0;0;0;0;0;0;0;0;0;0;0;0;0;0;0;0;0;0;0;0;0;0;0;0;0;1;0;0;0;0;0;0;0;0;0;0;0;0;0;0;0;0;0;0;0;0;0;0;0;0;0;0;0;0;0;0;0;0;0;0;1;0;0;1;0;0;1;0;0;1;0;0;1;0;0;1;0;0;1
0A4U;1;19;1,78;59;20;0;0;0;2;2;1;6;1;1;1;0;3;0;2;0;5;0R4C;6O4Y;0S0Q;2U4F;;0;1;0;0;0;0;0;0;0;0;0;0;0;0;0;0;0;1;0;1;0;0;0;0;0;0;0;0;0;0;0;0;0;0;0;0;0;0;0;0;0;0;0;0;0;0;0;0;0;0;0;0;1;1;0;0;0;0;0;0;0;0;0;0;0;0;0;0;0;0;0;0;0;0;0;0;0;0;0;0;0;1;0;0;1;0;0;2;0;0;1;0;0;1;0;0;1;0;0;1;0;0;1
0A8B;0;21;1,65;50;20;0;0;0;2;1;1;7;1;1;1;1;3;1;2;2;7;0F7G;9A0P;3T0P;9F9T;8I1P;0;0;0;0;0;0;0;0;0;0;0;0;0;0;0;0;0;0;0;0;0;0;0;0;0;0;0;0;0;0;1;0;0;0;0;0;0;0;0;0;0;0;0;0;0;0;1;1;0;0;0;0;1;0;0;0;0;0;0;0;0;0;0;0;0;0;0;0;0;0;0;0;0;0;0;0;0;0;0;0;0;0;0;0;1;0;0;1;0;0;2;0;0;1;0;0;1;0;0;1;0;0;1
0B2M;1;18;1,78;65;20;1;0;0;2;1;1;2;1;1;1;0;2;1;2;1;2;7G6O;;;;;0;0;0;0;1;0;0;0;0;0;0;0;0;0;0;0;0;1;0;1;0;0;0;0;0;0;0;1;0;0;0;0;0;0;0;0;0;0;0;0;0;0;0;0;0;0;0;0;0;0;0;0;1;0;0;0;0;0;0;0;0;0;0;0;0;0;0;0;0;0;0;0;0;0;0;0;0;0;0;0;0;0;0;1;1;0;0;1;0;0;2;0;0;1;0;0;1;0;0;1;0;0;1
0C8K;1;18;1,87;83;25;3;0;0;2;0;1;2;1;1;1;0;0;1;2;1;2;6Y2Q;;;;;0;0;0;0;0;0;0;0;0;0;0;0;0;0;0;0;0;1;0;1;0;0;0;0;0;0;0;0;0;0;0;0;0;0;0;0;0;0;0;0;0;0;0;0;0;0;0;0;0;1;0;0;0;1;1;0;0;0;0;0;0;0;0;0;0;0;0;0;0;0;0;0;0;0;0;0;0;0;0;1;0;0;0;0;1;0;0;2;0;0;1;0;0;1;0;0;1;0;0;1;0;0;1
0E2X;1;21;1,9;85;25;2;0;0;2;2;1;3;1;1;1;1;2;2;2;1;3;5G9R;0M0L;;;;0;0;0;0;0;0;0;0;0;0;0;0;1;0;0;0;0;0;0;0;0;0;0;0;0;0;0;1;0;0;0;0;0;0;0;0;0;1;0;0;0;0;0;1;0;0;0;0;0;0;0;0;0;0;0;0;0;0;0;0;0;0;0;0;0;0;0;0;0;1;0;0;0;0;0;0;0;0;0;0;0;0;1;0;1;0;0;0;1;0;2;0;0;0;1;0;1;0;0;0;1;0;1
0G1P;0;21;1,66;54;20;2;0;1;2;4;1;2;1;1;1;2;2;0;1;0;2;5C9D;;;;;0;0;0;1;0;0;0;0;0;0;0;0;0;0;0;0;0;0;0;0;0;0;0;0;0;0;0;0;0;0;0;0;0;0;0;0;0;0;1;0;0;0;0;1;0;0;0;0;0;0;0;0;0;0;0;0;0;1;0;0;0;0;0;0;0;0;0;0;0;0;1;0;0;0;0;0;0;0;0;2;0;1;0;0;1;0;0;0;0;0;1;0;0;0;0;0;1;0;0;0;0;0;1
0G5M;1;22;1,75;50;15;0;0;0;2;0;1;5;1;1;1;0;2;0;3;0;3;;;;;;0;0;0;0;0;0;0;0;0;0;0;0;0;0;0;0;0;1;1;0;0;0;0;0;0;0;0;0;0;0;0;0;0;0;0;0;0;0;0;0;0;0;0;0;0;0;0;0;0;1;0;0;0;1;0;0;0;0;0;0;0;0;0;0;0;0;0;0;0;0;0;0;0;0;0;0;0;0;0;0;0;0;0;0;0;1;0;2;0;0;1;1;0;1;0;0;1;1;0;1;0;0;1
0H2B;1;20;1,86;75;20;2;0;0;1;1;1;6;1;1;1;0;3;1;2;0;3;4S3S;1J8K;;;;0;0;0;0;0;0;0;0;0;0;0;0;0;0;0;0;0;0;0;0;0;0;0;0;0;0;0;0;0;0;0;0;0;0;0;0;0;0;1;0;0;0;0;1;0;0;0;0;0;0;0;0;0;0;0;0;0;0;0;0;0;0;0;0;0;0;0;0;1;1;0;0;0;0;0;0;0;0;0;0;0;0;0;0;1;0;0;1;1;0;1;0;0;1;1;0;1;0;0;1;1;0;1
0H5L;0;21;1,71;56;20;2;0;0;2;2;1;4;0;0;0;0;0;0;3;2;14;4O8C;1Y7U;2J2X;8Q9F;9X1Z;0;0;0;0;0;0;0;0;0;0;0;0;0;1;0;0;0;0;0;0;0;0;0;0;0;0;0;1;0;0;0;0;0;0;0;0;0;0;0;0;1;0;0;1;0;0;0;0;0;0;0;0;0;0;0;0;0;0;0;0;0;0;0;0;0;0;0;0;0;1;0;0;1;0;0;0;0;0;0;0;1;1;0;0;0;1;0;0;1;0;2;1;0;0;1;0;1;1;0;0;1;0;1
0H8R;0;22;1,57;45;20;1;0;0;2;0;0;6;1;1;1;0;0;0;3;0;6;1Y9W;6V9Q;4H1X;1C3K;8N4I;0;0;0;0;0;0;0;0;0;0;0;0;0;0;0;0;0;0;0;0;0;0;0;0;0;0;0;0;1;0;0;0;0;1;0;0;0;0;0;0;0;0;0;0;0;0;0;0;0;0;0;0;0;0;0;0;0;0;0;0;0;0;0;0;0;0;0;0;0;0;0;0;0;0;0;0;0;0;0;0;0;0;0;0;0;0;1;0;0;0;1;0;1;0;0;0;1;0;1;0;0;0;1
0I7G;1;21;1,78;63;20;2;0;0;1;2;1;3;1;1;1;0;0;1;0;0;5;3F4Z;4C0V;;;;0;0;0;0;0;0;0;0;0;0;0;0;0;0;0;0;0;0;0;0;0;0;0;0;0;0;0;0;0;0;0;0;0;0;0;0;0;0;0;0;0;0;0;0;1;0;1;0;0;0;0;0;0;0;0;0;0;0;0;0;0;0;0;0;0;0;0;0;0;0;0;0;0;0;1;0;0;1;0;0;1;0;0;0;0;0;1;0;0;1;1;0;1;0;0;1;1;0;1;0;0;1;1
0J8O;1;20;1,79;62;20;1;1;0;2;2;0;20;1;1;1;1;3;0;2;1;3;;;;;;0;0;0;0;0;0;0;0;0;0;0;0;0;0;0;0;0;0;0;0;0;0;0;0;0;0;0;0;0;0;0;1;0;0;0;0;0;0;0;0;0;0;0;0;0;0;0;0;0;0;0;0;0;0;0;0;0;0;1;0;0;0;1;1;0;0;0;0;0;0;0;0;0;0;0;0;0;0;0;2;0;0;0;0;0;0;1;0;0;1;0;0;1;0;0;1;0;0;1;0;0;1;0
0M0L;1;21;1,75;62;20;2;0;0;1;2;1;3;1;1;1;0;1;0;2;0;3;5G9R;0E2X;;;;0;0;0;0;0;0;0;0;0;0;0;0;0;0;0;0;0;0;0;0;0;0;0;0;0;0;0;1;0;0;0;0;0;0;0;0;0;1;0;0;0;0;0;1;0;0;0;0;0;0;0;0;0;0;0;0;0;0;0;0;0;0;0;0;0;0;0;0;0;0;0;0;1;0;0;0;0;0;0;0;1;0;0;0;1;0;0;0;0;0;2;0;0;0;0;0;1;0;0;0;0;0;1
0N3Z;0;19;1,57;45;20;1;0;0;2;1;0;1;0;0;0;0;2;0;2;1;1;;;;;;0;0;0;0;0;0;0;0;0;0;0;0;0;0;0;0;0;0;0;0;0;0;0;0;0;0;0;1;0;0;0;0;0;0;0;0;0;0;0;1;0;0;0;1;0;0;0;0;0;0;0;0;0;0;0;0;0;0;0;0;0;0;0;0;0;0;0;0;0;0;1;0;0;0;0;0;0;0;0;1;0;0;0;0;0;0;1;0;0;0;2;0;1;0;0;0;1;0;1;0;0;0;1
0N9G;1;21;1,75;60;20;2;1;1;2;2;0;4;0;0;0;0;3;0;3;3;3;;;;;;0;0;0;0;0;0;0;0;0;0;0;0;0;0;0;0;0;0;0;0;0;0;0;0;0;0;0;0;0;0;0;0;0;0;1;0;0;0;0;0;0;0;0;0;0;0;0;0;0;0;0;0;0;0;0;0;0;0;0;0;0;0;0;0;0;0;0;0;0;0;0;0;0;0;0;0;0;0;0;0;0;0;0;0;1;0;0;0;0;0;0;0;0;0;0;0;0;0;0;0;0;0;0
0N9P;1;20;1,89;70;20;3;0;0;2;1;1;2;1;1;1;0;3;0;2;0;2;9O9K;;;;;0;0;0;0;0;0;0;0;0;0;0;0;0;0;1;0;0;0;0;0;0;0;0;0;0;0;0;0;0;0;0;0;0;0;0;0;0;0;0;1;1;0;0;1;0;0;0;0;0;0;0;0;0;0;0;0;0;0;0;0;0;0;0;0;0;0;0;0;1;1;0;0;0;0;0;0;0;0;0;0;0;0;0;1;0;1;1;1;1;0;1;1;1;1;1;0;1;1;1;1;1;0;1
0O5Q;1;21;1,7;70;25;1;0;0;2;1;1;4;0;0;1;0;1;0;2;0;4;5B2Z;5I3E;9J6M;;;0;1;0;0;0;0;0;0;0;0;0;0;0;0;0;0;0;1;0;1;0;0;0;0;0;0;0;1;0;0;0;0;0;0;0;0;0;0;0;0;0;0;0;0;0;0;0;0;0;1;0;0;0;0;0;0;0;0;0;0;0;0;0;0;0;0;0;0;0;0;0;0;0;0;0;0;0;0;0;0;0;1;0;0;1;0;0;1;0;0;2;0;0;1;0;0;1;0;0;1;0;0;1
0P1I;1;25;1,78;74;25;1;0;0;2;1;0;2;1;1;1;0;0;0;3;3;2;6W4Y;;;;;0;1;0;0;0;0;0;0;0;0;0;0;0;0;0;0;0;0;0;0;0;0;0;0;0;0;0;0;0;0;0;0;1;0;0;1;1;0;0;0;0;0;0;0;0;0;0;0;0;0;0;0;0;0;0;0;0;1;1;0;0;0;0;0;0;0;0;0;0;0;0;0;0;0;0;0;0;0;0;2;0;1;0;0;0;1;0;0;0;0;2;1;0;0;0;0;1;1;0;0;0;0;1
0P1K;1;18;1,85;85;25;1;0;0;2;2;0;2;1;0;0;0;1;0;1;2;2;0P5K;;;;;0;0;0;0;0;0;0;0;0;0;0;0;0;0;0;0;0;0;0;1;0;0;0;0;0;0;0;0;0;0;0;0;0;0;0;1;0;0;0;0;0;0;0;0;0;0;0;0;0;0;0;0;0;0;0;0;0;0;0;0;0;0;1;0;0;0;0;0;0;0;0;0;0;0;0;0;0;0;0;0;0;0;0;0;1;0;0;0;0;1;1;0;0;0;0;1;1;0;0;0;0;1;1
0P5K;1;18;1,85;85;25;1;0;0;2;2;0;2;1;1;1;0;2;0;2;2;2;0P1K;;;;;0;0;0;0;0;0;0;0;0;0;0;0;0;0;0;0;0;0;0;0;0;0;0;0;0;0;0;0;0;0;1;0;0;0;0;1;0;0;0;0;0;0;0;0;0;0;0;0;0;0;0;0;0;0;0;0;0;0;0;0;0;0;0;1;1;0;0;0;0;0;0;0;0;0;0;0;0;0;0;1;0;0;0;0;1;0;0;1;0;0;1;0;0;1;0;0;1;0;0;1;0;0;1
0R4C;1;19;1,87;67;20;3;0;0;2;2;1;6;0;1;1;0;0;0;3;1;5;6O4Y;0S0Q;0A4U;2U4F;;0;1;0;0;0;0;0;0;0;0;0;0;0;0;0;0;0;1;0;1;0;0;0;0;0;0;0;1;0;0;0;0;0;0;0;0;0;0;0;0;0;0;0;0;0;0;0;0;0;0;0;0;1;1;0;0;0;0;0;0;0;0;0;0;0;0;0;0;0;0;0;0;0;0;0;0;0;0;0;0;0;1;0;0;1;0;0;2;0;0;2;0;0;1;0;0;1;0;0;1;0;0;1
0R4J;1;20;1,93;99;25;3;0;0;2;2;0;2;1;1;1;1;3;0;2;0;2;3W5V;;;;;0;0;0;0;0;0;0;0;0;0;0;0;0;0;0;0;0;0;0;0;0;0;0;0;0;0;0;0;0;0;0;0;1;0;0;0;1;0;0;0;0;0;0;0;0;0;0;0;0;0;0;0;0;0;0;0;0;0;0;0;0;0;0;1;0;0;1;0;0;0;0;0;0;0;0;0;0;0;0;1;0;0;0;0;0;1;0;0;1;0;1;1;0;0;1;0;1;1;0;0;1;0;1
0R4X;1;20;1,85;67;20;1;0;0;2;1;0;6;1;1;1;0;3;0;2;1;6;4A1V;6U3B;8B8H;2L2Z;8W4Q;1;1;0;1;0;0;0;0;0;0;0;0;0;0;0;0;0;0;0;0;0;0;0;0;0;0;0;0;0;0;1;0;0;0;0;1;1;0;0;0;0;0;0;0;0;0;0;0;0;0;0;0;0;0;0;0;0;0;0;0;0;0;0;0;0;0;0;0;0;0;0;0;0;0;0;0;0;0;0;0;0;3;0;0;1;0;0;0;0;0;2;0;0;0;0;0;1;0;0;0;0;0;1
0R7V;1;18;1,82;58;15;1;0;0;1;1;1;2;0;1;1;0;1;1;2;0;2;1Y1C;;;;;1;0;0;0;0;0;0;0;0;0;0;0;0;0;0;0;0;1;1;0;0;0;0;0;0;0;0;1;0;0;0;0;0;0;0;0;0;0;0;0;0;0;0;0;0;0;0;0;0;0;0;1;0;1;0;0;0;0;0;0;0;0;0;0;0;0;0;0;0;0;0;0;0;0;0;0;0;0;0;0;0;1;0;0;0;1;0;2;0;0;2;1;0;1;0;0;1;1;0;1;0;0;1
0S0Q;1;19;1,78;55;15;2;0;0;2;2;1;6;1;1;1;1;2;0;2;0;5;6O4Y;0A4U;0R4C;2U4F;;0;1;0;0;0;0;0;0;0;0;0;0;0;0;0;0;0;1;0;1;0;0;0;0;0;0;0;1;0;0;0;0;0;0;0;0;0;0;0;0;0;0;0;0;0;0;0;0;0;0;0;0;0;1;0;0;0;0;1;0;0;0;0;0;0;0;0;0;0;0;0;0;0;0;0;0;0;0;0;1;0;1;0;0;1;0;0;1;0;0;2;0;0;1;0;0;1;0;0;1;0;0;1
0S4Y;1;24;1,8;80;25;2;0;0;2;1;1;3;1;1;1;0;3;0;3;1;3;2T3H;8E1F;;;;0;0;0;0;0;0;0;0;0;0;0;0;0;0;0;0;0;0;0;0;0;0;0;0;0;0;0;1;0;0;0;0;0;0;0;0;0;1;0;0;0;0;0;1;0;0;0;0;0;0;0;0;0;0;0;0;0;0;0;0;0;0;0;0;0;0;0;0;0;1;0;0;0;1;0;0;0;0;0;0;1;0;0;0;1;0;0;0;1;0;2;0;0;0;1;0;1;0;0;0;1;0;1
0S7C;0;20;1,58;68;25;2;1;0;2;2;1;7;1;1;0;0;3;0;3;0;7;1N9S;3W3R;7F5N;1J4B;2G9N;0;0;0;0;1;0;0;0;0;0;0;0;0;0;0;0;0;1;1;0;0;0;0;0;0;0;0;0;0;0;0;0;0;0;0;0;0;0;0;0;0;0;0;0;0;0;0;0;0;0;0;0;0;0;0;1;0;0;0;0;0;0;0;0;0;0;0;0;0;0;0;0;0;0;0;0;0;0;0;0;0;0;0;1;0;1;0;0;0;0;1;1;0;0;0;0;1;1;0;0;0;0;1
0T3B;1;21;1,8;70;20;3;0;0;2;2;1;3;1;1;1;1;0;0;1;2;2;6F0E;;;;;0;0;0;0;0;0;0;0;0;0;0;1;0;0;0;0;0;0;0;0;0;0;0;0;0;0;0;0;0;0;0;0;0;0;0;0;0;0;1;0;0;0;0;1;0;0;0;0;0;0;0;0;0;0;0;0;0;0;0;0;0;0;0;0;0;0;0;0;1;0;1;0;0;0;0;0;0;0;0;1;0;0;0;1;1;0;0;1;0;0;1;0;0;1;0;0;1;0;0;1;0;0;1
0U8E;1;21;1,87;70;20;0;0;0;2;2;1;5;1;1;1;0;3;0;1;0;4;5Z4K;3U7V;7A0X;;;0;0;0;1;0;0;0;0;0;0;0;0;0;0;0;0;0;0;0;0;0;0;0;0;0;0;0;0;0;0;0;0;0;0;0;0;0;0;0;0;1;0;0;1;0;0;0;0;0;0;0;0;0;0;0;0;0;0;0;0;0;0;0;0;0;0;0;0;1;0;1;0;0;0;0;0;0;0;0;1;0;1;0;0;0;1;0;1;0;0;1;1;0;1;0;0;1;1;0;1;0;0;1
0X7C;1;21;1,8;72;20;1;0;0;1;1;1;12;1;1;1;3;2;0;2;0;6;3R3M;0O9T;3M6S;5A0R;2M6T;0;0;0;0;0;0;0;0;0;0;0;0;0;0;0;0;0;0;0;0;0;0;0;0;0;0;0;0;0;0;0;0;0;0;0;0;0;0;0;0;0;0;0;0;0;1;1;1;0;0;0;0;1;0;0;0;0;0;0;0;0;0;0;0;0;0;0;0;0;0;0;0;0;0;1;0;0;0;0;0;0;0;0;0;0;1;0;1;0;1;2;1;0;1;0;1;1;1;0;1;0;1;1
0Y1T;1;20;1,7;45;15;1;0;0;2;2;0;8;0;0;0;0;2;1;2;1;7;9S9J;6T3S;4M6N;5I5P;9B3F;0;0;0;0;0;0;0;0;0;0;0;0;0;0;0;0;0;0;0;0;0;0;0;0;0;0;0;0;0;0;1;0;0;0;0;1;0;0;0;0;0;0;0;0;0;0;0;0;0;0;0;0;0;0;0;0;0;0;1;0;0;0;0;1;0;0;0;0;0;0;0;0;0;0;0;0;0;0;0;2;0;0;0;0;1;0;0;0;0;0;1;0;0;0;0;0;1;0;0;0;0;0;1
0Y5X;1;21;1,83;75;20;3;0;0;2;2;1;10;1;1;1;0;3;0;1;0;7;4D2Y;3Y2G;6G4G;3K9G;6C3U;0;0;0;0;0;0;0;0;0;0;0;0;1;0;0;0;0;0;0;0;0;0;0;0;0;0;0;1;0;0;0;0;0;0;0;0;0;0;1;0;0;0;0;1;0;0;0;0;0;0;0;0;0;0;0;0;0;0;0;0;0;0;0;0;0;0;0;1;0;0;0;0;0;0;0;0;0;0;0;0;0;0;1;0;1;0;0;0;1;0;2;0;0;0;1;0;1;0;0;0;1;0;1
1A9V;1;21;1,74;65;20;0;0;0;1;1;1;8;1;1;1;0;0;0;1;1;14;4O8C;1Y7U;2J2X;8Q9F;9X1Z;0;0;0;1;0;0;0;0;0;0;0;0;0;0;0;0;0;0;0;0;0;0;0;0;0;0;0;1;0;0;1;0;0;0;0;0;0;0;0;0;0;0;0;1;0;0;0;0;0;0;0;0;0;0;0;0;0;0;0;0;0;0;0;0;0;0;0;0;0;1;0;0;0;0;0;0;0;0;0;0;0;1;0;0;1;0;0;0;1;0;2;0;0;0;1;0;1;0;0;0;1;0;1
1B0U;1;22;1,83;68;20;2;0;1;2;4;1;5;1;1;1;1;3;0;2;1;5;2P1V;0A5K;7F5T;0O3R;;0;0;0;0;0;0;0;0;0;0;0;0;0;0;0;0;0;0;0;0;0;0;0;0;0;0;0;1;0;0;0;0;0;0;0;0;0;0;0;1;0;0;0;1;0;0;0;0;0;0;0;0;0;0;0;0;0;0;0;0;0;0;0;0;0;0;0;0;0;1;0;0;0;1;0;0;0;0;0;0;1;0;0;0;0;0;1;0;1;0;2;0;1;0;1;0;1;0;1;0;1;0;1
1B2S;0;18;1,64;54;20;0;0;0;2;0;1;8;1;1;1;1;3;1;1;2;8;2A1P;7K8M;8H4M;8O3V;2Y1W;0;0;0;0;0;0;0;0;0;0;0;0;0;0;0;0;0;1;0;1;0;0;0;0;0;0;0;1;0;0;0;0;0;0;0;0;0;0;0;0;0;0;0;0;0;0;0;0;0;0;0;0;0;1;1;0;0;0;0;0;0;0;0;0;0;0;0;0;0;0;0;0;0;0;0;0;0;0;0;1;0;0;0;0;1;0;0;1;0;0;2;0;0;1;0;0;1;0;0;1;0;0;1
1C3K;1;19;1,69;73;25;2;0;0;2;0;0;6;1;1;1;3;2;2;3;2;6;4H1X;0H8R;1Y9W;6V9Q;8N4I;0;0;0;0;0;0;0;0;0;0;0;0;0;0;0;0;0;0;0;0;0;0;0;0;0;0;0;0;0;0;0;0;0;0;1;0;0;0;0;0;0;0;0;0;0;0;0;0;0;0;0;0;0;0;0;0;0;0;0;0;0;0;0;0;0;0;0;0;0;0;0;0;0;0;0;0;0;0;0;0;0;0;0;0;1;0;0;0;0;0;0;0;0;0;0;0;0;0;0;0;0;0;0
1C5X;1;23;1,8;74;20;1;1;1;2;4;1;6;0;0;0;0;1;0;2;2;6;6O7D;8S7L;4C3L;7B2H;2Q8X;0;0;0;0;0;0;0;0;0;0;0;0;1;0;0;0;0;0;0;0;0;0;0;0;0;0;0;1;0;0;0;0;0;0;0;0;0;0;0;1;0;0;0;1;0;0;0;0;0;0;0;0;0;0;0;0;0;0;0;0;0;0;0;0;0;0;0;1;0;0;0;0;0;0;0;0;0;0;0;0;0;0;1;0;0;0;1;0;1;0;2;0;1;0;1;0;1;0;1;0;1;0;1
1C8S;1;22;1,73;73;25;2;0;0;1;2;0;1;0;0;0;0;0;1;1;2;1;;;;;;0;0;0;0;0;0;0;0;0;0;0;0;0;1;0;0;0;0;0;0;0;0;0;0;0;0;0;0;0;0;0;0;0;0;0;0;0;0;0;0;0;0;0;0;0;1;1;1;0;0;0;0;0;0;0;0;0;0;1;0;0;0;0;0;0;0;0;0;0;0;0;1;0;0;0;0;0;0;0;2;0;1;0;0;0;1;0;0;0;0;2;1;0;0;0;0;1;1;0;0;0;0;1
1F7A;1;24;1,79;78;25;1;0;0;1;4;1;5;1;1;1;2;2;0;2;2;3;0R1F;3X3L;;;;0;0;0;0;0;0;0;0;0;0;0;0;0;0;0;0;0;0;0;0;1;0;0;0;0;0;0;0;1;0;0;0;0;0;0;0;0;0;0;0;0;0;0;0;0;0;0;0;0;0;0;0;0;0;0;0;0;0;1;0;0;0;0;0;0;0;0;0;1;0;0;0;0;0;0;0;0;0;0;1;0;0;0;0;1;0;0;1;0;0;1;0;0;1;0;0;1;0;0;1;0;0;1
1F9Y;1;27;1,8;75;25;3;0;0;1;2;1;6;1;0;0;0;2;0;1;1;6;9I1E;9I2L;4M4I;9R1R;8A1R;0;0;0;0;0;0;0;0;0;0;0;0;1;0;0;0;0;0;0;0;0;0;0;0;0;0;0;1;0;0;0;0;0;0;0;0;0;0;1;0;0;0;0;1;0;0;0;0;0;0;0;0;0;0;0;0;0;0;0;0;0;0;0;0;0;0;0;0;0;1;0;0;0;0;0;0;0;0;0;0;0;0;1;0;1;0;0;0;1;0;2;0;0;0;1;0;1;0;0;0;1;0;1
1G3P;1;19;1,82;70;20;2;0;0;2;2;0;9;1;1;1;0;2;0;1;1;5;1O2H;3H8D;9J2Z;5L2C;;0;1;0;0;0;0;0;0;0;0;0;0;0;0;0;0;0;0;0;1;0;0;0;0;0;0;0;0;0;0;0;0;0;0;0;1;1;0;0;0;0;0;0;0;0;0;0;0;0;0;0;0;0;0;0;0;0;1;0;0;0;0;0;0;0;0;0;0;0;0;0;0;0;0;0;0;0;0;0;1;0;1;0;0;1;0;0;0;0;0;2;0;0;0;0;0;1;0;0;0;0;0;1
1G6O;1;18;1,83;78;25;1;0;0;2;1;1;2;1;1;1;1;1;0;2;2;2;7Z3H;;;;;0;1;0;0;1;0;0;0;0;0;0;0;0;0;0;0;0;1;0;1;0;0;0;0;0;0;0;1;0;0;0;0;0;0;0;0;0;0;0;0;0;0;0;0;0;0;0;0;0;0;0;0;0;1;0;0;0;0;0;0;0;0;0;0;0;0;0;0;0;0;0;0;0;0;0;0;0;0;0;0;0;1;0;1;1;0;0;1;0;0;2;0;0;1;0;0;1;0;0;1;0;0;1
1G7G;1;24;1,8;70;20;2;0;0;2;2;1;4;1;1;1;1;1;0;2;1;4;5M0T;9R6Y;4F9D;;;0;0;0;0;0;0;0;0;0;0;0;0;0;1;0;0;0;0;0;0;0;0;0;0;0;0;0;0;0;0;0;0;0;0;0;0;0;0;0;0;0;0;0;0;0;1;1;0;0;0;0;0;0;0;0;0;0;0;0;0;0;0;0;0;0;0;0;0;0;0;0;0;0;0;1;0;0;0;0;0;0;1;0;0;0;1;0;0;0;1;1;1;0;0;0;1;1;1;0;0;0;1;1
1I1F;0;20;1,58;52;20;2;1;0;2;1;1;2;1;1;1;3;3;0;3;1;2;3L2B;;;;;0;0;0;0;0;0;0;0;0;0;0;0;0;0;0;0;0;0;0;0;1;0;0;0;0;0;0;0;1;0;0;0;0;0;0;0;0;0;0;0;0;0;0;0;0;0;0;0;0;0;0;0;0;0;0;0;0;0;0;0;0;0;0;0;0;0;0;0;0;0;0;0;0;0;0;0;0;0;0;0;0;0;0;0;1;0;0;0;0;0;1;0;0;0;0;0;1;0;0;0;0;0;1
1J4B;0;19;1,65;60;20;1;0;0;0;2;1;11;1;1;1;2;3;0;3;0;7;1N9S;7F5N;3W3R;2G0T;0S7C;0;0;0;0;0;0;0;0;0;0;0;0;0;0;0;0;0;1;1;0;0;0;0;0;0;0;0;0;0;0;0;0;0;0;0;0;0;0;0;0;0;0;0;0;0;0;0;0;0;1;0;0;0;0;0;0;0;0;0;0;0;0;0;0;0;0;0;0;0;0;0;0;0;0;0;0;0;0;0;0;0;0;0;0;0;1;0;1;0;0;1;1;0;1;0;0;1;1;0;1;0;0;1
1J5T;1;25;1,94;82;20;3;0;0;2;1;1;3;1;1;1;2;1;2;2;1;3;5R0T;3L6Q;;;;0;0;0;0;1;0;0;0;0;0;0;0;0;0;0;0;0;1;1;0;0;0;0;0;0;0;0;0;0;1;0;0;0;0;0;0;0;0;0;0;0;0;0;0;0;0;0;0;0;0;0;0;0;1;1;0;0;0;0;0;0;0;0;0;0;0;0;0;0;0;0;0;0;0;0;0;0;0;0;1;0;0;0;1;0;1;0;1;0;0;2;1;0;1;0;0;1;1;0;1;0;0;1
1J6P;1;23;1,7;78;25;2;0;0;1;2;1;6;1;1;1;0;3;0;3;0;5;6T3Q;8K6W;2K9I;9W3O;;0;0;0;0;0;0;0;0;0;0;0;0;0;0;0;0;0;0;0;0;0;0;0;0;0;0;0;1;0;0;0;0;0;0;0;0;0;1;0;0;0;0;0;1;0;0;0;0;0;0;0;0;0;0;0;0;0;0;0;0;0;0;0;0;0;0;0;0;1;1;0;0;0;0;0;0;0;0;0;0;0;0;0;0;1;0;0;1;1;0;2;0;0;1;1;0;1;0;0;1;1;0;1
1J8K;1;23;1,64;61;20;3;1;1;1;4;1;5;1;1;1;1;2;0;2;1;3;4S3S;0H2B;;;;0;0;0;0;0;0;0;0;0;0;0;0;0;0;0;0;0;0;0;0;0;0;0;0;0;0;0;1;0;0;0;0;0;0;0;0;0;0;1;0;0;0;0;1;0;0;0;0;0;0;0;0;0;0;0;0;0;0;1;0;0;0;0;0;0;0;0;0;0;0;0;0;0;0;0;0;0;0;0;1;0;0;0;0;1;0;0;0;0;0;2;0;0;0;0;0;1;0;0;0;0;0;1
1L0F;1;21;1,7;51;15;2;1;0;2;2;1;5;0;0;0;0;0;0;2;2;3;;;;;;0;1;0;0;0;0;0;0;0;0;0;0;0;0;0;0;0;0;0;0;0;1;0;0;0;0;0;0;0;0;0;0;0;0;0;0;0;0;0;0;0;0;0;0;0;0;0;0;0;0;0;1;0;0;0;0;0;0;0;0;0;0;0;0;0;0;0;0;0;0;0;0;0;0;0;0;0;0;0;0;0;1;0;0;0;0;1;1;0;0;0;0;1;1;0;0;0;0;1;1;0;0;0
1L4G;0;21;1,63;55;20;1;0;0;2;1;1;2;1;1;1;1;2;0;2;0;6;5W6M;8J2L;2S4Q;1M2Q;9K2W;0;0;0;0;0;0;0;0;0;0;0;0;0;0;0;0;0;0;0;0;0;0;0;0;0;0;0;0;0;0;0;0;0;0;0;0;0;0;0;0;0;0;0;0;0;1;1;0;0;0;0;0;0;0;0;0;0;0;1;0;0;0;0;0;0;0;0;0;0;0;0;0;0;0;0;0;0;0;0;1;0;0;0;0;0;1;0;0;0;0;1;1;0;0;0;0;1;1;0;0;0;0;1
1M2Q;1;21;1,69;55;20;0;0;0;2;1;1;8;1;1;1;2;1;1;3;0;6;5W6M;1L4G;9K2W;2S4Q;8J2L;0;0;0;0;0;0;0;0;0;0;0;0;0;0;0;0;0;0;0;0;1;0;0;0;0;0;0;0;1;0;0;0;0;0;0;0;0;0;0;0;0;0;0;0;0;0;0;0;0;0;0;0;1;0;0;0;0;0;0;0;0;0;0;0;0;0;0;0;0;0;0;0;0;0;0;0;0;0;0;0;0;0;0;0;1;0;0;1;0;0;1;0;0;1;0;0;1;0;0;1;0;0;1
1M4Q;1;18;1,75;65;20;1;1;0;2;1;0;2;1;1;1;1;2;1;2;2;2;1D4B;;;;;0;0;0;0;0;0;0;0;0;0;0;0;0;0;0;0;0;0;0;0;0;0;0;0;0;0;0;0;0;0;0;0;1;0;0;1;1;0;0;0;0;0;0;0;0;0;0;0;0;0;0;0;0;0;0;0;0;0;1;0;0;0;0;0;0;0;0;0;0;0;0;0;0;0;0;0;0;0;0;1;0;0;0;0;0;1;0;0;0;0;2;1;0;0;0;0;1;1;0;0;0;0;1
1M5C;1;22;1,77;60;20;2;1;0;1;2;1;3;1;1;1;2;3;0;2;1;3;1T2N;9Y6D;;;;0;1;0;0;0;0;0;0;0;0;0;0;0;0;0;0;0;1;1;0;0;0;0;0;0;0;0;1;0;0;0;0;0;0;0;0;0;0;0;0;0;0;0;0;0;0;0;0;0;1;0;0;0;0;0;0;0;0;0;0;0;0;0;0;0;0;0;0;0;0;0;0;0;0;0;0;0;0;0;0;0;1;0;0;0;1;0;1;0;0;2;1;0;1;0;0;1;1;0;1;0;0;1
1N9S;1;18;1,72;75;25;3;1;1;2;4;1;11;1;1;1;1;1;0;3;1;7;1J4B;3W3R;2G0T;7F5N;0S7C;0;0;0;0;0;0;0;0;0;0;0;0;0;0;0;0;0;0;0;0;0;1;0;0;0;0;0;0;0;0;0;0;0;0;0;0;0;0;0;0;0;0;0;0;0;0;0;0;0;1;0;0;0;1;0;0;0;0;0;0;0;0;0;0;0;0;0;0;0;0;0;0;0;0;0;0;0;0;0;0;0;0;0;0;0;0;1;2;0;0;0;0;1;1;0;0;0;0;1;1;0;0;0
1O0R;1;19;1,72;65;20;2;0;0;2;2;1;5;1;1;1;1;3;0;3;2;3;3V9C;5I5D;;;;0;0;0;0;0;0;0;0;0;0;0;0;1;0;0;0;0;0;0;0;0;0;0;0;0;0;0;1;0;0;0;0;0;0;0;0;0;0;1;0;0;0;0;1;0;0;0;0;0;0;0;0;0;0;0;0;0;0;0;0;0;0;0;0;0;0;0;0;0;1;0;0;1;0;0;0;0;0;0;0;1;0;1;0;1;0;0;0;1;0;2;0;0;0;1;0;1;0;0;0;1;0;1
1O2H;0;21;1,69;56;20;2;0;0;2;4;0;9;1;0;0;2;3;0;3;1;5;1G3P;5L2C;9J2Z;3H8D;;0;1;0;0;0;0;0;0;0;0;0;0;0;0;0;0;0;0;0;0;0;0;0;0;0;0;0;0;0;0;1;0;0;0;0;1;1;0;0;0;0;0;0;0;0;0;0;0;0;0;0;0;0;0;0;0;0;0;0;0;0;0;0;1;0;1;0;0;0;0;0;0;0;0;0;0;0;0;0;1;0;1;0;0;1;0;0;1;0;0;2;0;0;1;0;0;1;0;0;1;0;0;1
1P5N;1;19;1,74;74;25;2;1;0;2;2;1;4;0;0;0;1;1;0;2;2;3;;;;;;0;0;0;0;0;0;0;0;0;0;0;0;0;0;0;0;0;1;1;0;0;0;0;0;0;0;0;0;0;0;0;0;0;0;0;0;0;0;0;0;0;0;0;0;0;0;0;0;0;0;0;0;0;1;0;0;0;0;0;0;0;0;0;0;0;0;0;0;0;0;0;0;0;0;0;0;0;0;0;0;0;0;0;0;0;1;0;1;0;0;1;1;0;1;0;0;1;1;0;1;0;0;1
1Q9K;1;22;1,83;90;25;1;0;0;2;1;1;2;1;1;1;1;0;0;3;0;3;;;;;;0;0;0;0;0;0;0;0;0;0;0;0;0;0;0;0;0;0;0;0;0;0;0;0;0;0;0;1;0;0;0;0;0;0;0;0;0;0;0;1;0;0;0;1;0;0;0;0;0;0;0;0;0;0;0;0;0;0;0;0;0;0;0;0;0;0;0;0;1;0;0;0;0;1;0;0;0;0;0;0;1;0;0;0;0;0;1;1;0;0;2;0;1;1;0;0;1;0;1;1;0;0;1
1R9D;1;22;1,72;82;25;2;1;0;1;0;1;9;0;0;0;1;3;1;3;1;10;9B5K;0F1W;2R7A;4A7O;3O6U;0;0;0;0;0;0;0;0;0;0;0;0;0;0;1;0;0;0;0;0;0;0;0;0;0;0;0;0;0;0;0;0;0;0;0;0;0;0;0;0;1;0;0;1;0;0;0;0;0;0;0;0;0;0;0;0;0;0;0;0;0;0;0;0;0;0;0;0;0;1;0;0;0;0;0;0;0;0;0;0;0;0;0;1;0;1;0;0;1;0;1;1;0;0;1;0;1;1;0;0;1;0;1
1T2N;1;21;1,7;80;25;1;0;0;2;4;1;11;1;1;1;0;0;0;2;1;3;1M5C;9Y6D;;;;0;0;1;0;0;0;0;0;0;0;0;0;0;0;0;0;0;1;1;0;0;0;0;0;0;0;0;1;0;0;0;0;0;0;0;0;0;0;0;0;0;0;0;0;0;0;0;0;0;0;0;1;0;0;0;0;0;0;1;0;0;0;0;0;0;0;0;0;0;0;0;0;0;0;0;0;0;0;0;1;0;1;0;0;0;1;0;1;0;0;2;1;0;1;0;0;1;1;0;1;0;0;1
1T9W;0;21;1,62;54;20;2;0;0;2;2;1;3;1;1;1;1;2;0;2;2;3;3R5P;1W6X;;;;0;0;0;0;0;0;0;0;0;0;0;0;0;0;0;0;0;1;1;0;0;0;0;0;0;0;0;1;0;0;0;0;0;0;0;0;0;0;0;0;0;0;0;0;0;0;0;0;0;0;0;0;0;1;0;0;0;0;1;0;0;0;0;0;0;0;0;0;0;0;0;0;0;0;0;0;0;0;0;1;0;0;0;0;0;1;0;1;0;0;2;1;0;1;0;0;1;1;0;1;0;0;1
1U6R;1;23;1,83;65;20;2;1;1;2;4;1;2;1;1;1;0;0;1;2;0;2;8G6G;;;;;0;0;0;0;0;0;0;0;0;0;0;0;0;1;0;0;0;0;0;0;0;0;0;0;0;0;0;0;0;0;0;0;0;0;0;0;0;0;0;1;0;0;0;1;0;0;0;0;0;0;0;0;1;0;0;0;0;0;0;0;0;0;0;0;0;0;0;0;0;0;0;0;0;0;0;0;0;0;0;0;0;1;0;0;0;0;1;1;0;0;1;0;1;1;0;0;1;0;1;1;0;0;1
1U7O;1;20;1,74;57;20;2;0;0;1;2;1;10;1;0;0;1;2;1;3;2;3;2Z9A;2R9X;;;;0;0;0;0;0;0;0;0;0;0;0;0;0;0;0;0;0;0;0;0;0;0;0;0;0;0;0;0;0;0;1;0;0;0;0;0;0;0;0;0;0;0;0;0;0;0;1;1;0;0;0;0;0;0;0;0;0;0;1;0;0;0;0;0;0;0;0;0;0;0;0;0;0;0;1;0;0;0;0;1;0;0;0;0;1;0;0;0;0;1;2;0;0;0;0;1;1;0;0;0;0;1;1
1V0X;1;24;1,7;71;25;3;0;0;1;4;1;5;1;0;0;0;0;0;3;1;5;4P8C;5Q8S;5L7H;5W0Z;;0;0;0;0;0;0;0;0;0;0;0;0;0;0;0;0;0;0;0;0;0;0;0;0;0;0;0;1;0;0;0;0;0;0;0;0;0;0;0;0;1;0;0;1;0;0;0;0;0;0;0;0;0;0;0;0;0;1;1;0;0;0;0;0;0;0;0;0;0;0;0;0;0;0;0;0;0;0;0;2;0;0;0;0;0;1;0;0;0;0;2;1;0;0;0;0;1;1;0;0;0;0;1
1W3S;1;20;1,73;64;20;3;0;0;2;2;1;3;1;1;1;0;1;0;2;1;3;1B3G;7T4X;;;;0;0;0;0;0;0;0;0;0;0;0;0;0;0;0;0;0;0;0;0;0;0;0;0;0;0;0;1;0;0;0;0;0;0;0;0;0;0;1;0;0;0;0;1;0;0;0;0;0;0;0;0;0;0;0;0;0;0;0;0;0;0;0;0;0;0;0;1;1;0;0;0;0;0;0;0;0;0;0;0;0;0;0;0;1;0;0;1;1;0;2;0;0;1;1;0;1;0;0;1;1;0;1
1W6X;0;20;1,6;42;15;2;0;0;2;4;1;3;1;1;1;0;3;1;3;3;3;3R5P;1T9W;;;;0;0;0;0;0;0;0;0;0;0;0;0;0;0;0;0;0;1;1;0;0;0;0;0;0;0;0;1;0;0;0;0;0;0;0;0;0;0;0;0;0;0;0;0;0;0;0;0;0;0;0;0;0;1;0;0;0;0;0;0;0;0;0;0;0;0;0;0;0;0;0;0;0;0;0;0;0;0;0;0;0;0;0;0;0;1;0;1;0;0;2;1;0;1;0;0;1;1;0;1;0;0;1
1W7I;1;21;1,8;64;20;1;0;0;2;1;1;9;1;1;1;0;2;0;3;1;10;4A7O;0F1W;9B5K;1R9D;2R7A;0;0;1;0;0;0;0;0;0;0;0;0;1;0;0;0;0;0;0;0;0;0;0;0;0;0;0;1;0;0;0;0;0;0;0;0;0;0;1;0;0;0;0;1;0;0;0;0;0;0;0;0;0;0;0;0;0;0;0;0;0;0;0;0;0;1;0;0;0;0;0;0;0;0;0;0;0;0;0;0;0;1;1;0;1;0;0;1;0;0;2;0;0;1;0;0;1;0;0;1;0;0;1
1W8I;1;21;1,84;69;20;2;1;0;2;1;1;4;1;1;1;0;1;0;1;0;3;6L3J;6C9H;;;;0;0;0;0;1;0;0;0;0;0;0;0;0;0;0;0;0;1;0;1;0;0;0;0;0;0;0;0;0;0;0;0;0;0;0;0;0;0;0;0;0;0;0;0;0;0;0;0;0;1;0;0;0;0;1;0;0;0;0;0;0;0;0;0;0;0;0;0;0;0;0;0;0;0;0;0;0;0;0;1;0;0;0;1;1;0;0;1;0;0;1;0;0;1;0;0;1;0;0;1;0;0;1
1Y1C;1;19;1,6;65;25;0;0;0;2;1;1;2;0;1;1;0;0;0;3;0;2;0R7V;;;;;0;0;0;0;0;0;0;0;0;0;0;0;0;0;0;0;0;1;0;1;0;0;0;0;0;0;0;0;0;0;0;0;0;0;0;0;0;0;0;0;0;0;0;0;0;0;0;0;0;0;0;0;1;1;0;0;0;0;0;0;0;0;0;0;0;0;0;0;0;0;0;0;0;0;0;0;0;0;0;0;0;0;0;0;1;0;0;2;0;0;1;0;0;1;0;0;1;0;0;1;0;0;1
1Y7U;0;20;1,58;52;20;2;1;0;2;1;1;8;1;1;1;1;3;0;2;2;14;4O8C;2J2X;8Q9F;9X1Z;0H5L;0;0;0;1;0;0;0;0;0;0;0;0;1;0;0;0;0;0;0;0;0;0;0;0;0;0;0;0;0;0;0;0;0;0;0;0;0;0;1;0;0;0;0;1;0;0;0;0;0;0;0;0;0;0;0;0;0;0;0;0;0;0;0;0;0;0;0;0;1;0;0;0;0;0;0;0;0;0;0;0;0;1;1;0;1;0;0;1;0;0;1;0;0;1;0;0;1;0;0;1;0;0;1
1Y9T;1;21;1,79;85;25;2;0;0;2;2;1;5;1;1;1;0;1;2;2;0;3;6H4A;4K3B;;;;0;0;0;0;0;0;0;0;0;0;0;0;0;0;0;0;0;0;0;0;0;1;0;0;0;0;0;0;0;0;0;0;0;0;0;0;0;0;0;0;0;0;0;0;0;0;0;0;0;0;0;1;0;1;0;0;0;0;1;0;0;0;0;0;0;0;0;0;0;0;0;0;0;0;0;0;0;0;0;1;0;0;0;0;0;0;1;2;0;0;0;0;1;1;0;0;0;0;1;1;0;0;0
1Y9W;0;20;1,65;61;20;2;0;0;2;2;0;6;1;1;1;0;3;1;2;3;6;6V9Q;8N4I;0H8R;1C3K;4H1X;0;0;0;0;0;0;0;0;0;0;0;0;0;0;0;0;0;0;0;0;0;0;0;0;0;0;0;0;1;0;0;0;0;1;0;0;0;0;0;0;0;0;0;0;0;0;0;0;0;0;0;0;0;0;0;0;0;0;0;0;0;0;0;0;0;0;0;0;0;0;0;0;0;0;0;0;0;0;0;0;0;0;0;0;0;0;1;0;0;0;1;0;1;0;0;0;1;0;1;0;0;0;1
2A1P;0;18;1,64;55;20;2;0;0;2;0;1;8;1;1;1;1;1;0;2;0;8;0Z9C;1B2S;8H4M;4H1P;7K8M;0;0;0;0;0;0;0;0;0;0;0;0;0;0;0;0;0;1;0;1;0;0;0;0;0;0;0;0;0;0;0;0;0;0;0;0;0;0;0;0;0;0;0;0;0;0;0;0;0;1;0;0;0;1;1;0;0;0;0;0;0;0;0;0;0;0;0;0;0;0;0;0;0;0;0;0;0;0;0;1;0;0;0;0;1;0;0;2;0;0;1;0;0;1;0;0;1;0;0;1;0;0;1
2A2L;1;19;1,72;70;25;3;0;0;2;2;1;11;1;1;1;0;3;0;3;3;3;;;;;;0;0;0;0;0;0;0;0;0;0;0;0;0;0;0;0;0;1;0;1;0;0;0;0;0;0;0;1;0;0;0;0;0;0;0;0;0;0;0;0;0;0;0;0;0;0;0;0;0;1;0;0;0;0;0;0;0;0;0;0;0;0;0;0;0;0;0;0;0;0;0;0;0;0;0;0;0;0;0;0;0;0;0;0;1;0;0;1;0;0;2;0;0;1;0;0;1;0;0;1;0;0;1
2B6T;1;18;1,73;56;20;2;0;0;2;2;0;3;1;1;1;2;2;0;1;2;3;2Q6Z;6C9V;;;;0;0;0;0;0;0;0;0;0;0;0;0;0;0;0;0;0;0;0;0;0;0;0;0;0;0;0;0;0;0;1;0;0;0;0;1;0;0;0;0;0;0;0;0;0;0;0;0;0;0;0;0;0;0;0;0;0;0;0;0;0;0;0;1;0;0;1;0;0;0;0;0;0;0;0;0;0;0;0;1;0;0;0;0;1;0;0;0;1;0;1;0;0;0;1;0;1;0;0;0;1;0;1
2E1F;0;20;1,6;60;25;1;1;0;2;2;1;2;1;1;0;0;1;0;2;0;2;9I3E;;;;;0;0;0;1;0;0;0;0;0;0;0;0;0;0;0;0;0;0;0;0;0;1;0;0;0;0;0;0;0;0;0;0;0;0;0;0;0;0;0;0;0;0;0;0;0;0;0;0;0;1;0;0;0;0;0;0;1;0;0;0;0;0;0;0;0;0;0;0;0;0;0;0;0;0;0;0;0;0;0;0;0;1;0;0;0;0;1;1;0;1;0;0;1;1;0;1;0;0;1;1;0;1;0
2E8L;1;20;1,84;72;20;3;0;0;2;2;1;4;0;0;1;0;2;0;2;1;4;2H8Q;;;;;1;0;0;0;0;0;0;0;0;0;0;0;0;0;0;0;0;1;1;0;0;0;0;0;0;0;0;1;0;0;0;0;0;0;0;0;0;0;0;0;0;0;0;0;0;0;0;0;0;0;0;1;0;0;0;0;0;0;0;0;0;0;0;0;0;0;0;0;0;0;0;0;0;0;0;0;0;0;0;0;0;1;0;0;0;1;0;1;0;0;2;1;0;1;0;0;1;1;0;1;0;0;1
2E8R;0;19;1,67;64;20;2;0;0;2;4;1;2;0;1;1;0;2;0;1;1;2;7E5H;;;;;0;0;0;0;0;0;0;0;0;0;0;0;0;0;0;0;0;0;0;0;0;0;0;0;0;0;0;1;0;0;0;0;0;0;0;0;0;0;0;0;1;0;0;1;0;0;0;0;0;0;0;0;0;0;0;0;0;0;0;0;0;0;0;0;0;0;0;0;1;0;0;0;0;1;0;0;0;0;0;0;1;0;0;0;0;1;0;1;0;0;2;1;0;1;0;0;1;1;0;1;0;0;1
2G0T;0;19;1,73;60;20;2;0;0;1;4;1;7;0;0;0;0;2;1;2;1;7;1N9S;3W3R;0S7C;7F5N;1J4B;0;0;0;0;0;0;0;0;0;0;0;0;0;0;0;0;0;1;1;0;0;0;0;0;0;0;0;0;0;0;0;0;0;0;0;0;0;0;0;0;0;0;0;0;0;0;0;0;0;1;0;0;0;1;0;0;0;0;0;0;0;0;0;0;0;0;0;0;0;0;0;0;0;0;0;0;0;0;0;0;0;0;0;0;0;1;0;2;0;0;1;1;0;1;0;0;1;1;0;1;0;0;1
2G2S;0;19;1,62;60;20;1;0;0;1;1;1;11;1;1;1;0;1;0;2;2;3;;;;;;0;0;0;0;0;0;0;0;0;0;0;0;0;0;0;0;0;1;1;0;0;0;0;0;0;0;0;1;0;0;0;0;0;0;0;0;0;0;0;0;0;0;0;0;0;0;0;0;0;0;0;0;1;0;0;0;0;0;0;0;0;0;0;0;0;0;0;0;0;0;0;0;0;0;0;0;0;0;0;0;0;0;0;0;0;1;0;1;0;0;2;1;0;1;0;0;1;1;0;1;0;0;1
2G3P;1;20;1,69;65;20;0;0;0;2;3;1;2;1;1;1;1;2;0;2;1;2;8O4J;;;;;0;0;0;0;0;0;0;0;0;0;0;0;0;0;0;0;0;1;0;1;0;0;0;0;0;0;0;0;0;0;0;0;0;0;0;0;0;0;0;0;0;0;0;0;0;0;0;0;0;0;0;0;0;1;0;0;0;0;0;0;0;0;0;0;0;0;0;0;0;0;0;0;0;0;0;0;0;0;0;0;0;0;0;0;1;0;0;1;0;0;1;0;0;1;0;0;1;0;0;1;0;0;1
2H3W;1;25;1,73;65;20;2;1;0;2;2;0;4;0;0;0;0;3;0;3;3;3;;;;;;0;0;0;0;0;0;0;0;0;0;0;0;0;0;0;0;0;0;0;0;0;0;0;0;0;0;0;0;0;0;0;1;0;0;0;0;0;0;0;0;0;0;0;0;0;0;0;0;0;0;0;0;0;0;0;0;0;0;0;0;0;0;0;0;0;0;0;0;0;0;0;0;0;0;0;0;0;0;0;0;0;0;0;0;0;0;1;0;0;0;0;0;1;0;0;0;0;0;1;0;0;0;0
2H8Q;1;20;1,75;75;25;3;0;0;2;2;1;4;0;0;1;0;1;1;3;0;4;2E8L;;;;;0;1;0;0;0;0;0;0;0;0;0;0;0;0;0;0;0;1;0;1;0;0;0;0;0;0;0;1;0;0;0;0;0;0;0;0;0;0;0;0;0;0;0;0;0;0;0;0;0;0;0;0;0;1;0;0;0;0;1;0;0;0;0;0;0;0;0;0;0;0;0;0;0;0;0;0;0;0;0;1;0;1;0;0;1;0;0;1;0;0;2;0;0;1;0;0;1;0;0;1;0;0;1
2I9R;1;19;1,75;55;15;2;0;0;2;2;1;4;1;1;1;2;2;1;2;2;4;2A4L;8W7P;8V5M;;;0;0;0;0;0;0;0;0;0;0;0;0;0;0;0;0;0;0;0;0;1;0;0;0;0;0;0;0;1;0;0;0;0;0;0;0;0;0;0;0;0;0;0;0;0;0;0;0;0;0;0;0;0;0;0;0;0;0;0;0;0;0;0;0;0;0;0;0;0;0;0;0;0;0;0;0;0;0;0;0;0;0;0;0;1;0;0;0;0;0;1;0;0;0;0;0;1;0;0;0;0;0;1
2J2X;0;20;1,53;50;20;2;0;0;1;2;1;6;1;1;1;1;3;0;3;2;14;4O8C;1Y7U;8Q9F;9X1Z;0H5L;0;0;0;1;0;0;0;0;0;0;0;0;0;0;0;0;0;0;0;0;0;0;0;0;0;0;0;0;0;0;0;0;0;0;0;0;0;0;1;0;1;0;0;1;0;0;0;0;0;0;0;0;0;0;0;0;0;0;0;0;0;0;0;0;0;0;0;1;0;0;0;0;0;0;0;0;0;0;0;0;0;1;0;0;1;1;0;0;1;0;1;1;0;0;1;0;1;1;0;0;1;0;1
2J2Y;1;21;1,8;75;25;1;1;1;2;1;1;1;1;1;1;0;2;0;1;0;2;7I1E;;;;;0;0;0;0;0;0;0;0;0;0;0;0;0;0;0;0;0;0;0;0;0;0;0;0;0;0;0;0;0;0;1;0;0;0;0;0;0;0;0;0;0;0;0;0;0;0;1;1;0;0;0;0;0;0;0;0;0;1;0;0;0;0;0;0;0;0;0;0;0;0;0;0;0;0;0;0;0;0;1;1;1;0;0;0;1;0;0;0;0;0;2;0;0;0;0;0;1;0;0;0;0;0;1
2K9I;1;22;1,85;75;20;1;0;0;2;2;1;6;1;1;1;0;2;0;2;1;5;6T3Q;1J6P;8K6W;9W3O;;0;0;0;0;0;0;0;0;0;0;0;0;0;0;0;0;0;0;0;0;0;0;0;0;0;0;0;1;0;0;0;0;0;0;0;0;0;1;0;0;0;0;0;1;0;0;0;0;0;0;0;0;0;0;0;0;0;0;0;0;0;0;0;0;0;0;0;0;0;1;0;0;1;0;0;0;0;0;0;0;1;0;0;0;1;0;0;0;1;0;2;0;0;0;1;0;1;0;0;0;1;0;1
2L2Z;0;19;1,59;51;20;2;1;1;2;4;0;6;1;0;0;0;2;0;2;3;6;8W4Q;6U3B;4A1V;8B8H;0R4X;1;0;0;0;0;0;0;0;0;0;0;0;0;0;0;0;0;0;0;0;0;0;0;0;0;0;0;0;0;0;0;0;1;0;0;1;1;0;0;0;0;0;0;0;0;0;0;0;0;0;0;0;0;0;0;0;0;0;1;0;0;0;0;0;0;0;0;0;0;0;0;0;0;0;0;0;0;0;0;1;0;1;0;0;0;1;0;0;0;0;2;1;0;0;0;0;1;1;0;0;0;0;1
2M7S;1;18;1,7;58;20;2;0;0;2;2;1;3;1;1;1;0;2;0;2;1;3;8U4I;7D4K;;;;0;0;0;0;0;0;0;0;0;0;0;0;0;0;0;0;0;1;1;0;0;0;0;0;0;0;0;0;0;0;0;0;0;0;0;0;0;0;0;0;0;0;0;0;0;0;0;0;0;1;0;0;0;0;1;0;0;0;0;0;0;0;0;0;0;0;0;0;0;0;0;0;0;0;0;0;0;0;0;1;0;0;0;0;0;1;0;1;0;0;1;1;0;1;0;0;1;1;0;1;0;0;1
2N5P;1;18;1,89;77;20;1;0;0;1;2;1;3;1;1;1;0;3;0;2;0;2;7H7Y;;;;;0;0;0;0;0;0;0;0;0;0;0;0;0;0;0;0;0;0;0;0;0;0;0;0;0;0;0;1;0;0;0;0;0;0;0;0;0;0;1;0;0;0;0;0;0;0;0;0;0;0;0;0;0;0;0;0;0;0;0;0;0;0;0;0;0;0;0;0;1;1;0;0;0;0;0;0;0;0;0;0;0;0;0;0;1;0;0;1;1;0;1;0;0;1;1;0;1;0;0;1;1;0;1
2Q6Z;1;18;1,7;58;20;2;0;0;2;2;0;3;1;1;1;2;2;2;3;0;3;2B6T;6C9V;;;;0;0;0;0;0;0;0;0;0;0;0;0;0;0;0;0;0;0;0;1;0;0;0;0;0;0;0;0;0;0;0;0;0;0;0;1;1;0;0;0;0;0;0;0;0;0;0;0;0;0;0;0;0;0;0;0;0;0;0;0;0;0;0;1;0;0;1;0;0;0;0;0;0;0;0;0;0;0;0;1;0;0;0;0;1;0;0;0;1;0;2;0;0;0;1;0;1;0;0;0;1;0;1
2Q8X;0;29;1,76;69;20;0;0;0;2;2;1;3;1;0;0;0;2;0;0;2;6;1C5X;4C3L;7B2H;8S7L;6O7D;0;0;0;0;0;0;0;0;0;0;0;0;0;0;0;0;0;0;0;0;0;0;0;0;0;0;0;0;1;0;0;0;0;0;0;0;0;0;0;0;0;1;0;0;0;0;0;0;0;0;0;0;0;0;0;0;0;1;0;0;1;0;0;0;0;0;0;0;0;1;0;0;0;0;0;0;1;0;0;2;0;0;0;0;1;0;0;0;1;0;1;0;0;0;1;0;1;0;0;0;1;0;1
2R7A;1;23;1,83;79,9;25;1;0;0;1;0;1;10;1;1;1;1;1;0;2;3;10;4A7O;9B5K;1R9D;0F1W;3O6U;0;0;1;0;0;0;0;0;0;0;0;0;0;0;0;0;0;0;0;0;0;0;0;0;0;0;0;1;0;0;0;0;0;0;0;0;0;0;0;1;0;0;0;1;0;0;0;0;0;0;0;0;0;0;0;0;0;0;0;0;0;0;0;0;0;0;0;0;1;0;0;0;0;0;0;0;0;0;0;0;0;1;0;0;0;0;1;1;0;0;2;0;1;1;0;0;1;0;1;1;0;0;1
2R9X;1;20;1,87;75;20;2;0;1;1;2;1;4;0;0;0;0;2;0;2;1;3;2Z9A;1U7O;;;;1;0;0;0;0;0;0;0;0;0;0;0;0;0;0;0;0;0;0;0;0;0;0;0;0;0;0;0;0;0;0;0;0;0;0;0;0;0;0;0;0;0;0;0;1;0;1;0;0;0;0;0;0;0;1;0;0;0;0;0;0;0;0;0;0;0;0;0;0;0;0;0;0;0;0;0;0;0;1;1;1;1;0;0;0;0;1;0;0;0;1;0;1;0;0;0;1;0;1;0;0;0;1
2U2X;1;20;1,7;72;25;0;0;0;2;2;0;1;1;1;0;2;0;0;2;1;2;7E4C;;;;;0;0;0;0;0;0;0;0;0;0;0;0;1;0;0;0;0;0;0;0;0;0;0;0;0;0;0;0;0;0;1;0;0;0;0;0;0;0;0;0;0;0;0;0;0;0;0;0;0;0;0;0;0;0;0;0;0;0;0;0;0;0;0;0;0;0;0;0;0;0;0;0;0;0;1;0;0;0;0;0;0;0;1;0;1;0;0;0;0;1;0;0;0;0;0;1;0;0;0;0;0;1;0
2U4F;1;20;1,7;65;20;1;0;0;2;0;1;6;1;1;1;0;3;0;3;0;5;0S0Q;0A4U;0R4C;6O4Y;;0;1;0;0;0;0;0;0;0;0;0;0;0;0;0;0;0;1;0;1;0;0;0;0;0;0;0;1;0;0;0;0;0;0;0;0;0;0;0;0;0;0;0;0;0;0;0;0;0;0;0;0;0;1;0;0;0;1;0;0;0;0;0;0;0;0;0;0;0;0;0;0;0;0;0;0;0;0;0;1;0;1;0;0;1;0;0;1;0;0;2;0;0;1;0;0;1;0;0;1;0;0;1
2U8V;1;21;1,84;80;25;3;0;0;2;2;0;2;1;1;1;0;2;0;1;2;3;;;;;;0;1;0;0;0;0;0;0;0;0;0;0;0;0;0;0;0;0;0;0;0;0;0;0;0;0;0;0;0;0;1;0;0;0;0;1;1;0;0;0;0;0;0;0;0;0;0;0;0;0;0;0;0;0;0;0;0;0;0;0;0;0;0;1;0;0;1;0;0;0;0;0;0;0;0;0;0;0;0;1;0;1;0;0;1;0;0;0;1;0;2;0;0;0;1;0;1;0;0;0;1;0;1
2U9G;1;21;1,75;75;25;2;0;0;2;4;1;2;0;0;0;1;1;1;3;0;2;9Y7K;;;;;0;0;0;1;0;0;0;0;0;0;0;0;0;0;0;0;0;0;0;0;0;0;0;0;0;0;0;0;0;0;0;0;0;0;0;0;0;0;0;1;0;0;0;1;0;0;0;0;0;0;0;0;0;0;0;0;0;0;0;0;0;0;0;0;0;0;0;0;1;0;0;0;0;0;0;0;0;0;0;0;0;1;0;0;0;0;1;1;0;0;1;0;1;1;0;0;1;0;1;1;0;0;1
2W1Q;0;23;1,63;62;0;1;1;1;2;4;0;1;0;0;1;1;2;1;2;3;1;;;;;;0;0;0;0;0;0;0;0;0;0;0;0;0;0;0;0;0;0;0;0;0;0;0;0;0;0;0;1;0;0;0;0;0;0;0;0;0;0;0;0;1;0;0;1;0;0;0;0;0;0;0;0;0;0;0;0;0;1;1;0;0;0;0;0;0;0;0;0;0;0;0;1;0;0;0;0;0;0;0;3;0;0;0;0;0;1;0;0;0;0;2;1;0;0;0;0;1;1;0;0;0;0;1
2W6P;1;22;1,96;73;20;2;0;0;2;2;1;2;1;1;1;0;2;0;2;1;2;2F8S;;;;;0;0;0;0;0;0;1;0;0;0;0;0;0;0;0;0;0;0;0;0;0;0;0;0;0;0;0;1;0;0;0;0;0;0;0;0;0;0;1;0;0;0;0;1;0;0;0;0;0;0;0;0;0;0;0;0;0;0;0;0;0;0;0;0;0;0;0;0;0;1;0;0;0;0;0;0;0;0;0;0;0;1;0;0;1;0;0;0;1;0;2;0;0;0;1;0;1;0;0;0;1;0;1
2W9X;1;22;1,86;85;25;3;0;0;1;2;1;2;0;0;0;0;2;0;3;1;2;6W8Z;;;;;1;0;0;0;0;0;1;0;0;0;0;0;0;0;0;0;0;1;0;1;0;0;0;0;0;0;0;1;0;0;0;0;0;0;0;0;0;0;0;0;0;0;0;0;0;0;0;0;0;0;0;0;0;1;0;0;0;0;0;0;0;0;0;0;0;0;0;0;0;0;0;0;0;0;0;0;0;0;0;0;0;2;0;0;1;0;0;1;0;0;2;0;0;1;0;0;1;0;0;1;0;0;1
2Y1K;1;18;1,82;70;20;2;0;0;2;2;0;6;1;1;1;2;3;0;3;0;6;6K3Y;3O6S;7M6P;8T4H;7A7P;0;0;0;0;0;0;0;0;0;0;0;0;0;0;0;0;0;0;0;0;0;0;0;0;0;0;0;0;0;0;1;0;0;0;0;1;1;0;0;0;0;0;0;0;0;0;0;0;0;0;0;0;0;0;0;0;0;0;0;0;0;0;0;1;0;0;1;0;0;0;0;0;0;0;0;0;0;0;0;1;0;0;0;0;1;0;0;0;1;0;2;0;0;0;1;0;1;0;0;0;1;0;1
2Y1M;1;20;1,71;67;20;3;1;0;2;4;1;3;1;1;1;1;2;0;2;2;3;0Q5P;9A9I;;;;0;0;0;0;0;0;0;0;0;0;0;0;0;1;0;0;0;0;0;0;0;0;0;0;0;0;0;0;0;0;0;0;0;0;0;0;0;0;0;0;0;0;0;0;0;1;1;0;0;0;0;0;1;0;0;0;0;0;0;0;0;0;0;1;0;0;0;0;0;0;0;0;0;0;0;0;0;0;0;1;0;1;0;0;0;1;0;1;0;0;1;1;0;1;0;0;1;1;0;1;0;0;1
2Y1W;1;18;1,83;72;20;2;0;0;2;4;1;11;1;1;1;0;0;0;1;2;8;4H1P;7K8M;2A1P;1B2S;8H4M;0;0;0;0;1;0;0;0;0;0;0;0;0;0;0;0;0;1;1;0;0;0;0;0;0;0;0;1;0;0;0;0;0;0;0;0;0;0;0;0;0;0;0;0;0;0;0;0;0;0;0;0;0;0;0;1;1;0;0;0;0;0;0;0;0;0;0;0;0;0;0;0;0;0;0;0;0;0;0;0;0;0;0;1;0;1;0;0;0;1;2;1;0;0;0;1;1;1;0;0;0;1;1
2Y2Q;1;18;1,87;84;25;2;0;0;1;2;0;1;0;0;0;0;2;0;2;1;3;;;;;;0;0;0;0;0;0;0;0;0;0;0;0;0;0;0;0;0;0;0;0;0;0;0;0;0;0;0;0;0;0;1;0;0;0;0;1;1;0;0;0;0;0;0;0;0;0;0;0;0;0;0;0;0;0;0;0;0;0;1;0;0;0;0;1;0;0;0;0;0;0;0;0;0;0;0;0;0;0;0;2;0;0;0;0;1;0;0;0;0;0;2;0;0;0;0;0;1;0;0;0;0;0;1
2Y5X;1;24;1,9;100;25;2;0;0;2;1;0;4;0;0;0;1;3;0;3;1;3;;;;;;0;0;0;0;0;0;0;0;0;0;0;0;0;0;0;0;0;0;0;0;0;0;0;0;0;0;0;0;0;0;0;0;0;0;1;0;0;0;0;0;0;0;0;0;0;0;0;0;0;0;0;0;0;0;0;0;0;1;0;0;0;0;0;0;0;0;0;0;0;0;0;0;0;0;0;0;0;0;0;1;0;0;0;0;1;0;0;0;0;0;0;0;0;0;0;0;0;0;0;0;0;0;0
2Z9A;1;19;1,82;70;20;3;0;0;1;2;1;10;1;1;1;1;2;0;3;0;3;2R9X;1U7O;;;;0;0;0;0;0;0;0;0;0;0;0;1;0;0;0;0;0;0;0;0;0;0;0;0;0;0;0;0;0;0;1;0;0;0;0;0;0;0;0;0;0;0;0;0;0;0;1;1;0;0;0;0;0;0;0;0;0;0;0;1;0;0;0;0;0;0;0;0;0;0;0;0;0;0;0;0;0;0;0;1;0;0;0;1;1;0;0;0;0;0;2;0;0;0;0;0;1;0;0;0;0;0;1
2Z9H;0;19;1,63;60;20;1;0;0;2;1;1;2;1;1;1;1;2;1;2;1;4;8N8Q;9G6O;4W2W;;;0;0;0;0;0;0;0;0;0;0;0;0;1;0;0;0;0;0;0;0;0;0;0;0;0;0;0;0;0;0;0;0;0;0;0;0;0;0;1;0;0;0;0;1;0;0;0;0;0;0;0;0;0;0;0;0;0;0;1;0;0;0;0;0;0;0;0;0;0;0;0;0;0;0;0;0;0;0;0;1;0;0;1;0;1;0;0;0;0;0;1;0;0;0;0;0;1;0;0;0;0;0;1
3C4H;0;21;1,6;48;20;2;0;0;1;4;1;5;1;1;1;0;0;0;2;3;3;;;;;;0;0;0;0;0;0;0;0;0;0;0;0;0;0;1;0;0;0;0;0;0;0;0;0;0;0;0;0;0;0;0;0;0;0;0;0;0;0;1;0;0;0;0;1;0;0;0;0;0;0;0;0;0;0;0;0;0;0;0;0;0;0;0;0;0;0;0;1;0;0;0;0;0;0;0;0;0;0;0;0;0;0;0;1;1;0;0;0;1;0;1;0;0;0;1;0;1;0;0;0;1;0;1
3E1Q;1;22;1,81;74;20;2;0;0;0;1;1;2;1;1;1;0;2;0;2;0;2;5L0V;;;;;0;0;0;0;0;0;0;0;0;0;0;0;1;0;0;0;0;0;0;0;0;0;0;0;0;0;0;1;0;0;0;0;0;0;0;0;0;0;0;0;1;0;0;1;0;0;0;0;0;0;0;0;0;0;0;0;0;0;0;0;0;0;0;0;0;0;0;0;1;0;0;0;0;0;0;0;0;0;0;0;0;0;1;0;0;1;0;1;0;0;2;1;0;1;0;0;1;1;0;1;0;0;1
3E3Y;1;22;1,8;70;20;2;0;0;2;4;1;4;1;1;1;3;2;0;3;0;3;;;;;;0;0;0;0;0;0;0;0;0;0;0;0;0;0;0;0;0;0;0;0;1;0;0;0;0;0;0;0;1;0;0;0;0;0;0;0;0;0;0;0;0;0;0;0;0;0;0;0;0;0;0;0;0;0;0;0;0;0;0;0;0;0;0;0;0;0;0;0;0;0;0;0;0;0;0;0;0;0;0;0;0;0;0;0;1;0;0;0;0;0;1;0;0;0;0;0;1;0;0;0;0;0;1
3F4Z;1;20;1,82;69;20;1;0;0;2;2;1;4;1;1;1;0;3;0;1;0;5;0I7G;4C0V;;;;0;0;0;0;0;0;0;0;0;0;0;0;0;0;1;0;0;0;0;0;0;0;0;0;0;0;0;0;0;0;0;0;0;0;0;0;0;0;0;0;0;0;0;0;1;0;1;0;0;0;0;0;1;0;0;0;0;0;0;0;0;0;0;0;0;0;0;0;0;0;0;0;0;0;0;0;0;0;0;0;0;0;0;1;0;0;1;1;0;0;1;0;1;1;0;0;1;0;1;1;0;0;1
3G0E;0;20;1,68;59;20;0;0;0;1;1;0;1;0;0;0;0;2;0;2;2;3;;;;;;0;1;0;0;0;0;0;0;0;0;0;0;0;0;0;0;0;1;1;0;0;0;0;0;0;0;0;1;0;0;0;0;0;0;0;0;0;0;0;0;0;0;0;0;0;0;0;0;0;0;1;0;0;0;0;0;0;0;0;0;0;0;0;0;0;0;0;0;0;0;0;0;0;0;0;0;0;0;0;0;0;1;0;0;0;1;0;0;1;0;2;1;0;0;1;0;1;1;0;0;1;0;1
3H8D;0;22;1,7;73;25;0;1;0;2;4;0;9;1;1;1;0;3;0;3;1;5;9J2Z;5L2C;1G3P;1O2H;;0;1;0;0;0;0;0;0;0;0;0;0;0;0;0;0;0;0;0;1;0;0;0;0;0;0;0;0;0;0;0;0;0;0;0;1;1;0;0;0;0;0;0;0;0;0;0;0;0;0;0;0;0;0;0;0;0;0;0;0;0;0;1;0;0;0;0;0;0;0;0;0;0;0;0;0;0;0;0;0;0;1;0;0;1;0;0;0;0;1;2;0;0;0;0;1;1;0;0;0;0;1;1
3K7S;0;27;1,53;58;25;0;0;0;2;1;1;2;0;0;0;0;0;0;1;1;2;4E4W;;;;;0;0;0;0;0;0;1;0;0;0;0;0;0;0;0;0;0;0;0;0;1;0;0;0;0;0;0;0;1;0;0;0;0;0;0;0;0;0;0;0;0;0;0;0;0;0;0;0;0;1;0;0;0;0;1;0;0;0;0;0;0;0;0;0;0;0;0;0;0;0;0;0;0;0;0;0;0;0;0;1;0;1;0;0;1;0;0;1;0;0;1;0;0;1;0;0;1;0;0;1;0;0;1
3K9G;1;21;1,85;73;20;3;0;0;2;1;1;7;1;0;0;0;3;0;3;1;7;5F9Z;6C3U;3Y2G;6G4G;4D2Y;0;0;0;0;0;0;0;0;0;0;0;0;0;0;0;0;0;0;0;0;0;0;0;0;0;0;0;1;0;0;0;0;0;0;0;0;0;0;0;0;1;0;0;1;0;0;0;0;0;0;0;0;0;0;0;0;0;0;0;0;0;0;0;0;0;0;0;0;1;1;0;0;0;0;0;0;0;0;0;0;0;0;0;0;0;1;0;1;1;0;2;1;0;1;1;0;1;1;0;1;1;0;1
3L2B;0;22;1,68;58;20;2;0;0;2;2;1;2;1;1;1;1;2;0;2;1;2;1I1F;;;;;0;0;0;0;0;0;0;0;0;0;0;0;0;0;0;0;0;0;0;0;1;0;0;0;0;0;0;0;1;0;0;0;0;0;0;0;0;0;0;0;0;0;0;0;0;0;0;0;0;0;0;0;0;0;0;0;0;0;0;0;0;0;0;0;0;0;0;0;0;0;0;0;0;0;0;0;0;0;0;0;0;0;0;0;1;0;0;0;0;0;1;0;0;0;0;0;1;0;0;0;0;0;1
3L6Q;1;23;1,76;60;20;3;1;0;2;2;1;3;1;1;1;1;3;0;2;1;3;5R0T;1J5T;;;;0;0;0;0;0;1;0;0;0;0;0;0;0;0;0;0;0;1;1;0;0;0;0;0;0;0;0;1;0;0;0;0;0;0;0;0;0;0;0;0;0;0;0;0;0;0;0;0;0;0;0;0;0;0;1;0;0;0;0;0;0;0;0;0;0;0;0;0;0;0;0;0;0;0;0;0;0;0;0;1;0;0;1;0;0;1;0;0;0;0;2;1;0;0;0;0;1;1;0;0;0;0;1
3M5G;1;19;1,8;60;20;0;1;1;2;1;1;8;0;0;0;0;0;0;3;0;8;0G2I;7U3T;2F2B;0D4Y;7N7F;0;0;0;0;1;0;0;0;0;0;0;0;0;0;0;0;0;0;0;0;0;1;0;0;0;0;0;0;0;0;0;0;0;0;0;0;0;0;0;0;0;0;0;0;0;0;0;0;0;1;0;0;0;0;0;0;0;0;1;0;0;0;0;0;0;0;0;0;0;0;0;0;0;0;0;0;0;0;0;1;0;0;0;1;0;0;1;1;0;0;0;0;1;1;0;0;0;0;1;1;0;0;0
3M6S;0;19;1,64;53;20;2;0;0;1;2;1;15;1;1;1;3;1;0;3;0;6;5A0R;0O9T;0X7C;3R3M;2M6T;0;0;0;0;0;0;0;0;0;0;0;0;0;0;0;0;0;0;0;0;0;0;0;0;0;0;0;0;0;0;0;0;0;0;0;0;0;0;0;0;0;0;0;0;0;1;0;1;0;0;0;0;0;0;0;0;0;0;0;0;0;0;0;0;0;0;0;0;0;0;0;0;0;0;0;0;0;1;0;0;1;0;0;0;0;1;0;0;0;0;1;1;0;0;0;0;1;1;0;0;0;0;1
3O2U;1;22;1,78;60;20;2;0;0;2;4;1;2;1;1;1;2;3;0;2;2;2;3V4C;;;;;0;0;0;0;0;0;0;0;0;0;0;0;0;0;0;0;0;0;0;0;1;0;0;0;0;0;0;0;1;0;0;0;0;0;0;0;0;0;0;0;0;0;0;0;0;0;0;0;0;0;0;0;0;0;0;0;0;0;0;0;0;0;0;0;0;0;0;0;0;0;0;0;0;0;0;0;0;0;0;0;0;0;0;0;1;0;0;0;0;0;1;0;0;0;0;0;1;0;0;0;0;0;1
3O6S;1;19;1,7;100;35;0;0;0;2;0;0;6;1;1;1;0;2;0;2;1;6;2Y1K;6K3Y;7A7P;7M6P;8T4H;0;0;0;0;0;0;0;0;0;0;0;0;0;0;0;0;0;0;0;0;0;0;0;0;0;0;0;0;0;0;1;0;0;0;0;1;0;0;0;0;0;0;0;0;0;0;0;0;0;0;0;0;0;0;0;0;0;0;0;0;0;0;0;1;0;0;1;0;0;0;0;0;0;0;0;0;0;0;0;1;0;0;0;0;1;0;0;0;1;0;1;0;0;0;1;0;1;0;0;0;1;0;1
3O6U;0;21;1,75;70;20;2;0;0;1;0;1;10;1;1;1;0;2;0;2;1;10;4A7O;0F1W;9B5K;1R9D;2R7A;0;0;0;0;0;0;0;0;0;0;0;0;0;0;0;0;0;0;0;0;0;0;0;0;0;0;0;0;0;0;0;0;0;0;0;0;0;0;1;0;0;0;0;1;0;0;0;0;0;0;0;0;0;0;0;0;0;0;0;0;0;0;0;0;0;0;0;0;1;1;0;0;0;0;0;0;0;0;0;0;0;0;0;0;1;0;0;1;1;0;1;0;0;1;1;0;1;0;0;1;1;0;1
3Q2Q;0;21;1,7;56;20;2;1;0;2;4;1;1;0;0;0;0;3;0;2;1;2;8E0Y;;;;;0;0;1;0;0;0;0;0;0;0;0;0;0;0;0;0;0;0;0;0;0;0;0;0;0;0;0;0;0;0;0;0;0;0;0;0;0;0;0;0;0;0;0;0;0;1;1;1;0;0;0;0;0;0;1;0;0;0;0;0;0;0;0;0;0;0;0;0;0;0;0;0;0;0;0;0;0;0;0;1;0;1;0;0;0;1;0;0;0;0;2;1;0;0;0;0;1;1;0;0;0;0;1
3Q5T;1;29;1,7;56;20;2;0;0;2;0;1;4;0;0;0;0;2;0;2;0;4;8D7X;8S7P;3U9V;;;0;0;0;0;0;0;0;0;0;0;0;0;1;0;0;0;0;0;0;0;0;0;0;0;0;0;0;1;0;0;0;0;0;0;0;0;0;1;0;0;0;0;0;1;0;0;0;0;0;0;0;0;0;0;0;0;0;0;0;0;0;0;0;0;0;0;0;0;0;1;0;0;0;0;0;0;0;0;0;0;0;0;1;0;1;0;0;0;1;0;2;0;0;0;1;0;1;0;0;0;1;0;1
3Q7Q;1;20;1,76;69;20;3;1;0;2;2;1;3;1;1;1;0;1;0;2;2;3;5C0L;1K9O;;;;0;0;0;0;0;0;0;0;0;0;0;1;0;0;0;0;0;0;0;0;0;0;0;0;0;0;0;0;0;0;0;0;0;0;0;0;0;0;0;0;0;0;0;0;0;1;1;1;0;0;0;0;0;0;1;0;0;0;0;0;0;0;0;0;0;0;0;0;0;0;0;0;0;0;0;0;0;0;0;1;0;0;0;1;0;1;0;0;0;0;2;1;0;0;0;0;1;1;0;0;0;0;1
3R3M;1;21;1,8;72;20;1;0;0;1;1;1;12;1;1;1;3;3;0;0;3;6;0X7C;2M6T;0O9T;5A0R;3M6S;0;0;0;0;0;0;0;0;0;0;0;0;0;0;0;0;0;0;0;0;0;0;0;0;0;0;0;0;0;0;0;0;0;0;0;0;0;0;0;0;0;0;0;0;0;1;1;1;0;0;0;0;0;0;1;0;0;0;0;0;0;0;0;0;0;0;0;0;0;0;0;0;0;0;0;0;0;0;0;1;0;0;0;0;0;1;0;0;0;0;2;1;0;0;0;0;1;1;0;0;0;0;1
3R5P;0;21;1,63;42;15;2;0;0;2;4;1;2;0;0;0;0;3;0;3;1;3;1W6X;1T9W;;;;0;0;0;0;0;0;0;0;0;1;0;0;0;0;0;0;0;1;0;1;0;0;0;0;0;0;0;1;0;0;0;0;0;0;0;0;0;0;0;0;0;0;0;0;0;0;0;0;0;0;0;0;0;1;0;0;0;0;0;0;0;0;0;0;0;0;0;0;0;0;0;0;0;0;0;0;0;0;0;0;0;1;0;0;1;0;0;1;0;0;2;0;0;1;0;0;1;0;0;1;0;0;1
3R8M;1;20;1,7;70;25;3;0;0;2;0;1;4;0;1;1;0;3;0;3;1;3;;;;;;0;0;0;0;0;1;0;0;0;0;0;0;0;0;0;0;0;0;0;0;0;0;0;0;0;0;0;1;0;0;0;0;0;0;0;0;0;0;0;1;0;0;0;0;0;0;0;0;0;0;0;0;0;0;0;0;0;0;0;0;0;0;0;0;0;0;0;0;0;0;0;0;1;0;0;0;0;0;0;0;1;0;1;0;0;0;1;0;0;0;1;0;1;0;0;0;1;0;1;0;0;0;1
3S3F;1;22;1,72;75;25;1;1;0;2;2;1;3;1;1;1;1;1;0;2;1;3;0X6C;4G9N;;;;0;0;0;0;0;0;0;0;0;0;0;0;1;0;0;0;0;0;0;0;0;0;0;0;0;0;0;1;0;0;0;0;0;0;0;0;0;0;0;0;1;0;0;1;0;0;0;0;0;0;0;0;0;0;0;0;0;0;0;0;0;0;1;0;0;0;0;0;0;1;0;0;0;0;0;0;0;0;0;0;0;0;1;0;0;1;0;0;1;1;2;1;0;0;1;1;1;1;0;0;1;1;1
3S5G;0;21;1,63;55;20;1;0;0;2;1;1;10;1;1;1;1;3;0;3;0;14;4O8C;1Y7U;2J2X;8Q9F;9X1Z;0;0;0;0;0;0;0;0;0;0;0;1;0;0;0;0;0;0;0;0;0;0;0;0;0;0;0;0;0;0;0;0;0;0;0;0;0;0;1;0;0;0;0;1;0;0;0;0;0;0;0;0;0;0;0;0;0;0;0;0;0;0;0;0;0;0;0;0;0;1;0;0;0;0;0;0;0;0;0;0;0;0;0;1;1;0;0;0;1;0;1;0;0;0;1;0;1;0;0;0;1;0;1
3T0E;0;18;1,73;53;15;1;0;0;2;1;1;5;0;0;0;0;2;0;3;2;5;5D1Z;5J3M;8G7E;8G8P;;0;0;0;0;0;0;0;0;0;0;0;0;0;0;0;0;0;1;0;1;0;0;0;0;0;0;0;1;0;0;0;0;0;0;0;0;0;0;0;0;0;0;0;0;0;0;0;0;0;1;0;0;0;0;0;0;0;0;1;0;0;0;0;0;0;0;0;0;0;0;0;0;0;0;0;0;0;0;0;1;0;0;0;0;1;0;0;1;0;0;2;0;0;1;0;0;1;0;0;1;0;0;1
3T0P;0;22;1,67;66;25;1;1;1;2;2;1;8;0;0;0;1;1;1;2;1;7;9A0P;0A8B;8I1P;4M3X;9F9T;0;0;0;0;0;0;0;0;0;0;0;0;0;0;0;0;0;0;0;0;0;0;0;0;0;0;0;0;0;0;0;0;0;0;0;0;0;0;0;0;0;0;0;0;1;0;1;0;0;0;0;0;0;0;0;0;0;0;1;0;0;0;0;0;0;0;0;0;0;0;0;0;0;0;0;0;0;0;0;1;0;0;0;0;0;0;1;0;0;0;1;0;1;0;0;0;1;0;1;0;0;0;1
3U7V;1;20;1,76;60;20;1;0;0;2;2;1;5;1;1;1;1;1;0;2;0;4;7A0X;0U8E;5Z4K;;;0;0;0;0;0;0;0;0;0;0;0;0;1;0;0;0;0;0;0;0;0;0;0;0;0;0;0;1;0;0;0;0;0;0;0;0;0;0;1;0;0;0;0;1;0;0;0;0;0;0;0;0;0;0;0;0;0;0;0;0;0;0;0;0;0;0;0;0;1;0;0;0;0;0;0;0;0;0;0;0;0;0;1;0;1;0;0;1;0;0;2;0;0;1;0;0;1;0;0;1;0;0;1
3U8T;1;20;1,74;64;20;2;0;0;1;2;1;4;1;1;1;0;0;0;2;1;4;7H9N;0I8Y;5R8S;;;0;0;0;0;0;0;0;0;0;0;0;0;0;0;0;0;0;1;0;1;0;0;0;0;0;0;0;1;0;0;0;0;0;0;0;0;0;0;0;0;0;0;0;0;0;0;0;0;0;1;0;0;1;0;1;0;0;0;0;0;0;0;0;0;0;0;0;0;0;0;0;0;0;0;0;0;0;0;0;1;0;0;0;0;1;0;0;2;0;0;2;0;0;1;0;0;1;0;0;1;0;0;1
3U9V;1;24;1,8;70;20;2;0;0;2;2;1;4;1;1;1;1;2;0;2;1;4;8D7X;3Q5T;8S7P;;;1;0;0;0;0;0;0;0;0;0;0;0;0;0;0;0;0;0;0;0;0;0;0;0;0;0;0;1;0;0;0;0;0;0;0;0;0;1;0;0;0;0;0;1;0;0;0;0;0;0;0;0;0;0;0;0;0;0;0;0;0;0;0;0;0;0;0;1;0;0;0;0;0;0;0;0;0;0;0;0;0;1;0;0;1;0;0;0;1;0;2;0;0;0;1;0;1;0;0;0;1;0;1
3V0A;1;24;1,9;83;20;2;0;0;2;2;0;1;0;0;0;0;1;0;2;1;1;;;;;;1;0;0;0;0;0;0;0;0;0;0;0;0;0;0;0;0;0;0;0;0;0;0;0;0;0;0;1;0;0;0;0;0;0;0;0;0;0;0;0;1;0;0;1;0;0;0;0;0;0;0;0;0;0;0;0;0;0;0;0;0;0;0;0;0;0;0;0;0;1;0;0;0;0;0;0;0;0;0;0;0;1;0;0;0;1;0;0;1;0;2;1;0;0;1;0;1;1;0;0;1;0;1
3V4C;0;22;1,66;55;20;1;1;0;2;4;1;2;1;1;1;3;3;1;3;1;2;3O2U;;;;;0;0;0;0;0;0;0;0;0;0;0;0;0;0;0;0;0;0;0;0;1;0;0;0;0;0;0;0;1;0;0;0;0;0;0;0;0;0;0;0;0;0;0;0;0;0;0;0;0;0;0;0;0;0;0;0;0;0;0;0;0;0;0;0;0;0;0;0;0;0;0;0;0;0;0;0;0;0;0;0;0;0;0;0;1;0;0;0;0;0;1;0;0;0;0;0;1;0;0;0;0;0;1
3V6V;1;21;1,8;50;15;1;0;0;2;4;1;2;1;1;1;0;1;0;1;2;2;0I6B;;;;;1;0;0;0;0;0;0;0;0;0;0;0;0;0;1;0;0;0;0;0;0;0;0;0;0;0;0;0;0;0;0;0;0;0;0;0;0;0;1;0;0;0;0;1;0;0;0;0;0;0;0;0;0;0;0;0;0;0;0;0;0;0;0;0;0;0;0;0;0;0;1;0;0;0;0;0;0;0;0;1;0;1;0;1;1;0;0;0;0;0;1;0;0;0;0;0;1;0;0;0;0;0;1
3W5V;0;19;1,56;48;20;2;0;0;2;1;0;2;1;1;1;1;3;0;2;0;2;0R4J;;;;;1;1;0;0;0;0;0;0;0;0;0;0;0;0;0;0;0;0;0;0;0;0;0;0;0;0;0;0;0;0;0;0;1;0;0;1;1;0;0;0;0;0;0;0;0;0;0;0;0;0;0;0;0;0;0;0;0;0;0;0;0;0;0;0;0;0;1;0;0;0;0;0;0;0;0;0;0;0;0;0;0;2;0;0;0;1;0;0;1;0;2;1;0;0;1;0;1;1;0;0;1;0;1
3W7U;1;21;1,85;67;20;2;0;0;1;2;1;5;1;1;1;0;2;0;2;1;5;3P0Q;7K6K;4K9H;9K2R;;0;0;0;0;0;0;0;0;0;0;0;0;0;0;0;0;0;0;0;0;0;0;0;0;0;0;0;0;0;0;0;0;0;0;0;0;0;0;0;0;0;0;0;0;0;1;1;1;0;0;0;0;1;0;0;0;0;0;1;0;0;0;0;0;0;0;0;0;0;0;0;0;0;0;0;0;0;0;0;1;0;0;0;0;0;1;0;1;0;0;2;1;0;1;0;0;1;1;0;1;0;0;1
3Y2G;1;21;1,8;70;20;1;1;1;2;4;1;7;1;0;0;0;0;0;2;2;7;0Y5X;4D2Y;6C3U;5F9Z;3K9G;0;0;0;0;0;0;0;0;0;0;0;1;0;0;0;0;0;0;0;0;0;0;0;0;0;0;0;1;0;0;0;0;0;0;0;0;0;0;0;1;0;0;0;1;0;0;0;0;0;0;0;0;0;0;0;0;0;0;0;0;0;0;0;0;0;0;0;0;1;0;0;0;1;0;0;0;0;0;0;0;1;0;0;1;0;0;1;1;0;0;2;0;1;1;0;0;1;0;1;1;0;0;1
3Y3E;1;20;1,82;70;20;2;0;0;2;1;1;2;1;1;1;0;0;0;3;0;2;2U5M;;;;;0;0;0;0;0;0;0;0;0;0;0;1;0;0;0;0;0;0;0;0;0;0;0;0;0;0;0;0;0;0;0;0;0;0;0;0;0;0;0;0;0;0;0;0;0;1;1;0;0;0;0;0;1;0;0;0;0;0;0;0;0;0;0;1;0;0;0;0;0;0;0;0;0;0;0;0;0;0;0;1;0;0;0;1;0;1;0;1;0;0;1;1;0;1;0;0;1;1;0;1;0;0;1
4A1V;1;21;1,68;55;20;2;0;0;2;1;0;6;1;1;1;1;3;0;2;0;6;6U3B;8B8H;2L2Z;8W4Q;0R4X;0;0;0;0;0;0;0;0;0;0;0;0;0;0;0;0;0;0;0;1;0;0;0;0;0;0;0;0;0;0;0;0;0;0;0;1;1;0;0;0;0;0;0;0;0;0;0;0;0;0;0;0;0;0;0;0;0;0;1;0;0;0;1;0;0;0;0;0;0;0;0;0;0;0;0;0;0;0;0;1;0;0;0;0;1;0;0;0;0;1;2;0;0;0;0;1;1;0;0;0;0;1;1
4A4Z;1;21;1,86;75;20;3;0;0;1;2;1;3;1;1;1;0;3;0;3;0;2;4D8M;;;;;0;0;0;0;0;0;0;0;0;0;0;0;0;0;0;0;0;0;0;0;0;0;0;0;0;0;0;1;0;0;0;0;0;0;0;0;0;0;0;1;0;0;0;1;0;0;0;0;0;0;0;0;0;0;0;0;0;1;0;0;0;0;0;0;0;0;0;1;0;0;0;0;1;0;0;0;0;0;0;1;1;0;0;0;0;0;1;0;1;0;2;0;1;0;1;0;1;0;1;0;1;0;1
4A7O;1;25;1,7;80;25;1;0;0;2;1;1;10;1;1;1;2;3;0;2;0;10;0F1W;9B5K;2R7A;3O6U;9M5B;0;0;0;0;0;0;0;0;0;0;0;0;0;0;1;0;0;0;0;0;0;0;0;0;0;0;0;0;0;0;0;0;0;0;0;0;0;0;1;1;0;0;0;1;0;0;0;0;0;0;0;0;0;0;0;0;0;0;0;0;0;0;0;0;0;0;0;0;0;1;0;0;0;0;0;0;0;0;0;0;0;0;0;1;1;0;1;0;1;0;1;0;1;0;1;0;1;0;1;0;1;0;1
4B5E;1;23;1,71;70;25;1;1;0;2;1;1;3;1;1;1;0;3;0;3;2;3;9P2T;9E7A;;;;0;0;0;0;0;0;0;0;0;0;0;0;0;0;0;0;1;0;0;0;0;0;0;0;0;0;0;0;0;0;0;0;0;0;0;0;0;0;0;0;0;0;0;0;0;1;1;1;0;0;0;0;0;0;0;0;0;0;0;0;0;0;0;1;0;0;0;0;0;0;0;0;0;0;0;0;0;0;0;1;0;0;1;0;0;1;0;0;0;0;2;1;0;0;0;0;1;1;0;0;0;0;1
4C0V;1;21;1,88;78;20;1;1;1;2;2;1;3;1;1;1;0;1;0;3;0;5;0I7G;3F4Z;;;;0;0;0;0;0;0;0;0;0;0;0;0;0;0;0;0;0;0;0;0;0;0;0;0;0;0;0;0;0;0;0;0;0;0;0;0;0;0;0;0;0;0;0;0;1;0;1;0;0;0;0;0;0;0;1;0;0;0;0;0;0;0;0;0;0;0;0;0;0;0;0;0;0;0;0;0;0;0;0;1;0;0;0;0;0;0;1;0;0;0;1;0;1;0;0;0;1;0;1;0;0;0;1
4D0S;1;18;1,85;64;20;3;0;0;2;2;1;3;1;0;0;1;2;0;2;1;3;8P9D;8N1H;;;;0;0;0;0;0;1;0;0;0;0;0;0;0;0;0;0;0;1;1;0;0;0;0;0;0;0;0;1;0;0;0;0;0;0;0;0;0;0;0;0;0;0;0;0;0;0;0;0;0;1;0;0;0;0;1;0;0;0;0;0;0;0;0;0;0;0;0;0;0;0;0;0;0;0;0;0;0;0;0;1;0;0;1;0;0;1;0;1;0;0;2;1;0;1;0;0;1;1;0;1;0;0;1
4D2Y;1;21;1,7;63;20;1;0;0;2;4;0;1;1;0;0;0;0;0;2;0;7;3K9G;5F9Z;0Y5X;3Y2G;6C3U;0;0;0;0;0;0;0;0;0;0;0;0;0;0;0;0;0;0;0;0;0;0;0;0;0;0;0;1;0;0;0;0;0;0;0;0;0;0;1;0;0;0;0;1;0;0;0;0;0;0;0;0;0;0;0;0;0;0;0;0;0;0;0;0;0;0;0;0;1;1;0;0;0;0;0;0;0;0;0;0;0;0;0;0;1;0;0;1;1;0;2;0;0;1;1;0;1;0;0;1;1;0;1
4D4V;1;21;1,78;75;25;2;0;0;2;2;1;4;1;1;1;1;3;0;3;3;2;5Y6U;;;;;0;0;0;0;1;0;0;1;0;0;0;0;0;0;0;0;0;1;0;1;0;0;0;0;0;0;0;1;0;0;0;0;0;0;0;0;0;0;0;0;0;0;0;0;0;0;0;0;0;0;0;0;0;0;0;0;0;1;0;0;0;0;0;0;0;0;0;0;0;0;0;0;0;0;0;0;0;0;0;1;0;0;0;2;1;0;0;0;0;0;2;0;0;0;0;0;1;0;0;0;0;0;1
4D8M;1;20;1,78;63;20;3;0;0;1;2;1;3;1;1;1;0;0;1;3;1;2;4A4Z;;;;;0;0;0;0;0;0;0;0;0;0;0;0;0;0;0;0;0;0;0;0;0;0;0;0;0;0;0;0;0;0;0;0;0;0;0;0;0;0;0;0;1;0;0;1;0;0;0;0;0;0;0;0;0;0;0;0;0;0;0;0;0;0;0;0;0;0;0;0;0;1;0;0;1;0;0;0;0;0;0;0;1;0;0;0;0;1;0;0;1;0;1;1;0;0;1;0;1;1;0;0;1;0;1
4F9D;1;29;1,7;56;20;2;0;0;2;1;1;4;0;0;0;1;1;0;2;0;4;5M0T;9R6Y;1G7G;;;0;0;0;0;0;0;0;0;0;0;0;0;0;0;0;0;1;0;0;0;0;0;0;0;0;0;0;0;0;0;0;0;0;0;0;0;0;0;0;0;0;0;0;0;0;1;1;0;0;0;0;0;0;0;0;0;0;0;0;0;0;0;0;0;0;0;0;0;0;0;0;0;0;0;1;0;0;0;0;0;0;0;1;0;0;1;0;0;0;1;1;1;0;0;0;1;1;1;0;0;0;1;1
4H1P;1;18;1,69;56;20;1;0;0;2;2;1;11;1;0;0;0;2;0;3;2;8;2Y1W;2A1P;7K8M;1B2S;8H4M;0;0;0;0;1;0;0;0;0;0;0;0;0;0;0;0;0;1;0;1;0;0;0;0;0;0;0;1;0;0;0;0;0;0;0;0;0;0;0;0;0;0;0;0;0;0;0;0;0;0;0;0;0;1;0;0;0;0;1;0;0;0;0;0;0;0;0;0;0;0;0;0;0;0;0;0;0;0;0;1;0;0;0;1;1;0;0;1;0;0;2;0;0;1;0;0;1;0;0;1;0;0;1
4H1X;1;19;1,87;75;20;2;0;0;2;0;0;6;1;1;1;0;0;2;3;0;6;6V9Q;1Y9W;1C3K;0H8R;8N4I;0;0;0;0;0;0;0;0;0;0;0;0;0;0;0;0;0;0;0;0;0;0;0;0;0;0;0;0;0;0;0;0;0;0;1;0;0;0;0;0;0;0;0;0;0;0;0;0;0;0;0;0;0;0;0;0;0;0;0;0;0;0;0;0;0;0;0;0;0;0;0;0;0;0;0;0;0;0;0;0;0;0;0;0;1;0;0;0;0;0;0;0;0;0;0;0;0;0;0;0;0;0;0
4K3B;1;20;1,77;64;20;2;0;0;1;1;1;6;0;0;0;0;2;0;1;0;3;6H4A;1Y9T;;;;0;0;0;0;0;0;0;0;0;0;0;0;0;0;0;0;0;0;0;0;0;1;0;0;0;0;0;0;0;0;0;0;0;0;0;0;0;0;0;0;0;0;0;0;0;0;0;0;0;0;0;1;0;1;0;0;0;0;0;0;0;0;0;0;0;0;0;0;0;0;0;0;0;0;0;0;0;0;0;0;0;0;0;0;0;0;1;2;0;0;0;0;1;1;0;0;0;0;1;1;0;0;0
4L1N;1;18;1,95;77;20;0;0;0;2;1;1;4;1;1;1;1;3;2;3;0;4;7K6G;5D2H;3S6B;;;0;0;0;0;1;0;0;0;0;0;0;0;0;0;0;0;0;1;0;1;0;0;0;0;0;0;0;0;0;0;0;0;0;0;0;0;0;0;0;0;0;0;0;0;0;0;0;0;0;0;0;0;1;0;0;0;0;0;0;0;0;0;0;0;0;0;0;0;0;0;0;0;0;0;0;0;0;0;0;0;0;0;0;1;1;0;0;1;0;0;1;0;0;1;0;0;1;0;0;1;0;0;1
4M4I;1;25;1,7;71;25;1;0;0;1;2;1;5;1;0;0;0;1;1;1;0;6;9I2L;9I1E;9R1R;8A1R;1F9Y;0;0;0;0;0;0;0;0;0;0;0;0;0;1;1;0;0;0;0;0;0;0;0;0;0;0;0;1;0;0;0;0;0;0;0;0;0;0;1;0;0;0;0;1;0;0;0;0;0;0;0;0;0;0;0;0;0;0;0;0;0;0;0;0;0;0;0;0;0;0;0;0;0;0;0;0;0;0;0;0;0;1;0;1;1;0;0;0;0;0;2;0;0;0;0;0;1;0;0;0;0;0;1
4O4Z;1;21;1,71;85;30;2;0;0;1;4;0;1;0;0;0;0;3;0;2;1;3;;;;;;0;1;1;0;0;0;0;0;0;0;0;0;0;0;0;0;0;1;0;1;0;0;0;0;0;0;0;1;0;0;0;0;0;0;0;0;0;0;0;0;0;0;0;0;0;0;0;0;0;0;0;0;0;0;0;0;0;1;0;0;0;0;0;0;0;0;0;0;0;0;0;0;0;0;0;0;0;0;0;1;0;2;0;0;1;0;0;0;0;0;2;0;0;0;0;0;1;0;0;0;0;0;1
4O8C;1;21;1,84;66;20;1;0;0;2;2;1;8;1;1;1;0;3;0;2;0;14;1Y7U;2J2X;8Q9F;9X1Z;0H5L;0;0;0;0;0;0;0;0;0;0;0;0;0;0;1;0;0;0;0;0;0;0;0;0;0;0;0;0;0;0;0;0;0;0;0;0;0;0;1;1;0;0;0;1;0;0;0;0;0;0;0;0;0;0;0;0;0;0;0;0;0;0;0;0;0;0;0;1;0;0;0;0;0;0;0;0;0;0;0;0;0;0;0;1;1;0;1;0;1;0;1;0;1;0;1;0;1;0;1;0;1;0;1
4P8C;0;25;1,65;50;20;2;0;0;2;2;1;5;1;1;1;0;3;0;2;0;5;5L7H;5Q8S;1V0X;5W0Z;;0;0;0;0;0;0;0;0;0;0;0;0;0;1;0;0;0;0;0;0;0;0;0;0;0;0;0;1;0;0;1;0;0;0;0;0;0;0;0;0;0;0;0;1;0;0;0;0;0;0;0;0;0;0;0;0;0;0;0;0;0;0;0;0;0;0;0;0;0;1;1;0;0;0;0;0;0;0;0;1;0;1;0;0;1;0;0;0;1;0;2;0;0;0;1;0;1;0;0;0;1;0;1
4S9Z;1;22;1,89;85;25;2;0;0;1;2;0;2;1;1;1;0;0;0;1;2;3;;;;;;1;0;0;0;0;0;0;0;0;0;0;0;0;0;0;0;0;0;0;0;0;0;0;0;0;0;0;0;0;0;1;0;0;0;0;1;1;0;0;0;0;0;0;0;0;0;0;0;0;0;0;0;0;0;0;0;0;0;0;0;0;0;0;1;0;0;0;0;0;0;0;0;0;0;0;0;0;0;0;1;0;1;0;0;1;0;0;0;0;0;2;0;0;0;0;0;1;0;0;0;0;0;1
4T1L;0;21;1,67;56;20;3;0;0;2;1;1;2;0;0;0;0;1;2;1;2;2;3W6I;;;;;0;0;0;0;0;0;0;0;0;0;0;0;0;0;0;0;0;1;1;0;0;0;0;0;0;0;0;1;0;0;0;0;0;0;0;0;0;0;0;0;0;0;0;0;0;0;0;0;0;1;0;0;0;1;0;0;0;0;0;0;0;0;0;0;0;0;0;0;0;0;0;0;0;0;0;0;0;0;0;0;0;0;0;0;0;1;0;2;0;0;2;1;0;1;0;0;1;1;0;1;0;0;1
4U3U;1;23;1,78;71;20;3;0;0;2;4;0;1;1;0;0;0;3;1;2;0;1;;;;;;0;0;0;0;0;0;0;0;0;0;0;0;1;0;0;0;0;0;0;0;0;0;0;0;0;0;0;0;0;0;0;0;0;0;0;0;0;0;1;0;1;0;0;1;0;0;0;0;0;0;0;0;0;0;0;0;0;0;0;0;0;0;0;0;0;0;0;0;0;1;0;1;0;0;0;0;0;0;0;1;0;0;1;0;1;1;0;0;1;0;1;1;0;0;1;0;1;1;0;0;1;0;1
4U8Q;1;18;1,77;85;25;1;0;0;2;1;1;8;1;1;1;0;0;0;3;3;3;;3M8I;;;;0;0;0;0;0;0;0;0;0;0;0;0;0;0;0;0;0;1;1;0;0;0;0;0;0;0;0;0;0;0;0;0;0;0;0;0;0;0;0;0;0;0;0;0;0;0;0;0;0;0;0;0;0;1;0;1;1;0;0;0;0;0;0;0;0;0;0;0;0;0;0;0;0;0;0;0;0;0;0;0;0;0;0;0;0;1;0;1;0;1;1;1;0;1;0;1;1;1;0;1;0;1;1
4U9D;1;19;1,8;62;20;2;0;0;2;1;1;3;1;1;1;0;3;2;3;1;3;8W4J;9K0Q;;;;0;0;0;0;0;0;0;0;0;0;0;0;0;0;0;0;0;0;0;0;0;0;0;0;0;0;0;0;0;0;0;0;0;0;0;0;0;0;0;0;0;0;0;0;0;1;1;1;0;0;0;0;0;0;0;0;0;0;0;0;0;0;0;1;0;0;0;0;0;0;0;0;0;0;0;0;0;0;0;1;0;0;0;0;0;1;0;0;0;0;2;1;0;0;0;0;1;1;0;0;0;0;1
4W5E;1;21;1,83;70;20;2;1;1;2;2;0;1;0;0;0;0;2;0;3;1;1;;;;;;0;0;1;0;0;0;0;0;0;0;0;0;0;0;0;0;0;0;0;0;0;0;0;0;0;0;0;0;0;0;0;0;0;0;0;0;0;0;0;0;0;0;0;0;0;1;1;1;0;0;0;0;0;0;0;0;0;0;0;0;0;0;0;1;0;0;0;0;0;0;0;0;0;0;0;0;0;0;0;1;0;1;0;0;0;1;0;0;0;0;2;1;0;0;0;0;1;1;0;0;0;0;1
4Z5F;1;21;1,68;58;20;0;0;0;2;1;0;1;0;0;0;0;2;1;1;0;1;;;;;;0;0;0;0;0;0;0;0;0;0;0;0;0;0;0;0;0;0;0;0;0;0;0;0;0;0;0;0;0;0;1;0;0;0;0;0;0;0;0;0;0;0;0;0;0;0;1;0;0;0;0;0;1;0;0;0;0;0;0;0;0;0;0;0;0;0;0;0;0;0;0;0;0;0;0;0;0;1;0;0;1;0;0;0;1;0;0;1;0;0;1;0;0;1;0;0;1;0;0;1;0;0;1
5A5R;1;32;1,71;76;25;1;0;0;0;2;0;1;0;0;0;0;3;0;2;1;1;;;;;;0;0;0;0;0;0;0;0;0;0;0;0;1;0;0;0;0;0;0;0;0;0;0;0;0;0;0;1;0;0;0;0;0;0;0;0;0;1;0;0;0;0;0;1;0;0;0;0;0;0;0;0;0;0;0;0;0;0;0;0;0;0;0;0;0;0;0;1;0;0;0;0;0;0;0;0;0;0;0;0;0;0;1;0;1;0;0;0;1;0;2;0;0;0;1;0;1;0;0;0;1;0;1
5B2Z;1;21;1,95;68;15;2;0;0;2;1;1;4;1;1;1;0;0;0;3;0;4;0O5Q;5I3E;9J6M;;;0;0;0;0;0;0;0;0;0;0;0;0;0;0;0;0;0;1;0;1;0;0;0;0;0;0;0;1;0;0;0;0;0;0;0;0;0;0;0;0;0;0;0;0;0;0;0;0;0;0;0;0;0;1;0;0;0;0;0;0;0;0;0;0;0;0;0;0;0;0;0;0;0;0;0;0;0;0;0;0;0;0;0;0;1;0;0;1;0;0;2;0;0;1;0;0;1;0;0;1;0;0;1
5B3U;1;23;1,75;60;20;1;1;1;2;2;0;1;1;0;0;0;3;1;2;2;1;;;;;;0;0;0;0;0;0;0;0;0;0;0;0;0;1;0;0;0;0;0;0;0;0;0;0;0;0;0;1;0;0;0;0;0;0;0;0;0;0;0;1;0;0;0;1;0;0;0;0;0;0;0;0;0;0;0;0;0;0;1;0;0;0;0;0;0;0;0;0;0;1;0;0;0;0;0;0;0;0;0;1;0;1;0;0;0;0;1;0;1;0;2;0;1;0;1;0;1;0;1;0;1;0;1
5C7B;1;21;1,84;93;25;2;0;1;1;2;0;1;1;0;0;0;2;1;2;2;3;;;;;;0;1;0;0;0;0;0;0;0;0;0;0;0;0;0;0;0;0;0;0;0;1;0;0;0;0;0;0;0;0;0;0;0;0;0;0;0;0;0;0;0;0;0;0;0;0;0;0;0;0;0;0;0;1;0;0;0;1;0;0;0;0;0;0;0;0;0;0;0;0;0;0;0;0;0;0;0;0;0;1;0;1;0;0;0;0;1;1;0;0;0;0;1;1;0;0;0;0;1;1;0;0;0
5C9D;0;21;1,73;72;25;2;1;1;2;4;1;2;1;1;1;0;2;0;0;1;2;0G1P;;;;;0;0;0;0;0;0;0;0;0;0;0;0;0;0;0;0;0;0;0;0;0;0;0;0;0;0;0;0;0;0;0;0;0;0;0;0;0;0;0;0;1;0;0;1;0;0;0;0;0;0;0;0;0;0;0;0;0;0;0;0;0;0;0;0;0;0;0;0;1;0;1;0;0;0;0;0;0;0;0;1;0;0;0;0;0;1;0;1;0;0;1;1;0;1;0;0;1;1;0;1;0;0;1
5D1Z;1;18;1,94;75;20;2;0;0;2;2;1;5;1;1;1;0;3;0;3;2;5;5J3M;3T0E;8G8P;8G7E;;0;0;0;0;0;0;0;0;0;0;0;0;0;0;0;0;0;0;0;0;1;0;0;0;0;0;0;0;1;0;0;0;0;0;0;0;0;0;0;0;0;0;0;0;0;0;0;0;0;1;0;0;0;0;0;0;0;0;0;0;0;0;0;0;0;0;0;0;0;0;0;0;0;0;0;0;0;0;0;0;0;0;0;0;1;0;0;1;0;0;1;0;0;1;0;0;1;0;0;1;0;0;1
5D2H;1;19;1,91;72;20;1;0;0;1;2;1;4;0;1;1;0;3;0;3;0;4;7K6G;4L1N;3S6B;;;0;0;0;0;0;0;0;0;0;0;0;0;0;0;0;0;0;1;0;1;0;0;0;0;0;0;0;1;0;0;0;0;0;0;0;0;0;0;0;0;0;0;0;0;0;0;0;0;0;1;0;0;0;0;0;0;0;0;0;0;0;0;0;0;0;0;0;0;0;0;0;0;0;0;0;0;0;0;0;0;0;0;0;0;1;0;0;1;0;0;2;0;0;1;0;0;1;0;0;1;0;0;1
5F9Z;1;21;1,88;65;20;2;1;0;2;2;1;7;1;1;1;0;3;0;3;2;7;6C3U;3K9G;6G4G;0Y5X;3Y2G;0;0;0;0;0;0;0;0;0;0;0;0;0;0;0;0;0;0;0;0;0;0;0;0;0;0;0;1;0;0;1;0;0;0;0;0;0;0;0;0;0;0;0;1;0;0;0;0;0;0;0;0;1;0;0;0;0;0;0;0;0;0;0;0;0;0;0;0;0;1;0;0;0;0;0;0;0;0;0;0;0;0;0;0;1;0;0;1;1;0;2;0;0;1;1;0;1;0;0;1;1;0;1
5G0U;0;18;1,685;54;20;0;0;0;1;1;0;1;1;0;0;0;0;0;2;1;3;;;;;;0;0;0;0;0;0;0;0;0;0;1;0;0;0;0;0;0;0;0;0;0;0;0;0;0;0;0;0;0;0;1;0;0;0;0;1;0;0;0;0;0;0;0;0;0;0;0;0;0;0;0;0;0;0;0;0;0;0;0;0;0;1;0;0;0;0;0;0;0;0;0;0;0;0;0;0;0;0;0;0;0;0;0;1;1;0;0;0;0;1;1;0;0;0;0;1;1;0;0;0;0;1;1
5G9R;1;21;1,83;75;20;3;0;0;2;4;1;3;1;1;1;0;0;0;3;2;3;0M0L;0E2X;;;;0;0;0;0;0;0;0;0;0;0;0;0;0;0;0;0;0;0;0;0;0;0;0;0;0;0;0;1;0;0;1;0;0;0;0;0;0;0;0;0;0;0;0;1;0;0;0;0;0;0;0;0;0;0;0;0;0;0;0;0;0;0;0;0;0;0;0;0;1;0;1;0;0;0;0;0;0;0;0;1;0;0;0;0;1;0;0;1;0;0;2;0;0;1;0;0;1;0;0;1;0;0;1
5H2S;1;18;1,73;62,5;20;3;1;0;2;4;0;1;1;0;0;1;2;0;3;0;3;;;;;;0;0;0;0;0;0;0;0;0;0;0;0;0;0;0;0;0;0;0;0;0;0;0;0;0;0;0;0;0;0;0;1;0;0;0;0;0;0;0;0;0;0;0;0;0;0;0;0;0;0;0;0;0;0;0;0;0;0;1;0;1;0;0;1;0;0;0;0;0;0;0;0;0;0;0;0;0;0;0;2;0;0;0;0;0;0;1;0;0;0;0;0;1;0;0;0;0;0;1;0;0;0;0
5I1U;1;18;1,9;50;15;1;0;0;2;4;0;2;1;1;1;1;1;0;2;0;2;1Y0U;;;;;0;0;0;0;0;0;0;0;0;0;0;0;0;0;0;0;0;0;0;1;0;0;0;0;0;0;0;0;0;0;0;0;0;0;0;1;1;0;0;0;0;0;0;0;0;0;0;0;0;0;0;0;0;0;0;0;0;0;0;0;0;0;0;0;0;0;0;0;0;0;0;0;0;0;0;0;0;0;0;0;0;0;0;0;1;0;0;0;0;0;2;0;0;0;0;0;1;0;0;0;0;0;1
5I3E;1;21;1,78;66;20;2;0;0;2;2;1;4;1;0;0;0;3;0;3;2;4;0O5Q;5B2Z;9J6M;;;0;0;0;0;0;0;1;0;0;0;0;0;0;0;0;0;0;1;0;1;0;0;0;0;0;0;0;1;0;0;0;0;0;0;0;0;0;0;0;0;0;0;0;0;0;0;0;0;0;1;0;0;0;0;0;0;0;0;0;0;0;0;0;0;0;0;0;0;0;0;0;0;0;0;0;0;0;0;0;0;0;1;0;0;1;0;0;1;0;0;2;0;0;1;0;0;1;0;0;1;0;0;1
5I5D;0;20;1,69;53;20;2;1;1;2;2;1;5;1;1;1;2;2;0;3;1;3;1O0R;3V9C;;;;1;0;0;0;0;0;0;0;0;0;0;0;0;0;0;0;0;0;0;0;0;0;0;0;0;0;0;1;0;0;0;0;0;0;0;0;0;0;1;0;0;0;0;1;0;0;0;0;0;0;0;0;0;0;0;0;0;0;0;0;0;0;0;0;0;0;0;1;0;0;0;0;0;0;0;0;0;0;0;0;0;1;0;0;1;0;0;0;1;0;2;0;0;0;1;0;1;0;0;0;1;0;1
5J1R;1;28;1,7;83;30;2;1;0;2;2;1;2;1;1;1;0;0;0;3;0;2;8W0W;;;;;0;0;0;0;0;0;0;0;0;0;0;0;1;0;0;0;0;0;0;0;0;0;0;0;0;0;0;1;0;0;0;0;0;0;0;0;0;0;0;0;1;0;0;1;0;0;0;0;0;0;0;0;0;0;0;0;0;0;0;0;0;0;0;0;0;0;0;1;0;0;0;0;0;0;0;0;0;0;0;0;0;0;1;0;0;1;0;0;1;0;2;1;0;0;1;0;1;1;0;0;1;0;1
5J3M;0;18;1,75;54;15;1;0;0;2;2;1;5;1;1;1;0;1;0;2;2;5;5D1Z;8G8P;3T0E;8G7E;;0;0;0;0;0;0;0;0;0;0;0;0;0;0;0;0;0;0;0;0;0;0;0;1;0;0;0;0;1;0;0;0;0;0;0;0;0;0;0;0;0;0;0;0;0;0;0;0;0;0;0;0;0;0;0;0;0;0;0;0;0;0;0;0;0;0;0;0;0;0;0;0;0;0;0;0;0;0;0;0;0;0;0;0;1;0;0;0;0;0;1;0;0;0;0;0;1;0;0;0;0;0;1
5L2C;1;22;1,8;70;20;3;0;0;2;2;0;8;1;1;1;1;2;2;3;0;5;3H8D;9J2Z;1O2H;1G3P;;0;1;0;0;0;0;0;0;0;0;0;0;0;0;0;0;0;0;0;1;0;0;0;0;0;0;0;0;0;0;0;0;0;0;0;1;1;0;0;0;0;0;0;0;0;0;0;0;0;0;0;0;0;0;0;0;0;0;1;0;0;0;1;0;0;0;0;0;0;0;0;0;0;0;0;0;0;0;0;1;0;1;0;0;1;0;0;0;0;1;2;0;0;0;0;1;1;0;0;0;0;1;1
5L7H;1;27;1,78;72;20;2;1;0;1;0;1;5;1;0;0;0;0;2;2;3;5;5Q8S;1V0X;5W0Z;4P8C;;0;0;0;0;0;0;0;0;0;0;0;0;1;0;0;0;0;0;0;0;0;0;0;0;0;0;0;1;0;0;0;0;0;0;0;0;0;0;0;1;0;0;0;1;0;0;0;0;0;0;0;0;0;0;0;0;0;0;1;0;0;0;0;0;0;0;0;0;0;1;0;0;0;0;0;0;0;0;0;1;0;0;1;0;0;0;1;0;1;0;2;0;1;0;1;0;1;0;1;0;1;0;1
5M0T;1;23;1,85;55;15;0;0;0;2;0;1;4;1;1;1;0;0;0;2;0;4;9R6Y;1G7G;4F9D;;;0;0;0;0;0;0;0;0;0;0;0;0;1;0;0;0;0;0;0;0;0;0;0;0;0;0;0;0;0;0;1;0;0;0;0;0;0;0;0;0;0;0;0;0;0;0;1;1;0;0;0;0;1;0;0;0;0;0;1;0;0;0;0;0;0;0;0;0;0;0;0;0;0;0;0;0;0;0;0;1;0;0;1;0;1;0;0;1;0;0;2;0;0;1;0;0;1;0;0;1;0;0;1
5M6R;0;18;1,75;65;20;1;0;0;2;4;0;2;1;1;1;0;2;0;3;1;2;8W1L;;;;;0;0;0;0;0;0;0;0;0;0;0;0;0;0;0;0;0;0;0;0;0;0;0;0;0;0;0;0;0;0;1;0;0;0;0;1;1;0;0;0;0;0;0;0;0;0;0;0;0;0;0;0;0;0;0;0;0;0;0;0;0;0;0;1;0;0;0;0;0;0;0;0;0;0;0;0;0;0;0;1;0;0;0;0;1;0;0;0;0;0;2;0;0;0;0;0;1;0;0;0;0;0;1
5M7S;1;18;1,85;70;20;2;0;0;2;2;1;3;1;1;1;0;2;0;3;1;3;8M0U;9I7L;;;;0;0;0;0;0;1;0;0;0;0;0;0;0;0;0;0;0;0;0;0;0;1;0;0;0;0;0;0;0;0;0;0;0;0;0;0;0;0;0;0;0;0;0;0;0;0;0;0;0;0;0;0;0;1;0;0;0;0;0;0;0;0;0;0;0;0;0;0;0;0;0;0;0;0;0;0;0;0;0;0;0;0;1;0;0;0;1;1;0;0;0;0;1;1;0;0;0;0;1;1;0;0;0
5O0Y;1;26;1,8;76;25;2;0;0;2;2;1;2;0;0;0;0;3;0;3;1;2;8K4B;;;;;1;0;0;0;0;0;0;0;0;0;0;0;0;0;0;0;0;1;0;1;0;0;0;0;0;0;0;0;0;0;0;0;0;0;0;0;0;0;0;0;0;0;0;0;0;0;0;0;0;0;0;0;0;1;0;0;0;0;0;0;0;0;0;0;0;0;0;0;0;0;0;0;0;0;0;0;0;0;0;0;0;1;0;0;1;0;0;1;0;0;1;0;0;1;0;0;1;0;0;1;0;0;1
5P2B;1;24;1,69;65;20;2;0;0;2;2;0;3;1;1;1;0;0;2;3;1;2;4D9G;;;;;1;1;0;0;0;0;0;0;0;0;0;0;0;0;0;0;0;0;0;1;0;0;0;0;0;0;0;0;0;0;0;0;0;0;0;1;1;0;0;0;0;0;0;0;0;0;0;0;0;0;0;0;0;0;0;0;0;0;1;0;0;0;0;0;0;0;0;0;0;0;0;0;0;0;0;0;0;0;0;1;0;2;0;0;1;0;0;0;0;0;2;0;0;0;0;0;1;0;0;0;0;0;1
5Q1R;0;25;1,7;72;25;2;0;0;1;2;0;1;1;1;0;1;3;0;3;1;10;9M5B;3O6U;2R7A;4A7O;0F1W;1;0;0;0;0;0;0;0;0;0;0;0;0;0;0;0;0;0;0;0;0;0;0;0;0;0;0;1;0;0;0;0;0;0;0;0;0;0;1;0;0;0;0;1;0;0;0;0;0;0;0;0;0;0;0;0;0;0;1;0;0;0;0;0;0;0;0;0;0;1;0;0;0;0;0;0;0;0;0;1;0;1;0;0;1;0;0;0;1;0;2;0;0;0;1;0;1;0;0;0;1;0;1
5Q8O;1;19;1,81;59;20;2;0;0;2;3;1;2;0;1;1;0;3;0;3;2;4;2W1G;7V9Y;8X0N;;;0;0;0;0;0;0;0;0;0;0;0;0;0;1;0;0;0;0;0;0;0;0;0;0;0;0;0;1;0;0;0;0;0;0;0;0;0;0;1;0;0;0;0;1;0;0;0;0;0;0;0;0;0;0;0;0;0;0;0;0;0;0;0;0;0;0;0;0;0;1;0;0;0;0;0;0;0;0;0;0;0;1;0;0;1;0;0;0;1;0;2;0;0;0;1;0;1;0;0;0;1;0;1
5Q8S;1;31;1,86;89;25;2;0;0;2;1;1;5;1;1;1;1;1;0;2;0;5;5L7H;1V0X;5W0Z;4P8C;;0;0;0;0;0;0;0;0;0;0;0;0;0;1;0;0;0;0;0;0;0;0;0;0;0;0;0;1;0;0;0;0;0;0;0;0;0;0;0;0;1;0;0;1;0;0;0;0;0;0;0;0;0;0;0;0;0;0;1;0;0;0;0;0;0;0;0;0;0;0;1;0;0;0;0;0;0;0;0;2;0;1;0;0;0;1;0;0;0;0;2;1;0;0;0;0;1;1;0;0;0;0;1
5R8S;0;20;1,9;78;20;1;0;0;2;2;1;4;1;1;1;0;0;0;2;2;4;0I8Y;3U8T;7H9N;;;0;0;0;0;0;0;0;0;0;0;0;0;0;0;0;0;0;1;0;1;0;0;0;0;0;0;0;1;0;0;0;0;0;0;0;0;0;0;0;0;0;0;0;0;0;0;0;0;0;1;0;0;0;1;1;0;0;0;0;0;0;0;0;0;0;0;0;0;0;0;0;0;0;0;0;0;0;0;0;1;0;0;0;0;1;0;0;2;0;0;2;0;0;1;0;0;1;0;0;1;0;0;1
5S4C;1;31;1,7;60;20;3;1;1;2;2;1;8;1;0;0;0;3;0;2;1;3;7R3E;2C5C;;;;1;0;0;0;0;0;0;0;0;0;0;0;0;0;0;0;0;0;0;0;0;0;0;0;0;0;0;1;0;0;0;0;0;0;0;0;0;0;0;1;0;0;0;1;0;0;0;0;0;0;0;0;0;0;0;0;0;0;0;0;0;0;0;0;0;0;0;1;0;0;0;0;0;0;0;0;0;0;0;0;0;1;0;0;0;0;1;0;1;0;2;0;1;0;1;0;1;0;1;0;1;0;1
5S7A;0;28;1,6;48;20;0;0;0;2;2;0;1;0;0;1;0;3;0;2;3;1;;;;;;0;0;0;0;0;0;0;0;0;0;0;0;0;0;0;0;0;0;0;0;0;0;0;0;0;0;0;1;0;0;0;0;0;0;0;0;0;0;1;0;0;0;0;1;0;0;0;0;0;0;0;0;0;0;0;0;0;0;0;0;0;0;0;0;0;0;0;0;1;1;0;1;0;0;0;0;0;0;0;1;0;0;0;0;1;0;0;1;1;0;2;0;0;1;1;0;1;0;0;1;1;0;1
5U3X;0;23;1,6;48;20;2;0;0;2;2;1;2;1;1;1;0;2;0;3;1;2;4W4Q;;;;;0;0;0;0;0;0;0;0;0;0;0;0;0;0;0;0;0;0;0;0;0;0;0;0;0;0;0;1;0;0;0;0;0;0;0;0;0;0;0;0;1;0;0;1;0;0;0;0;0;0;0;0;0;0;0;0;0;0;0;0;0;0;0;0;0;0;0;0;1;0;0;0;1;0;0;0;0;0;0;0;1;0;0;0;0;1;0;1;0;0;2;1;0;1;0;0;1;1;0;1;0;0;1
5W3U;1;19;1,8;68;20;2;0;0;1;1;1;4;1;1;1;0;0;1;2;0;3;9D5O;7J8Y;;;;0;1;0;0;0;0;0;0;0;0;0;0;0;0;0;0;0;1;0;1;0;0;0;0;0;0;0;1;0;0;0;0;0;0;0;0;0;0;0;0;0;0;0;0;0;0;0;0;0;1;0;0;0;0;0;1;0;0;0;0;0;0;0;0;0;0;0;0;0;0;0;0;0;0;0;0;0;0;0;0;0;1;0;0;1;0;0;1;0;0;2;0;0;1;0;0;1;0;0;1;0;0;1
5W6M;1;21;1,84;66;20;1;0;0;2;2;1;5;1;1;1;3;3;0;3;0;6;8J2L;1L4G;9K2W;1M2Q;2S4Q;0;0;1;0;0;0;0;0;0;0;0;0;0;0;0;0;0;0;0;0;1;0;0;0;0;0;0;0;1;0;0;0;0;0;0;0;0;0;0;0;0;0;0;0;0;0;0;0;0;0;0;0;0;0;0;0;0;0;0;0;0;0;0;0;0;0;0;0;0;0;0;0;0;0;0;0;0;1;0;0;1;1;0;0;1;0;0;0;0;0;1;0;0;0;0;0;1;0;0;0;0;0;1
5X3K;1;22;1,76;103;35;1;1;1;2;2;1;5;0;0;0;0;2;0;1;0;5;0Y1G;7L7R;7B9M;7F0W;;0;0;0;0;0;0;0;0;0;0;0;0;1;0;0;0;0;0;0;0;0;0;0;0;0;0;0;1;0;0;0;0;0;0;0;0;0;0;0;1;0;0;0;1;0;0;0;0;0;0;0;0;0;0;0;0;0;0;0;0;0;0;0;0;0;0;0;1;0;0;0;0;0;0;0;0;0;0;0;0;0;0;1;0;0;0;1;0;1;0;2;0;1;0;1;0;1;0;1;0;1;0;1
5Y5L;1;18;1,89;75;20;2;0;0;2;2;1;2;0;1;0;0;1;0;3;0;7;8L2R;8K8L;3H8I;5B4T;5B0B;0;0;0;0;0;0;0;0;0;0;0;0;0;0;0;0;0;1;0;1;0;0;0;0;0;0;0;1;0;0;0;0;0;0;0;0;0;0;0;0;0;0;0;0;0;0;0;0;0;1;0;0;0;0;0;0;0;0;1;0;0;0;0;0;0;0;0;0;0;0;0;0;0;0;0;0;0;0;0;1;0;0;0;0;1;0;0;1;0;0;2;0;0;1;0;0;1;0;0;1;0;0;1
5Y6U;1;21;1,83;66;20;3;1;1;2;4;1;4;0;0;1;0;1;0;3;2;2;4D4V;;;;;0;0;0;0;0;0;0;0;0;1;0;0;0;0;0;0;0;0;0;0;0;1;0;0;0;0;0;0;0;0;0;0;0;0;0;0;0;0;0;0;0;0;0;0;0;0;0;0;0;1;0;0;0;0;0;0;0;0;0;1;0;0;0;0;0;0;0;0;0;0;0;0;0;0;0;0;0;0;0;1;0;1;0;0;0;0;1;1;0;0;0;0;1;1;0;0;0;0;1;1;0;0;0
5Z4K;1;20;1,75;65;20;2;1;0;2;4;1;6;1;1;1;1;3;0;3;0;4;0U8E;3U7V;7A0X;;;0;0;0;0;0;0;0;0;0;0;0;0;0;0;0;0;0;0;0;0;0;0;0;0;0;0;0;1;0;0;0;0;0;0;0;0;0;0;0;0;1;0;0;1;0;0;0;0;0;0;0;0;1;0;0;0;0;0;0;0;0;0;1;0;0;0;0;0;0;0;0;0;0;0;0;0;0;0;0;0;0;0;0;0;0;1;0;1;0;1;2;1;0;1;0;1;1;1;0;1;0;1;1
6A3C;0;19;1,67;75;25;1;1;0;2;2;0;3;1;1;1;0;0;0;2;1;3;2W9Z;9Z3Q;;;;0;0;0;0;0;0;0;0;0;0;0;0;0;0;0;0;0;0;0;0;0;0;0;0;0;0;0;0;0;0;0;0;1;0;0;1;1;0;0;0;0;0;0;0;0;0;0;0;0;0;0;0;0;0;0;0;0;0;0;0;0;0;0;1;0;0;0;0;0;0;0;0;0;0;0;0;0;0;0;1;0;0;0;0;0;1;0;0;0;0;2;1;0;0;0;0;1;1;0;0;0;0;1
6A4U;1;22;1,75;50;15;2;0;0;2;2;1;15;1;1;1;0;2;2;3;1;14;4O8C;1Y7U;2J2X;8Q9F;9X1Z;0;0;0;0;0;0;0;0;0;0;0;0;0;0;0;0;0;0;0;0;0;0;0;0;0;0;0;1;0;0;0;0;0;0;0;0;0;0;0;1;0;0;0;1;0;0;0;0;0;0;0;0;1;0;0;0;0;1;0;0;0;0;0;0;0;0;0;0;0;0;1;0;0;0;0;0;0;0;0;2;0;0;0;0;0;0;1;1;0;0;2;0;1;1;0;0;1;0;1;1;0;0;1
6C3U;1;19;1,73;70;25;2;0;0;2;2;1;7;1;1;1;0;3;0;3;1;7;3K9G;5F9Z;4D2Y;6G4G;0Y5X;0;0;0;0;0;0;0;0;0;0;0;0;0;0;0;0;0;0;0;0;0;0;0;0;0;0;0;1;0;0;0;0;0;0;0;0;0;0;1;0;0;0;0;1;0;0;0;0;0;0;0;0;0;0;0;0;0;0;0;0;0;0;0;0;0;0;0;0;0;1;0;0;0;0;0;0;0;0;0;0;0;0;0;0;1;0;0;0;1;0;2;0;0;0;1;0;1;0;0;0;1;0;1
6C6J;0;19;1,65;60;20;1;0;0;1;2;0;1;1;0;0;1;2;1;2;1;1;;;;;;0;0;0;0;0;0;0;0;0;0;0;0;0;0;0;0;0;1;0;1;0;0;0;0;0;0;0;1;0;0;0;0;0;0;0;0;0;0;0;0;0;0;0;0;0;0;0;0;0;1;0;0;0;0;0;1;0;0;0;0;0;0;0;0;0;0;0;0;0;0;0;0;0;0;0;0;0;0;0;0;0;0;0;0;1;0;0;1;0;0;2;0;0;1;0;0;1;0;0;1;0;0;1
6C9H;1;19;1,69;60;20;1;0;0;1;2;1;3;1;1;1;0;2;0;2;1;3;1W8I;6L3J;;;;0;0;0;0;0;0;0;0;0;0;0;0;0;0;0;0;0;1;1;0;0;0;0;0;0;0;0;1;0;0;0;0;0;0;0;0;0;0;0;0;0;0;0;0;0;0;0;0;0;0;0;0;0;1;0;0;0;0;1;0;0;0;0;0;0;0;0;0;0;0;0;0;0;0;0;0;0;0;0;1;0;0;0;0;0;1;0;1;0;0;2;1;0;1;0;0;1;1;0;1;0;0;1
6C9V;1;18;1,75;68;20;2;0;0;2;1;0;3;0;0;0;0;3;0;3;0;3;2B6T;2Q6Z;;;;0;0;0;0;0;0;0;0;0;0;0;0;0;0;0;0;0;0;0;0;0;0;0;1;0;0;0;0;1;0;0;0;0;0;0;0;0;0;0;0;0;0;0;0;0;0;0;0;0;0;0;0;0;0;0;0;0;0;0;0;1;0;0;1;0;0;0;0;0;0;0;0;0;0;0;0;0;0;0;1;0;0;0;0;1;0;0;0;0;0;1;0;0;0;0;0;1;0;0;0;0;0;1
6E4S;1;20;1,83;72;20;1;1;1;2;2;1;3;0;1;1;0;2;0;2;0;3;7F1D;9I9S;;;;0;0;0;0;0;0;0;0;0;0;0;0;0;0;0;0;0;0;0;0;0;0;0;0;0;0;0;1;0;0;0;0;0;0;0;0;0;0;0;1;0;0;0;1;0;0;0;0;0;0;0;0;0;0;0;0;0;0;0;0;0;0;0;0;0;0;0;1;0;0;0;0;1;0;0;0;0;0;0;0;1;0;0;0;0;0;1;0;1;0;2;0;1;0;1;0;1;0;1;0;1;0;1
6F0E;0;20;1,72;65;20;3;1;0;2;2;1;3;0;0;0;0;2;1;1;0;2;0T3B;;;;;0;0;0;0;0;0;0;0;0;0;0;0;0;0;0;0;0;0;0;0;1;0;0;0;0;0;0;0;1;0;0;0;0;0;0;0;0;0;0;0;0;0;0;0;0;0;0;0;0;0;0;0;0;0;0;0;0;0;0;0;0;0;0;0;0;0;0;0;0;0;0;0;0;0;0;0;0;0;0;0;0;0;0;0;1;0;0;0;0;0;1;0;0;0;0;0;1;0;0;0;0;0;1
6G4G;1;19;1,7;67;25;2;0;0;2;1;1;7;1;1;1;0;3;0;2;0;7;3K9G;4D2Y;6C3U;5F9Z;3Y2G;0;0;0;0;0;0;0;0;0;0;0;0;0;0;1;0;0;0;0;0;0;0;0;0;0;0;0;1;0;0;1;0;0;0;0;0;0;0;0;0;0;0;0;1;0;0;0;0;0;0;0;0;0;0;0;0;0;0;0;0;0;0;0;0;0;0;0;0;0;1;0;0;0;0;0;0;0;0;0;0;0;0;0;1;1;0;0;0;1;0;2;0;0;0;1;0;1;0;0;0;1;0;1
6H0H;0;18;1,57;40;15;0;1;0;2;2;0;1;1;0;0;1;2;0;3;2;3;;;;;;0;0;0;0;0;0;0;0;0;0;1;0;0;0;0;0;0;0;0;1;0;0;0;0;0;0;0;0;0;0;0;0;0;0;0;1;1;0;0;0;0;0;0;0;0;0;0;0;0;0;0;0;0;0;0;0;0;1;0;0;0;0;0;0;0;0;1;0;0;0;0;0;0;0;0;0;0;0;0;1;0;0;0;1;1;0;0;0;1;0;2;0;0;0;1;0;1;0;0;0;1;0;1
6H4A;1;20;1,8;65;20;1;0;1;2;4;1;5;1;1;1;0;0;0;3;0;3;1Y9T;4K3B;;;;0;0;0;0;0;0;0;0;0;0;0;0;0;0;0;0;0;0;0;0;0;1;0;0;0;0;0;0;0;0;0;0;0;0;0;0;0;0;0;0;0;0;0;0;0;0;0;0;0;0;0;1;0;1;0;0;0;0;1;0;0;0;0;0;0;0;0;0;0;0;0;0;0;0;0;0;0;0;0;1;0;0;0;0;0;0;1;2;0;0;0;0;1;1;0;0;0;0;1;1;0;0;0
6K3Y;1;19;1,87;77;20;3;0;0;1;2;0;6;1;1;1;1;1;1;1;2;6;7A7P;2Y1K;3O6S;7M6P;8T4H;1;0;0;0;0;0;0;0;0;0;0;0;0;0;0;0;0;0;0;0;0;0;0;0;0;0;0;0;0;0;1;0;0;0;0;1;1;0;0;0;0;0;0;0;0;0;0;0;0;0;0;0;0;0;0;0;0;0;0;0;0;0;0;0;0;0;1;0;0;0;0;0;0;0;0;0;0;0;0;0;0;1;0;0;1;0;0;0;1;0;2;0;0;0;1;0;1;0;0;0;1;0;1
6L3J;0;20;1,67;55;20;2;0;0;2;1;1;3;1;1;1;0;1;0;2;1;3;6C9H;1W8I;;;;0;0;0;0;0;0;0;0;0;0;0;0;0;0;0;0;0;0;0;0;0;1;0;0;0;0;0;0;0;0;0;0;0;0;0;0;0;0;0;0;0;0;0;0;0;0;0;0;0;1;0;0;0;1;0;0;0;0;1;0;0;0;0;0;0;0;0;0;0;0;0;0;0;0;0;0;0;0;0;1;0;0;0;0;0;0;1;2;0;0;0;0;1;1;0;0;0;0;1;1;0;0;0
6M1O;1;20;1,75;60;20;1;0;0;2;2;0;1;1;0;0;1;3;1;1;1;1;;;;;;0;0;0;0;0;0;0;0;0;0;0;0;0;0;1;0;0;0;0;0;0;0;0;0;0;0;0;1;0;0;0;0;0;0;0;0;0;0;0;0;1;0;0;1;0;0;0;0;0;0;0;0;0;0;0;0;0;0;0;0;0;0;0;0;0;0;0;0;0;1;0;0;1;0;0;0;0;0;0;0;1;0;0;1;0;1;0;0;1;0;2;1;0;0;1;0;1;1;0;0;1;0;1
6O4Y;1;19;1,85;74;20;1;0;0;2;2;1;6;1;1;1;0;0;2;3;2;5;0S0Q;0A4U;0R4C;2U4F;;0;0;0;0;0;0;0;0;0;0;0;0;0;0;0;0;0;1;1;0;0;0;0;0;0;0;0;0;0;0;0;0;0;0;0;0;0;0;0;0;0;0;0;0;0;0;0;0;0;0;0;0;1;0;0;0;0;0;1;1;0;0;0;0;0;0;0;0;0;0;0;0;0;0;0;0;0;0;0;2;0;0;0;0;0;1;0;1;0;0;1;1;0;1;0;0;1;1;0;1;0;0;1
6O7K;0;27;1,55;60;25;1;0;0;2;1;1;2;1;1;1;1;2;0;2;1;5;6V3U;7J8O;8X9Z;3D2B;;0;0;0;0;0;0;0;0;0;0;0;0;0;1;0;0;0;0;0;0;0;0;0;0;0;0;0;0;0;0;1;0;0;0;0;0;0;0;0;0;0;0;0;0;0;0;1;0;0;0;0;0;1;0;0;0;0;0;0;0;1;0;0;0;0;0;0;0;0;0;0;1;0;0;0;0;0;0;0;1;0;1;0;0;1;0;0;1;0;0;1;0;0;1;0;0;1;0;0;1;0;0;1
6T0P;1;20;1,78;60;20;3;1;0;2;4;1;3;1;0;0;0;2;1;2;0;3;;;;;;0;0;0;0;0;0;0;0;0;0;0;0;0;1;0;0;0;0;0;0;0;0;0;0;0;0;0;1;0;0;0;0;0;0;0;0;0;0;0;0;1;0;0;1;0;0;0;0;0;0;0;0;0;0;0;0;0;0;0;1;0;0;0;0;0;0;0;0;0;1;0;0;0;0;0;0;0;0;0;1;0;1;0;0;0;1;0;0;1;0;2;1;0;0;1;0;1;1;0;0;1;0;1
6T3Q;1;23;1,73;75;25;1;0;0;1;1;1;6;1;1;1;0;3;0;2;1;5;1J6P;2K9I;9W3O;8K6W;;0;0;0;0;0;0;0;0;0;0;0;0;0;0;0;0;0;0;0;0;0;0;0;0;0;0;0;1;0;0;0;0;0;0;0;0;0;1;0;0;0;0;0;1;0;0;0;0;0;0;0;0;0;0;0;0;0;0;1;0;0;0;0;0;0;0;0;0;1;1;0;0;0;0;0;0;0;0;0;1;0;0;0;0;1;0;0;1;1;0;2;0;0;1;1;0;1;0;0;1;1;0;1
6T3S;1;20;1,8;70;20;2;0;0;2;2;0;8;1;1;1;1;2;2;2;0;7;4M6N;0Y1T;9B3F;5I5P;9S9J;1;0;0;0;0;0;0;0;0;0;0;0;0;0;0;0;0;0;0;0;0;0;0;0;0;0;0;0;0;0;0;0;1;0;0;1;1;0;0;0;0;0;0;0;0;0;0;0;0;0;0;0;0;0;0;0;0;0;1;0;0;0;0;1;0;0;0;0;0;0;0;0;0;0;0;0;0;0;0;2;0;1;0;0;0;1;0;0;0;0;2;1;0;0;0;0;1;1;0;0;0;0;1
6U1H;1;18;1,78;71;20;2;0;0;2;2;1;4;0;1;1;0;3;0;2;1;3;;;;;;0;0;0;0;0;0;0;0;0;0;0;0;0;0;0;0;0;1;0;1;0;0;0;0;0;0;0;0;0;0;0;0;0;0;0;0;0;0;0;0;0;0;0;0;0;0;0;0;0;0;0;0;0;0;0;0;0;0;0;0;0;0;0;0;0;0;0;0;0;0;0;0;0;0;0;0;0;0;0;0;0;0;0;0;1;0;0;0;0;0;1;0;0;0;0;0;1;0;0;0;0;0;1
6U3B;1;20;1,85;62;20;1;0;0;2;2;0;6;1;1;1;0;3;0;2;2;6;8B8H;2L2Z;0R4X;4A1V;8W4Q;0;0;0;0;0;0;0;0;0;0;0;0;0;0;0;0;0;0;0;1;0;0;0;0;0;0;0;0;0;0;0;0;0;0;0;1;1;0;0;0;0;0;0;0;0;0;0;0;0;0;0;0;0;0;0;0;0;0;1;0;0;0;0;0;0;0;1;0;0;0;0;0;0;0;0;0;0;0;0;1;0;0;0;0;1;0;0;0;1;0;2;0;0;0;1;0;1;0;0;0;1;0;1
6V3U;1;27;1,78;72;20;2;1;0;1;0;1;3;1;1;1;0;2;0;2;2;5;3D2B;8X9Z;6O7K;7J8O;;0;0;1;0;0;0;0;0;0;0;0;0;0;0;0;0;0;0;0;0;0;0;0;0;0;0;0;0;0;0;0;0;0;0;0;0;0;0;0;0;0;0;0;0;0;1;1;1;0;0;0;0;1;0;0;0;0;0;0;0;0;0;0;0;0;0;0;0;0;0;0;0;0;0;0;0;0;0;1;0;1;1;0;0;0;1;0;1;0;0;2;1;0;1;0;0;1;1;0;1;0;0;1
6W4Y;0;21;1,6;49;20;1;0;0;1;2;0;2;1;1;1;0;2;1;2;2;2;0P1I;;;;;0;1;0;0;0;0;0;0;0;0;0;0;0;0;0;0;0;0;0;1;0;0;0;0;0;0;0;0;0;0;0;0;0;0;0;1;1;0;0;0;0;0;0;0;0;0;0;0;0;0;0;0;0;0;0;0;0;0;0;0;0;0;1;0;0;0;1;0;0;0;0;0;0;0;0;0;0;0;0;0;0;1;0;0;1;0;0;0;1;1;2;0;0;0;1;1;1;0;0;0;1;1;1
6W8Z;1;21;1,78;59;20;1;1;1;2;2;1;2;1;1;0;0;3;0;2;0;2;2W9X;;;;;0;1;0;0;0;0;0;0;0;0;0;0;0;0;0;0;0;0;0;0;0;1;0;0;0;0;0;0;0;0;0;0;0;0;0;0;0;0;0;0;0;0;0;0;0;0;0;0;0;0;0;0;0;1;0;0;0;1;0;0;0;0;0;0;0;0;0;0;0;0;0;0;0;0;0;0;0;0;0;1;0;1;0;0;0;0;1;1;0;0;0;0;1;1;0;0;0;0;1;1;0;0;0
6X9F;1;28;1,75;75;25;1;0;0;2;4;1;2;0;0;0;1;3;0;2;2;2;7B7K;;;;;0;0;0;0;0;0;0;0;0;0;0;0;0;0;0;1;0;0;0;0;0;0;0;0;0;0;0;0;0;0;0;0;0;0;0;0;0;0;0;0;0;0;0;0;0;1;1;1;0;0;0;0;0;0;0;0;0;1;0;0;0;0;0;0;0;0;0;0;0;0;0;0;0;0;1;0;0;0;0;1;0;0;0;1;0;1;0;0;0;1;2;1;0;0;0;1;1;1;0;0;0;1;1
6Z9V;1;19;1,75;79;25;1;1;0;2;2;1;5;0;0;0;0;2;0;3;3;3;;;;;;0;0;0;0;0;0;0;0;0;0;0;0;0;0;0;0;0;1;1;0;0;0;0;0;0;0;0;0;0;0;0;0;0;0;0;0;0;0;0;0;0;0;0;0;0;0;0;0;0;0;0;0;0;1;0;0;0;0;1;1;0;0;0;0;0;0;0;0;0;0;0;0;0;0;0;0;0;0;0;2;0;0;0;0;0;1;0;1;0;0;1;1;0;1;0;0;1;1;0;1;0;0;1
7A0X;1;19;1,79;70;20;2;0;0;2;2;1;5;1;1;1;1;3;0;2;0;4;3U7V;0U8E;5Z4K;;;0;0;0;0;0;0;0;0;0;0;0;0;1;0;0;0;0;0;0;0;0;0;0;0;0;0;0;1;0;0;0;0;0;0;0;0;0;0;0;0;1;0;0;1;0;0;0;0;0;0;0;0;0;0;0;0;0;0;0;0;0;0;0;0;0;0;0;0;1;0;0;0;0;0;0;0;0;0;0;0;0;0;1;0;0;1;0;1;0;0;2;1;0;1;0;0;1;1;0;1;0;0;1
7A7P;1;18;1,92;76;20;3;0;0;2;1;0;6;1;1;1;1;2;0;3;0;6;6K3Y;2Y1K;3O6S;7M6P;8T4H;0;0;0;0;0;0;0;0;0;0;0;0;0;0;0;0;0;0;0;0;0;0;0;0;0;0;0;0;0;0;1;0;0;0;0;1;1;0;0;0;0;0;0;0;0;0;0;0;0;0;0;0;0;0;0;0;0;0;0;0;0;0;0;1;0;0;1;0;0;0;0;0;0;0;0;0;0;0;0;1;0;0;0;0;1;0;0;0;1;0;2;0;0;0;1;0;1;0;0;0;1;0;1
7B2H;1;40;1,68;67;25;1;0;0;2;2;1;6;0;0;0;0;1;1;2;1;6;6O7D;8S7L;4C3L;1C5X;2Q8X;1;0;0;0;0;0;0;0;0;0;0;0;0;0;0;0;0;0;0;0;0;0;0;0;0;0;0;1;0;0;0;0;0;0;0;0;0;1;0;0;0;0;0;1;0;0;0;0;0;0;0;0;0;0;0;0;0;0;0;0;0;0;0;0;0;0;0;1;0;0;0;0;0;0;0;0;0;0;0;0;0;1;0;0;1;0;0;0;1;0;2;0;0;0;1;0;1;0;0;0;1;0;1
7B7K;0;25;1,54;75;30;1;0;0;2;2;1;2;1;1;1;0;2;0;2;1;2;6X9F;;;;;0;0;0;0;0;0;0;0;0;0;0;1;0;0;0;0;0;0;0;0;0;0;0;0;0;0;0;0;0;0;1;0;0;0;0;0;0;0;0;0;0;0;0;0;0;0;1;1;0;0;0;0;1;0;0;0;0;0;0;0;0;0;0;0;0;0;0;0;0;0;0;0;0;0;1;0;0;0;0;0;0;0;0;1;1;0;0;1;0;1;2;0;0;1;0;1;1;0;0;1;0;1;1
7B9M;1;22;1,81;60;20;2;0;0;2;4;1;5;1;1;1;0;3;0;2;1;5;7L7R;5X3K;7F0W;0Y1G;;1;0;0;0;0;0;0;0;0;0;0;0;0;0;0;0;0;0;0;0;0;0;0;0;0;0;0;1;0;0;0;0;0;0;0;0;0;1;0;0;0;0;0;1;0;0;0;0;0;0;0;0;0;0;0;0;0;0;0;0;0;0;0;0;0;0;0;0;0;1;0;0;0;0;0;0;0;0;0;0;0;1;0;0;1;0;0;0;1;0;2;0;0;0;1;0;1;0;0;0;1;0;1
7D4K;1;18;1,76;55;15;2;0;0;2;2;1;3;1;1;1;0;2;0;3;2;3;8U4I;2M7S;;;;0;0;0;0;1;0;0;0;0;0;0;0;0;0;0;0;0;1;0;1;0;0;0;0;0;0;0;0;0;0;0;0;0;0;0;0;0;0;0;0;0;0;0;0;0;0;0;0;0;0;0;1;0;0;1;0;0;0;0;0;0;0;0;0;0;0;0;0;0;0;0;0;0;0;0;0;0;0;0;1;0;0;0;1;1;0;0;1;0;0;1;0;0;1;0;0;1;0;0;1;0;0;1
7E3P;1;21;1,81;85;25;1;1;1;2;2;0;5;1;0;0;0;0;0;3;2;3;;;;;;1;0;0;0;0;0;0;0;0;0;0;0;0;0;0;0;0;0;0;0;0;0;0;0;0;0;0;0;0;0;0;1;0;0;0;0;0;0;0;0;0;0;0;0;0;0;0;0;0;0;0;0;0;0;0;0;0;0;0;0;0;0;1;0;0;0;1;0;0;0;0;0;0;0;0;0;0;0;0;0;0;1;0;0;0;0;1;0;1;1;0;0;1;0;1;1;0;0;1;0;1;1;0
7E4C;1;18;1,78;57;15;2;0;0;2;2;0;1;1;0;0;0;3;1;3;0;2;2U2X;;;;;1;0;0;0;0;0;0;0;0;0;0;0;0;0;0;0;0;0;0;0;0;0;0;0;0;0;0;0;0;0;1;0;0;0;0;0;0;0;0;0;0;0;0;0;0;0;1;0;0;0;0;0;0;0;0;0;0;0;0;0;0;0;0;0;0;0;0;0;0;0;0;0;0;0;1;0;0;0;0;0;0;1;0;0;1;0;0;0;0;1;1;0;0;0;0;1;1;0;0;0;0;1;1
7E6C;1;23;1,85;87;25;0;0;0;2;1;1;4;0;0;0;1;1;2;3;2;3;;;;;;0;0;1;0;0;0;0;1;0;0;0;0;0;0;0;0;0;1;0;1;0;0;0;0;0;0;0;0;0;0;0;0;0;0;0;0;0;0;0;0;0;0;0;0;0;0;0;0;0;1;0;0;0;0;0;0;0;0;0;0;0;0;0;0;0;0;0;0;0;0;0;0;0;0;0;0;0;0;0;0;0;1;0;1;1;0;0;1;0;0;1;0;0;1;0;0;1;0;0;1;0;0;1
7F0W;1;21;1,8;70;20;3;0;0;2;2;1;5;1;1;1;1;1;1;3;0;5;5X3K;0Y1G;7L7R;7B9M;;0;0;0;0;0;0;0;0;0;0;0;0;0;0;0;1;0;0;0;0;0;0;0;0;0;0;0;1;0;0;0;0;0;0;0;0;0;0;1;0;0;0;0;1;0;0;0;0;0;0;0;0;0;0;0;0;0;0;0;0;0;0;0;0;0;0;0;0;0;0;0;0;0;0;1;0;0;0;0;0;0;0;0;1;1;0;0;0;0;1;2;0;0;0;0;1;1;0;0;0;0;1;1
7F1D;1;20;1,83;70;20;1;0;0;2;2;1;3;1;1;1;0;3;0;2;1;3;9I9S;6E4S;;;;0;0;0;0;0;0;0;0;0;0;0;0;0;0;0;0;0;0;0;0;0;0;0;0;0;0;0;1;0;0;0;0;0;0;0;0;0;1;0;0;0;0;0;1;0;0;0;0;0;0;0;0;0;0;0;0;0;0;0;0;0;0;0;0;0;0;0;1;0;0;0;0;1;0;0;0;0;0;0;0;1;0;0;0;1;0;0;0;1;0;2;0;0;0;1;0;1;0;0;0;1;0;1
7F5N;1;19;1,87;84;25;2;0;0;2;2;1;16;1;1;1;0;2;0;3;0;7;2G9N;3W3R;0S7C;2G0T;1N9S;0;0;0;0;0;0;0;0;0;0;0;0;0;0;0;0;0;0;0;0;1;0;0;0;0;0;0;0;1;0;0;0;0;0;0;0;0;0;0;0;0;0;0;0;0;0;0;0;0;0;0;0;0;0;0;0;0;0;0;0;0;0;0;0;0;0;0;0;0;0;0;0;0;0;0;0;0;0;0;0;0;0;0;0;1;0;0;0;0;0;1;0;0;0;0;0;1;0;0;0;0;0;1
7F8H;1;19;1,82;65;20;2;1;0;2;2;1;2;1;1;0;0;0;0;2;0;2;0A2A;;;;;0;0;0;0;0;0;0;0;0;0;0;0;0;0;0;0;0;1;0;1;0;0;0;0;0;0;0;0;0;0;0;0;0;0;0;0;0;0;0;0;0;0;0;0;0;0;0;0;0;1;0;0;0;0;0;0;0;0;0;0;0;0;0;0;0;0;0;0;0;0;0;0;0;0;0;0;0;0;0;0;0;0;0;0;1;0;0;1;0;0;1;0;0;1;0;0;1;0;0;1;0;0;1
7H7Y;1;20;1,72;58;20;1;0;0;1;2;1;3;1;1;1;0;3;0;1;0;2;2N5P;;;;;0;0;0;0;0;0;0;0;0;0;0;0;0;0;0;0;0;0;0;0;0;0;0;0;0;0;0;1;0;0;1;0;0;0;0;0;0;0;0;0;0;0;0;1;0;0;0;0;0;0;0;0;0;0;0;0;0;0;1;0;0;0;0;0;0;0;0;0;0;1;0;0;0;0;0;0;0;0;0;1;0;0;0;0;1;0;0;0;1;0;2;0;0;0;1;0;1;0;0;0;1;0;1
7H9N;1;21;1,83;78;25;1;0;0;2;1;1;4;1;1;1;0;2;0;2;2;4;3U8T;0I8Y;5R8S;;;0;0;0;0;0;0;0;0;0;0;0;0;0;0;0;0;0;1;0;1;0;0;0;0;0;0;0;0;0;0;0;0;0;0;0;0;0;0;0;0;0;0;0;0;0;0;0;0;0;1;0;0;0;1;1;0;0;0;0;0;0;0;0;0;0;0;0;0;0;0;0;0;0;0;0;0;0;0;0;1;0;0;0;0;1;0;0;2;0;0;1;0;0;1;0;0;1;0;0;1;0;0;1
7I1E;1;21;1,78;75;25;2;0;0;1;2;1;2;1;1;1;0;0;0;2;1;2;2J2Y;;;;;0;0;0;0;0;0;0;0;0;0;0;0;0;0;0;0;1;0;0;0;0;0;0;0;0;0;0;0;0;0;1;0;0;0;0;0;0;0;0;0;0;0;0;0;0;0;1;1;0;0;0;0;0;0;0;0;0;0;0;0;0;0;0;0;0;0;0;0;0;0;0;0;0;0;0;0;0;1;0;0;1;0;1;0;1;0;0;0;0;0;2;0;0;0;0;0;1;0;0;0;0;0;1
7I5L;1;18;1,75;89;30;2;0;0;2;3;1;2;1;1;1;0;0;1;2;2;2;7N3X;;;;;0;0;0;0;0;0;0;0;0;0;0;0;0;0;0;0;0;1;0;1;0;0;0;0;0;0;0;1;0;0;0;0;0;0;0;0;0;0;0;0;0;0;0;0;0;0;0;0;0;1;0;0;0;0;0;0;0;0;0;1;0;0;0;0;0;0;0;0;0;0;0;0;0;0;0;0;0;0;0;1;0;0;0;0;1;0;0;1;0;0;2;0;0;1;0;0;1;0;0;1;0;0;1
7J6U;1;22;1,75;65;20;3;0;0;2;2;0;2;1;1;1;0;2;0;2;2;2;1M2F;;;;;1;0;0;0;0;0;0;0;0;0;0;0;0;0;0;0;0;0;0;1;0;0;0;0;0;0;0;0;0;0;0;0;0;0;0;1;1;0;0;0;0;0;0;0;0;0;0;0;0;0;0;0;0;0;0;0;0;0;0;0;0;0;1;0;0;0;1;0;0;0;0;0;0;0;0;0;0;0;0;0;0;1;0;0;1;0;0;0;1;1;2;0;0;0;1;1;1;0;0;0;1;1;1
7J8M;1;21;1,71;60;20;1;1;0;1;1;0;2;1;1;1;0;1;1;1;1;2;2C0W;;;;;0;0;0;0;0;0;0;0;0;0;0;0;0;0;0;0;0;0;0;0;0;0;0;0;0;0;0;0;0;0;0;1;0;0;0;0;0;0;0;0;0;0;0;0;0;0;0;0;0;0;0;0;0;0;0;0;0;0;1;0;0;0;0;1;0;0;1;0;0;0;0;0;0;0;0;0;0;0;0;2;0;0;0;0;0;0;1;0;1;0;0;0;1;0;1;0;0;0;1;0;1;0;0
7J8O;1;26;1,82;70;20;3;0;0;2;2;1;3;1;1;1;0;3;0;3;0;5;6V3U;8X9Z;3D2B;6O7K;;0;0;0;0;0;0;0;0;0;0;0;0;0;0;0;0;1;0;0;0;0;0;0;0;0;0;0;0;0;0;1;0;0;0;0;0;0;0;0;0;0;0;0;0;0;0;0;1;0;0;0;0;0;0;1;0;0;0;0;0;0;0;0;0;0;0;0;0;0;0;0;0;0;0;0;0;0;0;0;1;0;0;1;0;1;0;0;0;0;0;1;0;0;0;0;0;1;0;0;0;0;0;1
7J8Y;1;20;1,73;58;20;2;1;1;2;4;1;4;1;1;1;0;2;1;3;2;3;9D5O;5W3U;;;;0;1;0;1;0;0;0;0;0;0;0;0;0;0;0;0;0;0;0;0;0;1;0;0;0;0;0;0;0;0;0;0;0;0;0;0;0;0;0;0;0;0;0;0;0;0;0;0;0;0;0;0;0;0;1;0;0;0;0;0;0;0;0;0;0;0;0;0;0;0;0;0;0;0;0;0;0;0;0;1;0;2;0;0;0;0;1;0;0;0;0;0;1;0;0;0;0;0;1;0;0;0;0
7K6G;1;19;1,7;64;20;3;0;0;2;2;1;4;1;1;1;0;2;0;3;0;4;5D2H;3S6B;4L1N;;;0;0;0;0;0;0;0;0;0;0;0;0;0;0;0;0;0;1;0;1;0;0;0;0;0;0;0;0;0;0;0;0;0;0;0;0;0;0;0;0;0;0;0;0;0;0;0;0;0;1;0;0;0;0;0;0;0;0;0;0;0;0;0;0;0;0;0;0;0;0;0;0;0;0;0;0;0;0;0;0;0;0;0;0;1;0;0;1;0;0;1;0;0;1;0;0;1;0;0;1;0;0;1
7K6K;1;21;1,8;68;20;3;1;1;2;2;1;5;0;0;0;0;0;0;3;3;5;4K9H;3W7U;9K2R;3P0Q;;0;0;1;0;0;0;0;0;0;0;0;0;0;0;0;0;0;0;0;0;0;0;0;0;0;0;0;0;0;0;0;0;0;0;0;0;0;0;0;0;0;0;0;0;1;0;1;0;0;0;0;0;1;0;1;0;0;0;0;0;0;0;0;0;0;0;0;0;0;0;0;0;0;0;0;0;0;0;0;1;0;1;0;0;0;0;1;1;0;0;1;0;1;1;0;0;1;0;1;1;0;0;1
7M6P;1;19;1,91;85;25;2;0;0;2;1;0;6;1;1;1;0;2;1;2;0;6;7A7P;6K3Y;2Y1K;3O6S;8T4H;0;0;0;0;0;0;0;0;0;0;0;0;0;0;0;0;0;0;0;1;0;0;0;0;0;0;0;0;0;0;0;0;0;0;0;1;0;0;0;0;0;0;0;0;0;0;0;0;0;0;0;0;0;0;0;0;0;0;0;0;0;0;0;1;0;0;1;0;0;0;0;0;0;0;0;0;0;0;0;1;0;0;0;0;1;0;0;0;1;0;1;0;0;0;1;0;1;0;0;0;1;0;1
7N0N;0;22;1,58;50;20;1;0;0;2;2;1;15;1;1;1;1;2;1;1;2;14;4O8C;1Y7U;2J2X;8Q9F;9X1Z;0;0;0;0;0;0;0;0;0;0;0;0;0;0;1;0;0;0;0;0;0;0;0;0;0;0;0;0;0;0;0;0;0;0;0;0;0;0;1;1;0;0;0;1;0;0;0;0;0;0;0;0;0;0;0;0;0;0;0;0;0;0;1;0;0;0;0;0;1;0;0;0;0;0;0;0;0;0;0;0;0;0;0;1;1;0;1;1;0;1;1;0;1;1;0;1;1;0;1;1;0;1;1
7N3X;1;18;1,67;52;20;1;0;0;2;2;1;2;0;1;1;0;1;0;3;1;2;7I5L;;;;;0;0;1;0;0;0;0;0;0;0;0;0;0;0;0;0;0;1;0;1;0;0;0;0;0;0;0;1;0;0;0;0;0;0;0;0;0;0;0;0;0;0;0;0;0;0;0;0;0;0;0;0;0;0;0;0;1;0;0;0;0;0;0;0;0;0;0;0;0;0;0;0;0;0;0;0;0;0;0;0;0;1;0;0;1;0;0;0;0;1;2;0;0;0;0;1;1;0;0;0;0;1;1
7N7F;1;19;1,65;58;20;1;1;1;2;2;1;11;0;0;0;0;1;0;3;2;8;2F2B;0G2I;3M5G;6E9U;0D4Y;0;1;0;0;0;0;0;0;0;0;0;0;0;0;0;0;0;0;0;0;0;1;0;0;0;0;0;0;0;0;0;0;0;0;0;0;0;0;0;0;0;0;0;0;0;0;0;0;0;0;0;0;0;1;0;1;0;0;0;0;0;0;0;0;0;0;0;0;0;0;0;0;0;0;0;0;0;0;0;0;0;1;0;0;0;0;1;1;0;0;0;0;1;1;0;0;0;0;1;1;0;0;0
7P8D;1;21;1,79;100;30;0;0;0;2;2;0;1;0;0;0;0;2;0;1;1;1;;;;;;0;0;0;0;0;0;0;0;0;0;0;0;0;0;0;0;0;1;0;1;0;0;0;0;0;0;0;1;0;0;0;0;0;0;0;0;0;0;0;0;0;0;0;0;0;0;0;0;0;0;0;1;0;0;0;0;0;0;1;0;0;0;0;0;0;0;0;0;0;0;0;0;0;0;0;0;0;0;0;1;0;0;0;0;1;0;0;1;0;0;2;0;0;1;0;0;1;0;0;1;0;0;1
7R3E;1;25;1,73;82;25;3;0;0;1;2;1;8;1;1;1;1;2;2;1;0;3;5S4C;2C5C;;;;0;0;0;0;0;0;0;0;0;0;0;0;0;0;0;0;0;0;0;0;0;0;0;0;0;0;0;0;1;0;0;0;0;0;0;0;0;0;0;0;0;1;0;0;0;0;0;0;0;0;0;0;0;0;0;0;0;0;0;0;1;0;0;0;0;0;0;0;0;0;0;0;0;0;0;0;0;0;0;0;0;0;0;0;1;0;0;0;0;0;1;0;0;0;0;0;1;0;0;0;0;0;1
7T4X;1;19;1,76;70;20;3;0;0;2;0;1;3;1;1;1;0;0;0;2;0;3;1B3G;1W3S;;;;0;0;0;0;0;0;0;0;0;0;0;0;0;0;0;0;0;0;0;0;1;0;0;0;0;0;0;0;1;0;0;0;0;0;0;0;0;0;0;0;0;0;0;0;0;0;0;0;0;0;0;0;0;0;0;0;0;0;0;0;0;0;0;0;0;0;0;0;1;0;0;0;0;0;0;0;0;0;0;0;0;0;0;0;1;0;0;1;0;0;1;0;0;1;0;0;1;0;0;1;0;0;1
7U3T;1;20;1,8;63;20;2;0;0;2;2;1;8;1;1;1;2;1;1;2;0;8;2F2B;6E9U;0D4Y;7N7F;0G2I;0;0;0;0;0;0;0;0;0;0;0;0;0;0;0;0;0;0;0;0;0;1;0;0;0;0;0;0;0;0;0;0;0;0;0;0;0;0;0;0;0;0;0;0;0;0;0;0;0;1;0;0;0;1;1;0;0;0;0;0;0;0;0;0;0;0;0;0;0;0;0;0;0;0;0;0;0;0;0;1;0;0;0;0;0;0;1;2;0;0;0;0;1;1;0;0;0;0;1;1;0;0;0
7U7X;0;19;1,65;60;20;2;1;0;2;2;1;4;0;0;0;0;3;1;2;2;3;;;;;;1;0;0;0;0;0;0;0;0;0;0;0;0;0;0;0;0;1;1;0;0;0;0;0;0;0;0;1;0;0;0;0;0;0;0;0;0;0;0;0;0;0;0;0;0;0;0;0;0;0;0;0;0;1;0;0;0;0;0;1;0;0;0;0;0;0;0;0;0;0;0;0;0;0;0;0;0;0;0;1;0;1;0;0;0;1;0;1;0;0;2;1;0;1;0;0;1;1;0;1;0;0;1
7V3K;1;20;1,78;65;20;1;0;0;2;2;1;6;1;1;1;1;3;1;2;0;2;2I7P;;;;;0;0;0;0;0;0;1;0;0;0;0;0;0;0;0;0;0;0;0;0;0;0;0;0;0;0;0;0;0;0;0;0;0;0;0;0;0;0;0;1;1;0;0;1;0;0;0;0;0;0;0;0;0;0;0;0;0;0;0;0;0;0;0;0;0;0;0;0;0;0;0;1;0;0;0;0;0;0;0;1;0;1;0;0;0;1;1;0;0;0;1;1;1;0;0;0;1;1;1;0;0;0;1
7V9Y;1;20;1,86;56;15;0;1;0;2;0;1;10;1;1;1;2;1;2;2;2;4;8X0N;;2W1G;;;0;0;0;0;0;0;0;0;0;0;0;0;0;0;0;0;0;0;0;0;0;0;0;0;0;0;0;0;1;0;0;0;0;0;0;0;0;0;0;0;0;1;0;0;0;0;0;0;0;0;0;0;0;0;0;0;0;0;0;0;0;0;0;0;0;0;0;0;0;0;0;0;0;0;0;0;0;0;0;0;0;0;0;0;1;0;0;0;0;0;1;0;0;0;0;0;1;0;0;0;0;0;1
7Z3H;1;18;1,75;58;20;2;0;0;1;2;1;5;1;1;1;1;1;0;3;0;2;1G6O;;;;;0;0;0;0;0;0;0;0;0;0;0;0;0;0;0;0;0;1;0;1;0;0;0;0;0;0;0;0;0;0;0;0;0;0;0;0;0;0;0;0;0;0;0;0;0;0;0;0;0;0;0;0;0;1;0;1;0;0;0;0;0;0;0;0;0;0;0;0;0;0;0;0;0;0;0;0;0;0;0;0;0;0;0;0;1;0;0;1;0;0;1;0;0;1;0;0;1;0;0;1;0;0;1
8A1R;1;41;1,79;73;20;2;0;0;1;1;1;6;0;0;0;0;2;0;2;1;6;9I2L;9R1R;9I1E;4M4I;1F9Y;0;0;0;0;0;0;1;0;0;0;0;0;0;0;0;0;0;0;0;0;0;0;0;0;0;0;0;1;0;0;0;0;0;0;0;0;0;0;0;1;0;0;0;1;0;0;0;0;0;0;0;0;0;0;0;0;0;0;0;0;0;0;0;0;0;0;0;0;0;1;0;0;0;1;0;0;0;0;0;0;1;1;0;0;0;0;1;0;1;0;2;0;1;0;1;0;1;0;1;0;1;0;1
8A4O;1;23;1,81;66;20;1;1;0;2;2;0;1;0;0;0;1;2;1;2;2;1;;;;;;0;0;0;0;0;0;0;0;0;0;0;0;0;1;0;0;0;0;0;0;0;0;0;0;0;0;0;0;0;0;1;0;0;0;0;0;0;0;0;0;0;0;0;0;0;0;1;0;0;0;0;0;0;0;0;0;0;1;1;0;0;0;0;0;0;0;0;0;0;0;0;0;0;0;0;0;0;0;0;2;0;1;0;0;1;0;0;0;0;0;1;0;0;0;0;0;1;0;0;0;0;0;1
8B5X;1;19;1,64;62;25;0;0;0;2;2;1;5;1;0;0;1;2;0;2;2;6;1N9J;8I1G;0Y2Q;5S8N;2F1L;0;0;0;0;0;0;0;0;0;0;0;0;0;0;0;0;0;0;0;0;0;0;0;0;0;0;0;0;0;0;0;0;0;0;0;0;0;0;0;0;0;0;0;0;1;0;1;0;0;0;0;0;0;0;0;0;0;0;0;0;0;0;0;0;0;0;0;0;0;0;0;1;0;0;0;0;0;1;0;1;1;0;0;0;0;0;1;0;0;0;1;0;1;0;0;0;1;0;1;0;0;0;1
8B8H;1;19;1,9;70;20;2;0;0;2;2;0;6;1;1;1;1;1;0;3;0;6;2L2Z;6U3B;8W4Q;4A1V;0R4X;0;0;0;0;0;0;0;0;0;0;0;0;0;0;0;0;0;0;0;1;0;0;0;0;0;0;0;0;0;0;0;0;0;0;0;1;1;0;0;0;0;0;0;0;0;0;0;0;0;0;0;0;0;0;0;0;0;0;0;0;0;0;1;0;0;0;0;0;0;0;0;0;0;0;0;0;0;0;0;0;0;0;0;0;1;0;0;0;0;1;2;0;0;0;0;1;1;0;0;0;0;1;1
8D7X;1;23;1,85;55;15;1;0;0;2;0;1;4;1;1;1;0;0;0;2;0;4;3U9V;3Q5T;8S7P;;;0;0;0;0;0;0;0;0;0;0;0;0;0;1;0;0;0;0;0;0;0;0;0;0;0;0;0;1;0;0;0;0;0;0;0;0;0;1;0;0;0;0;0;1;0;0;0;0;0;0;0;0;0;0;0;0;0;0;0;0;0;0;0;0;0;0;0;0;0;1;0;0;0;0;0;0;0;0;0;0;0;1;0;0;1;0;0;0;1;0;2;0;0;0;1;0;1;0;0;0;1;0;1
8E0Y;0;20;1,53;50;20;0;0;0;2;1;1;2;0;0;0;0;0;0;2;1;2;3Q2Q;;;;;0;0;0;0;0;0;0;0;0;0;0;0;0;0;0;0;0;0;0;0;0;0;0;0;0;0;0;0;0;0;1;0;0;0;0;0;0;0;0;0;0;0;0;0;0;0;1;0;0;0;0;0;0;0;1;0;0;0;0;0;0;0;0;0;0;0;0;0;0;0;0;0;0;0;0;0;0;0;0;1;0;0;0;0;1;0;0;0;0;0;1;0;0;0;0;0;1;0;0;0;0;0;1
8G5E;1;20;1,7;59;20;3;0;0;2;2;1;2;1;1;1;0;2;0;2;1;3;;;;;;0;0;0;0;0;0;0;0;0;0;0;0;0;1;0;0;0;0;0;0;0;0;0;0;0;0;0;1;0;0;0;0;0;0;0;0;0;0;0;0;1;0;0;1;0;0;0;0;0;0;0;0;0;0;0;0;0;0;0;0;0;0;0;0;0;0;0;0;0;1;0;0;0;0;0;0;0;0;0;0;0;1;0;0;0;1;0;0;1;0;2;1;0;0;1;0;1;1;0;0;1;0;1
8G6G;1;23;1,81;80;25;2;1;0;2;2;1;2;0;0;0;0;3;0;2;0;2;1U6R;;;;;0;0;0;0;0;0;0;0;0;0;0;1;0;0;0;0;0;0;0;0;0;0;0;0;0;0;0;1;0;0;0;0;0;0;0;0;0;0;0;1;0;0;0;1;0;0;0;0;0;0;0;0;0;0;0;0;0;0;0;0;0;0;0;0;0;0;0;1;1;0;0;0;0;0;0;0;0;0;0;0;0;0;0;1;0;0;1;1;1;0;2;0;1;1;1;0;1;0;1;1;1;0;1
8G7E;1;18;1,7;55;20;2;0;0;2;2;0;1;0;0;0;1;2;1;3;3;5;5J3M;5D1Z;8G8P;3T0E;;0;0;0;0;0;0;0;0;0;0;0;0;0;0;0;0;0;0;0;0;0;0;0;0;1;0;0;0;0;0;0;0;0;0;0;0;0;0;0;0;0;0;0;0;0;0;0;0;0;0;0;0;0;0;0;0;0;0;0;0;0;0;0;0;0;0;0;0;0;0;0;0;0;0;0;0;0;0;0;0;0;0;0;0;1;0;0;0;0;0;0;0;0;0;0;0;0;0;0;0;0;0;0
8G8P;1;18;1,71;55;20;2;0;0;2;2;1;5;0;0;0;1;1;1;3;2;5;5J3M;8G7E;3T0E;5D1Z;;0;0;0;0;0;0;0;0;0;0;0;0;0;0;0;0;0;0;0;0;1;0;0;0;0;0;0;0;1;0;0;0;0;0;0;0;0;0;0;0;0;0;0;0;0;0;0;0;0;1;0;0;0;0;0;0;0;0;1;0;0;0;0;0;0;0;0;0;0;0;0;0;0;0;0;0;0;0;0;1;0;0;0;0;1;0;0;1;0;0;1;0;0;1;0;0;1;0;0;1;0;0;1
8H6H;0;19;1,65;58;20;1;0;0;2;1;1;11;1;1;1;3;0;0;0;0;3;;;;;;0;0;0;0;0;0;0;0;0;0;0;0;0;0;0;0;0;1;1;0;0;0;0;0;0;0;0;0;0;0;0;0;0;0;0;0;0;0;0;0;0;0;0;0;0;0;0;0;0;1;0;0;0;0;0;0;0;0;0;0;0;0;0;0;0;0;0;0;0;0;0;0;0;0;0;0;0;0;0;0;0;0;0;0;0;1;0;1;0;0;1;1;0;1;0;0;1;1;0;1;0;0;1
8J2L;0;20;1,61;59;20;2;0;0;1;4;1;4;1;1;1;0;2;0;2;0;6;5W6M;1L4G;9K2W;1M2Q;2S4Q;0;0;1;0;0;0;0;0;0;0;0;0;0;0;0;0;0;0;0;0;0;0;0;0;0;0;0;0;0;0;1;0;0;0;0;0;0;0;0;0;0;0;0;0;0;0;1;1;0;0;0;0;0;0;0;0;0;0;0;0;0;0;0;0;0;0;0;0;0;0;0;0;0;0;0;0;0;1;0;0;1;1;0;0;1;0;0;0;0;0;2;0;0;0;0;0;1;0;0;0;0;0;1
8K4B;0;21;1,82;65;20;0;1;0;1;1;1;2;1;1;1;1;2;0;1;1;2;5O0Y;;;;;0;0;0;0;0;0;0;0;0;0;0;0;0;0;0;0;0;1;1;0;0;0;0;0;0;0;0;1;0;0;0;0;0;0;0;0;0;0;0;0;0;0;0;0;0;0;0;0;0;0;0;0;0;1;0;0;0;0;1;0;0;0;0;0;0;0;0;0;0;0;0;0;0;0;0;0;0;0;0;1;0;0;0;0;0;1;0;1;0;0;2;1;0;1;0;0;1;1;0;1;0;0;1
8M0U;1;18;1,74;60;20;1;0;0;2;2;1;3;0;0;0;0;0;0;3;2;3;5M7S;9I7L;;;;0;0;1;0;1;0;0;0;0;0;0;0;0;0;0;0;0;1;0;1;0;0;0;0;0;0;0;1;0;0;0;0;0;0;0;0;0;0;0;0;0;0;0;0;0;0;0;0;0;0;0;0;0;0;0;1;0;0;0;0;0;0;0;0;0;0;0;0;0;0;0;0;0;0;0;0;0;0;0;0;0;1;0;1;1;0;0;0;0;0;2;0;0;0;0;0;1;0;0;0;0;0;1
8M9W;1;18;1,78;65;20;3;0;0;2;2;1;17;0;1;1;0;3;2;3;3;3;;;;;;0;0;1;0;0;0;0;0;1;0;0;0;0;0;0;0;0;1;1;0;0;0;0;0;0;0;0;1;0;0;0;0;0;0;0;0;0;0;0;0;0;0;0;0;0;0;0;0;0;1;0;0;0;0;0;0;0;0;0;0;0;0;0;0;0;0;0;0;0;0;0;0;0;0;0;0;0;0;0;0;0;2;0;0;0;1;0;1;0;0;2;1;0;1;0;0;1;1;0;1;0;0;1
8N1H;1;18;1,75;68;20;2;1;1;2;1;1;3;1;0;0;0;2;0;2;1;3;8P9D;4D0S;;;;0;0;0;0;1;0;0;0;0;0;0;0;0;0;0;0;0;1;1;0;0;0;0;0;0;0;0;1;0;0;0;0;0;0;0;0;0;0;0;0;0;0;0;0;0;0;0;0;0;0;0;0;0;1;0;0;1;0;0;0;0;0;0;0;0;0;0;0;0;0;0;0;0;0;0;0;0;0;0;0;0;0;0;1;0;1;0;1;0;1;2;1;0;1;0;1;1;1;0;1;0;1;1
8N4I;0;21;1,9;90;25;2;0;0;2;2;0;6;0;0;0;0;2;0;3;1;6;6V9Q;4H1X;1Y9W;1C3K;0H8R;0;0;0;0;0;0;0;0;0;0;0;0;0;0;0;0;0;0;0;0;0;0;0;0;0;0;0;0;1;0;0;0;0;1;0;0;0;0;0;0;0;0;0;0;0;0;0;0;0;0;0;0;0;0;0;0;0;0;0;0;0;0;0;1;0;0;1;0;0;0;0;0;0;0;0;0;0;0;0;1;0;0;0;0;0;0;1;0;1;0;1;0;1;0;1;0;1;0;1;0;1;0;1
8N8Q;1;20;1,79;68;20;1;1;0;2;2;1;3;0;0;0;0;3;0;1;2;4;9G6O;4W2W;2Z9H;;;0;0;0;0;0;0;0;0;0;0;0;0;0;0;0;0;0;0;0;0;1;0;0;0;0;0;0;0;1;0;0;0;0;0;0;0;0;0;0;0;0;0;0;0;0;0;0;0;0;0;0;0;0;0;0;0;0;0;0;0;0;0;0;0;0;0;0;0;0;0;0;0;0;0;0;0;0;0;0;0;0;0;0;0;1;0;0;0;0;0;1;0;0;0;0;0;1;0;0;0;0;0;1
8Q9F;0;20;1,61;53;20;0;1;1;2;1;1;13;1;1;1;0;2;0;2;2;14;4O8C;1Y7U;2J2X;9X1Z;0H5L;0;0;0;1;0;0;0;0;0;0;0;0;0;0;0;0;0;0;0;0;0;0;0;0;0;0;0;1;0;0;0;0;0;0;0;0;0;0;0;1;0;0;0;1;0;0;0;0;0;0;0;0;0;0;0;0;0;0;0;0;0;0;0;0;0;0;0;0;0;1;0;0;0;0;0;0;0;0;0;0;0;1;0;0;0;0;1;0;1;0;2;0;1;0;1;0;1;0;1;0;1;0;1
8S5L;1;20;1,8;80;25;3;0;0;2;2;0;1;0;0;0;0;0;0;3;1;3;;;;;;0;1;0;0;0;0;0;0;0;0;0;0;0;0;0;0;0;0;0;1;0;0;0;0;0;0;0;0;0;0;0;0;0;0;0;1;1;0;0;0;0;0;0;0;0;0;0;0;0;0;0;0;0;0;0;0;0;0;0;0;0;0;0;0;1;0;1;0;0;0;0;0;0;0;0;0;0;0;0;0;0;1;0;0;1;0;0;1;1;0;2;0;0;1;1;0;1;0;0;1;1;0;1
8S7L;0;24;1,62;54;20;3;0;0;2;4;1;6;0;0;0;0;1;0;2;2;6;1C5X;4C3L;7B2H;2Q8X;6O7D;0;0;0;0;0;0;0;0;0;0;0;0;0;0;0;0;0;0;0;0;0;0;0;0;0;0;0;0;0;0;0;0;0;0;0;0;0;0;1;0;0;0;0;1;0;0;0;0;0;0;0;0;0;0;1;0;0;0;0;0;0;0;0;0;0;0;0;0;1;0;0;0;0;0;0;0;0;0;0;1;0;0;0;0;1;0;0;1;0;0;1;0;0;1;0;0;1;0;0;1;0;0;1
8S7P;1;27;1,8;70;20;2;0;0;2;4;1;4;0;1;1;0;2;0;2;0;4;3Q5T;8D7X;3U9V;;;0;0;0;0;0;0;0;0;0;0;0;0;1;0;0;0;0;0;0;0;0;0;0;0;0;0;0;1;0;0;0;0;0;0;0;0;0;1;0;0;0;0;0;1;0;0;0;0;0;0;0;0;0;0;0;0;0;0;0;0;0;0;0;0;0;0;0;0;0;1;0;0;0;0;0;0;0;0;0;0;0;0;1;0;1;0;0;0;1;0;2;0;0;0;1;0;1;0;0;0;1;0;1
8S8P;1;22;1,69;66;25;2;0;0;2;2;0;2;1;0;0;0;2;1;2;1;2;7P4Y;;;;;0;0;0;0;0;0;0;0;0;0;1;0;0;0;0;0;0;0;0;0;0;0;0;0;0;0;0;0;0;0;1;0;0;0;0;1;1;0;0;0;0;0;0;0;0;0;0;0;0;0;0;0;0;0;0;0;0;0;0;0;0;0;1;0;0;0;1;0;0;0;0;0;0;0;0;0;0;0;0;0;0;0;0;1;1;0;0;0;1;1;2;0;0;0;1;1;1;0;0;0;1;1;1
8U4I;1;18;1,84;68;20;2;0;0;2;0;1;3;1;1;1;1;2;0;3;1;3;2M7S;7D4K;;;;0;0;0;0;1;0;0;0;0;0;0;0;0;0;0;0;0;1;0;1;0;0;0;0;0;0;0;0;0;0;0;0;0;0;0;0;0;0;0;0;0;0;0;0;0;0;0;0;0;1;0;0;0;0;1;0;0;0;0;0;0;0;0;0;0;0;0;0;0;0;0;0;0;0;0;0;0;0;0;1;0;0;0;1;1;0;0;1;0;0;1;0;0;1;0;0;1;0;0;1;0;0;1
8W0W;1;26;1,77;73;25;1;1;0;2;2;1;2;1;1;1;0;0;0;2;1;2;5J1R;;;;;0;0;0;0;0;0;0;0;0;0;0;0;0;0;0;0;0;0;0;0;0;0;0;0;0;0;0;1;0;0;0;0;0;0;0;0;0;0;0;0;1;0;0;1;0;0;0;0;0;0;0;0;0;0;0;0;0;0;1;0;0;0;0;0;0;0;0;1;0;0;0;0;0;0;0;0;0;0;0;1;0;0;0;0;0;1;0;0;1;0;2;1;0;0;1;0;1;1;0;0;1;0;1
8W1B;0;22;1,7;57;20;2;1;1;1;2;1;5;1;1;1;2;2;0;1;3;5;6T3K;6R1H;9Z3C;4G8T;;0;0;0;0;0;0;0;0;0;0;0;0;1;0;0;0;0;0;0;0;0;0;0;0;0;0;0;1;0;0;0;0;0;0;0;0;0;0;0;1;0;0;0;1;0;0;0;0;0;0;0;0;0;0;0;0;0;1;1;0;0;0;0;0;0;0;0;0;0;0;0;0;0;0;0;0;0;0;0;2;0;0;1;0;0;0;1;0;0;0;2;0;1;0;0;0;1;0;1;0;0;0;1
8W1L;0;19;1,65;98;35;1;0;0;2;1;0;2;1;1;1;1;1;0;3;2;2;5M6R;;;;;0;0;0;0;0;0;0;0;0;0;0;0;0;0;0;0;0;0;0;0;0;0;0;0;0;0;0;0;0;0;1;0;0;0;0;1;1;0;0;0;0;0;0;0;0;0;0;0;0;0;0;0;0;0;0;0;0;0;0;0;0;0;0;1;0;0;0;0;0;0;0;0;0;0;0;0;0;0;0;1;0;0;0;0;1;0;0;0;0;0;2;0;0;0;0;0;1;0;0;0;0;0;1
8W4Q;0;20;1,62;50;20;0;0;0;2;1;0;6;1;0;0;0;3;0;2;2;6;4A1V;6U3B;8B8H;2L2Z;0R4X;0;1;0;0;0;0;0;0;0;1;0;0;0;0;0;0;0;0;0;1;0;0;0;0;0;0;0;0;0;0;0;0;0;0;0;1;1;0;0;0;0;0;0;0;0;0;0;0;0;0;0;0;0;0;0;0;0;0;0;0;0;0;1;0;0;0;0;0;0;0;0;0;0;0;0;0;0;0;0;0;0;2;0;0;1;0;0;0;0;1;2;0;0;0;0;1;1;0;0;0;0;1;1
8W7P;1;19;1,78;80;25;1;0;0;2;1;1;4;1;1;1;1;2;1;2;0;4;2I9R;2A4L;8V5M;;;0;0;0;0;1;0;0;0;0;0;0;0;0;0;0;0;0;0;0;0;0;1;0;0;0;0;0;0;0;0;0;0;0;0;0;0;0;0;0;0;0;0;0;0;0;0;0;0;0;0;0;0;0;1;0;1;0;0;0;0;0;0;0;0;0;0;0;0;0;0;0;0;0;0;0;0;0;0;0;0;0;0;0;1;0;0;1;1;0;0;0;0;1;1;0;0;0;0;1;1;0;0;0
8X0N;1;21;1,8;62;20;1;0;0;2;2;1;10;1;1;1;3;0;2;3;2;4;7V9Y;;2W1G;;;0;0;0;0;0;0;0;0;0;0;0;0;0;0;0;0;0;0;0;0;1;0;0;0;0;0;0;0;1;0;0;0;0;0;0;0;0;0;0;0;0;0;0;0;0;0;0;0;0;0;0;0;0;0;0;0;0;0;0;0;0;0;0;0;0;0;0;0;0;0;0;0;0;0;0;0;0;0;0;0;0;0;0;0;1;0;0;0;0;0;1;0;0;0;0;0;1;0;0;0;0;0;1
8X6E;1;23;1,83;73;20;3;0;0;1;1;0;1;0;0;0;0;2;0;2;1;1;;;;;;0;0;0;0;0;0;1;0;0;0;0;0;0;0;0;0;0;0;0;0;0;0;0;0;0;0;0;1;0;0;0;0;0;0;0;0;0;1;0;0;0;0;0;1;0;0;0;0;0;0;0;0;0;0;0;0;0;0;0;0;0;0;1;0;0;0;0;0;0;1;0;0;0;0;0;0;0;0;0;0;0;1;0;0;1;0;0;0;1;1;2;0;0;0;1;1;1;0;0;0;1;1;1
8X9Z;1;27;1,77;66;20;2;0;0;1;2;1;2;1;1;1;0;2;1;3;3;5;3D2B;6V3U;6O7K;7J8O;;0;0;0;0;0;0;0;0;0;0;0;0;0;0;0;0;0;0;0;0;0;0;0;0;0;0;0;0;0;0;0;0;0;0;0;0;0;0;0;0;0;0;0;0;0;1;1;1;0;0;0;0;1;0;0;0;0;0;0;0;0;0;0;0;0;0;0;0;0;0;0;0;0;0;0;0;0;1;0;0;1;0;0;0;0;1;0;1;0;0;2;1;0;1;0;0;1;1;0;1;0;0;1
8Z9E;1;28;1,76;70;20;2;0;0;1;2;0;1;1;1;0;3;1;2;1;3;3;5Y3W;9W3F;;;;0;0;0;0;0;0;0;0;0;0;0;0;0;0;0;0;0;0;0;0;0;0;0;0;0;0;0;0;1;0;0;0;0;0;0;0;0;0;0;0;0;0;1;0;0;0;0;0;0;0;0;0;0;0;0;0;0;0;0;0;1;0;0;0;0;0;0;0;0;1;0;0;0;1;0;0;0;0;0;0;1;0;0;0;1;0;0;0;1;0;1;0;0;0;1;0;1;0;0;0;1;0;1
9A6W;1;21;1,8;75;25;2;0;0;2;2;0;1;0;0;0;0;1;0;2;0;1;;;;;;0;0;0;0;0;0;0;0;0;0;0;0;0;0;0;0;0;0;0;0;0;0;0;0;1;0;0;0;0;0;0;0;0;0;0;0;0;0;0;0;0;0;0;0;0;0;0;0;0;0;0;0;0;0;0;0;0;0;0;0;0;0;0;0;0;0;0;0;0;0;0;0;0;0;0;0;0;0;0;0;0;0;0;0;1;0;0;0;0;0;0;0;0;0;0;0;0;0;0;0;0;0;0
9B3F;1;20;1,72;75;25;1;0;0;2;0;0;8;1;1;1;2;0;2;3;0;7;6T3S;4R6L;5I5P;4M6N;0Y1T;1;0;0;0;0;0;0;0;0;0;0;0;0;0;0;0;0;0;0;0;0;0;0;0;0;0;0;0;0;0;0;0;1;0;0;1;1;0;0;0;0;0;0;0;0;0;0;0;0;0;0;0;0;0;0;0;0;0;1;0;0;0;0;0;0;0;1;0;0;0;0;0;0;0;0;0;0;0;0;1;0;1;0;0;0;1;0;0;1;0;2;1;0;0;1;0;1;1;0;0;1;0;1
9B5K;1;25;1,9;75;20;2;1;0;1;2;1;5;1;1;1;1;3;1;1;1;10;4A7O;0F1W;1R9D;2R7A;5Q1R;0;0;0;0;0;0;0;0;0;0;0;0;0;0;1;0;0;0;0;0;0;0;0;0;0;0;0;0;0;0;0;0;0;0;0;0;0;0;1;0;0;0;0;1;0;0;0;0;0;0;0;0;0;0;0;0;0;0;0;0;0;0;0;0;0;0;0;0;0;0;0;0;0;0;0;0;0;0;0;0;0;0;0;1;1;0;0;0;0;0;1;0;0;0;0;0;1;0;0;0;0;0;1
9B8H;1;20;1,8;80;25;2;0;0;2;4;1;2;1;1;1;0;2;0;0;0;3;;;;;;0;0;0;0;0;0;0;0;0;0;0;0;0;0;0;0;0;0;0;0;0;0;0;0;0;0;0;0;1;0;0;0;0;0;0;0;0;0;0;0;0;0;1;0;0;0;0;0;1;0;0;0;0;0;0;0;0;0;0;0;0;0;0;0;0;0;0;0;0;0;0;0;0;0;0;0;0;0;0;0;0;0;0;0;1;0;0;0;0;0;2;0;0;0;0;0;1;0;0;0;0;0;1
9C8Y;1;22;1,78;78;25;2;0;0;2;2;1;9;1;1;1;0;2;1;2;1;14;4O8C;1Y7U;2J2X;8Q9F;9X1Z;0;0;0;0;0;0;0;0;0;0;0;0;0;0;0;0;0;0;0;0;0;0;0;0;0;0;0;0;0;0;0;0;0;0;0;0;0;0;1;0;1;0;0;1;0;0;0;0;0;0;0;0;0;0;0;0;0;0;0;0;0;0;0;0;0;0;0;0;0;1;0;0;0;0;0;1;0;0;0;0;0;0;0;0;1;1;0;0;2;0;1;1;0;0;1;0;1;1;0;0;1;0;1
9D6N;1;20;1,72;60;20;0;0;0;1;1;1;3;1;1;1;0;0;0;2;0;3;6F8P;4I6K;;;;0;0;0;0;0;0;0;0;0;0;0;1;0;0;0;0;0;0;0;0;0;0;0;0;0;0;0;1;0;0;0;0;0;0;0;0;0;1;0;0;0;0;0;1;0;0;0;0;0;0;0;0;0;0;0;0;0;0;1;0;0;0;0;0;0;0;0;0;0;0;0;0;0;0;0;0;0;0;0;1;0;0;0;1;1;0;0;0;0;0;2;0;0;0;0;0;1;0;0;0;0;0;1
9E7A;0;21;1,64;53;20;2;0;0;2;2;1;3;1;1;1;1;2;1;2;1;3;4B5E;9P2T;;;;0;0;0;0;0;0;0;0;0;0;0;1;0;0;0;0;0;0;0;0;0;0;0;0;0;0;0;0;0;0;0;0;0;0;0;0;0;0;0;0;0;0;0;0;0;1;1;1;0;0;0;0;1;0;1;0;0;0;0;0;0;0;0;0;0;0;0;0;0;0;0;0;0;0;0;0;0;0;0;1;0;0;0;1;0;1;0;1;0;0;2;1;0;1;0;0;1;1;0;1;0;0;1
9G6O;1;23;1,8;69;20;1;0;0;1;2;1;3;1;0;0;1;3;1;2;1;4;8N8Q;4W2W;2Z9H;;;0;0;0;0;0;0;0;0;0;0;0;0;0;0;0;0;0;0;0;0;1;0;0;0;0;0;0;0;1;0;0;0;0;0;0;0;0;0;0;0;0;0;0;0;0;0;0;0;0;0;0;0;0;0;0;0;0;0;0;0;0;0;0;0;0;0;0;0;0;1;0;0;0;0;0;0;0;0;0;0;0;0;0;0;1;0;0;0;1;0;1;0;0;0;1;0;1;0;0;0;1;0;1
9I1E;1;28;1,73;75;25;0;1;0;1;1;1;5;1;0;0;0;3;0;2;2;6;9I2L;4M4I;9R1R;8A1R;1F9Y;0;0;0;0;0;0;0;0;0;0;0;0;0;0;0;0;0;0;0;0;0;0;0;0;0;0;0;1;0;0;0;0;0;0;0;0;0;0;0;0;1;0;0;1;0;0;0;0;0;0;0;0;0;0;0;0;0;0;0;0;0;0;0;0;0;0;0;1;0;0;0;0;1;0;0;0;0;0;0;0;1;0;0;0;0;1;0;0;1;0;2;1;0;0;1;0;1;1;0;0;1;0;1
9I2L;1;24;1,8;75;25;2;0;0;1;1;1;5;0;0;0;0;1;0;2;2;6;9I1E;4M4I;9R1R;8A1R;1F9Y;0;0;0;0;0;0;0;0;0;0;0;0;0;1;0;0;0;0;0;0;0;0;0;0;0;0;0;0;0;0;0;0;0;0;0;0;0;0;0;1;0;0;0;1;0;0;0;0;0;0;0;0;0;0;0;0;0;0;0;0;0;0;0;0;0;0;0;0;0;1;0;0;0;0;0;0;0;0;0;0;0;1;0;0;0;0;1;0;1;0;1;0;1;0;1;0;1;0;1;0;1;0;1
9I9S;1;20;1,86;75;20;1;1;0;2;4;1;3;0;1;1;0;2;0;2;0;3;7F1D;6E4S;;;;1;0;0;0;0;0;0;0;0;0;0;0;0;0;0;0;0;0;0;0;0;0;0;0;0;0;0;1;0;0;0;0;0;0;0;0;0;0;1;0;0;0;0;1;0;0;0;0;0;0;0;0;0;0;0;0;0;0;0;0;0;0;0;0;0;0;0;1;0;0;0;0;0;0;0;0;0;0;0;0;0;1;0;0;1;0;0;0;1;0;2;0;0;0;1;0;1;0;0;0;1;0;1
9J2Z;1;20;1,85;62;20;0;0;0;2;2;0;9;1;1;1;0;3;0;3;0;5;3H8D;5L2C;1O2H;1G3P;;0;0;0;0;0;0;0;0;0;0;0;0;0;0;0;0;0;0;0;1;0;0;0;0;0;0;0;0;0;0;0;0;0;0;0;1;1;0;0;0;0;0;0;0;0;0;0;0;0;0;0;0;0;0;0;0;0;0;0;0;0;0;1;1;1;0;0;0;0;0;0;0;0;0;0;0;0;0;0;1;0;0;0;0;1;0;0;1;0;1;2;0;0;1;0;1;1;0;0;1;0;1;1
9J6M;1;21;1,85;68;20;1;1;1;2;2;1;4;1;1;1;2;2;1;3;1;4;5B2Z;0O5Q;5I3E;;;0;0;0;0;1;0;0;0;0;0;0;0;0;0;0;0;0;1;0;1;0;0;0;0;0;0;0;1;0;0;0;0;0;0;0;0;0;0;0;0;0;0;0;0;0;0;0;0;0;0;0;0;0;1;0;0;0;0;0;0;0;0;0;0;0;0;0;0;0;0;0;0;0;0;0;0;0;0;0;0;0;0;0;1;1;0;0;1;0;0;2;0;0;1;0;0;1;0;0;1;0;0;1
9M5B;1;21;1,74;55;20;1;0;0;1;0;1;10;1;1;1;1;3;0;1;2;10;3O6U;2R7A;4A7O;0F1W;9B5K;0;0;0;0;0;0;0;0;0;0;0;0;0;0;1;0;0;0;0;0;0;0;0;0;0;0;0;0;0;0;0;0;0;0;0;0;0;0;1;0;0;0;0;1;0;0;0;0;0;0;0;0;0;0;0;0;0;0;0;0;0;0;0;0;0;0;0;0;0;1;0;0;0;0;0;0;0;0;0;0;0;0;0;1;1;0;0;0;1;0;1;0;0;0;1;0;1;0;0;0;1;0;1
9O9K;1;20;1,75;58;20;3;1;0;2;1;1;2;1;1;1;0;3;0;1;0;2;0N9P;;;;;0;0;0;0;0;0;0;0;0;0;0;0;0;0;0;0;0;0;0;0;0;0;0;0;0;0;0;0;0;0;0;0;0;0;0;0;0;0;1;0;0;0;0;1;0;0;0;0;0;0;0;0;0;0;0;0;0;0;0;0;0;0;0;0;0;0;0;0;1;1;0;0;0;0;0;0;0;0;0;0;0;0;0;0;1;0;0;1;1;0;1;0;0;1;1;0;1;0;0;1;1;0;1
9P2T;1;21;1,7;55;20;1;0;0;2;1;1;3;1;1;1;0;3;0;2;1;3;4B5E;9E7A;;;;0;0;1;0;0;0;0;0;0;0;0;0;0;0;0;0;0;0;0;0;0;0;0;0;0;0;0;0;0;0;0;0;0;0;0;0;0;0;0;0;0;0;0;0;0;1;1;1;0;0;0;0;0;0;0;0;0;0;0;1;0;0;0;0;0;0;0;0;0;0;0;0;0;0;0;0;0;0;1;1;1;1;0;0;0;1;0;0;0;0;2;1;0;0;0;0;1;1;0;0;0;0;1
9P8X;1;22;1,7;70;25;3;0;0;1;4;1;3;0;1;1;1;0;1;2;1;2;9K7A;;;;;0;1;0;0;0;0;0;0;0;0;0;0;0;0;0;0;0;1;0;1;0;0;0;0;0;0;0;1;0;0;0;0;0;0;0;0;0;0;0;0;0;0;0;0;0;0;0;0;0;0;0;0;0;1;0;0;0;0;1;0;0;0;0;0;0;0;0;0;0;0;0;0;0;0;0;0;0;0;0;1;0;1;0;0;1;0;0;1;0;0;2;0;0;1;0;0;1;0;0;1;0;0;1
9Q5A;1;20;1,8;72;20;3;0;0;2;2;1;2;1;1;1;0;3;0;3;0;2;7Y5A;;;;;0;0;0;0;0;0;0;0;0;0;0;0;0;0;0;0;0;0;0;0;0;0;0;0;0;0;0;0;0;0;0;0;0;0;0;0;0;0;0;0;1;0;0;1;0;0;0;0;0;0;0;0;0;0;0;0;0;0;0;0;0;0;0;0;0;1;0;0;0;1;0;0;0;0;0;0;0;0;0;0;0;0;0;0;0;1;0;1;1;0;1;1;0;1;1;0;1;1;0;1;1;0;1
9R1R;1;30;1,7;63;20;2;0;0;1;2;1;6;1;1;1;0;3;1;2;2;6;4M4I;9I2L;8A1R;9I1E;1F9Y;0;0;0;0;0;0;0;0;0;0;0;0;0;0;0;1;0;0;0;0;0;0;0;0;0;0;0;1;0;0;0;0;0;0;0;0;0;0;1;0;0;0;0;1;0;0;0;0;0;0;0;0;0;0;0;0;0;0;0;0;0;0;0;0;0;0;0;0;0;0;0;0;0;1;0;0;0;0;0;0;1;0;0;1;1;0;0;0;0;0;2;0;0;0;0;0;1;0;0;0;0;0;1
9R3J;0;25;1,68;90;30;2;0;0;2;4;1;18;1;0;0;3;3;2;0;3;9;8B3E;9Z4S;8B3A;5A8F;1A1B;0;1;0;0;0;0;0;0;0;0;0;0;0;0;0;0;0;1;0;1;0;0;0;0;0;0;0;1;0;0;0;0;0;0;0;0;0;0;0;0;0;0;0;0;0;0;0;0;0;0;0;0;0;1;0;0;0;0;0;0;0;0;0;0;0;0;0;0;0;0;0;0;0;0;0;0;0;0;0;0;0;1;0;0;1;0;0;1;0;0;2;0;0;1;0;0;1;0;0;1;0;0;1
9R6Y;1;27;1,8;70;20;2;0;0;2;4;1;4;1;1;1;0;0;0;2;0;4;4F9D;1G7G;5M0T;;;0;0;0;0;0;0;0;0;0;0;0;0;0;0;0;1;0;0;0;0;0;0;0;0;0;0;0;0;0;0;1;0;0;0;0;0;0;0;0;0;0;0;0;0;0;0;1;1;0;0;0;0;0;0;0;0;0;0;0;0;0;0;0;0;0;0;0;0;0;0;0;0;0;0;1;0;0;0;0;0;0;0;0;1;1;0;0;0;0;1;2;0;0;0;0;1;1;0;0;0;0;1;1
9S9J;1;21;1,76;110;35;1;0;0;2;2;0;10;1;1;1;3;2;0;3;1;7;0Y1T;4M6N;9B3F;5I5P;6T3S;0;0;0;0;0;0;0;0;0;0;0;0;0;0;0;0;0;0;0;1;0;0;0;0;0;0;0;0;0;0;0;0;0;0;0;1;0;0;0;0;0;0;0;0;0;0;0;0;0;0;0;0;0;0;0;0;0;0;0;0;0;0;0;1;0;0;0;0;0;0;0;0;0;0;0;0;0;0;0;1;0;0;0;0;1;0;0;0;0;0;1;0;0;0;0;0;1;0;0;0;0;0;1
9V8W;0;21;1,7;57;20;1;1;1;2;2;0;1;0;0;0;0;2;0;1;2;3;;;;;;1;0;0;0;0;0;0;0;0;0;0;0;0;0;0;0;0;0;0;0;0;0;0;0;0;0;0;0;0;0;0;0;0;0;0;0;0;0;0;0;0;0;0;0;1;0;1;0;0;0;0;0;0;0;0;0;0;0;0;0;0;0;0;0;0;0;0;0;0;0;0;0;0;0;0;0;0;0;0;0;0;1;0;0;0;0;1;0;0;0;1;0;1;0;0;0;1;0;1;0;0;0;1
9W3C;1;18;1,75;55;15;3;0;0;2;0;0;3;1;1;1;0;0;0;3;0;3;6I6Y;4L5H;;;;0;0;0;0;0;0;0;0;0;0;0;0;0;0;0;0;0;0;0;0;0;0;0;0;0;0;0;0;0;0;1;0;0;0;0;1;0;0;0;0;0;0;0;0;0;0;0;0;0;0;0;0;0;0;0;0;0;0;0;0;0;0;0;0;0;0;0;0;0;0;0;0;0;0;0;0;0;0;0;0;0;0;0;0;1;0;0;0;0;0;1;0;0;0;0;0;1;0;0;0;0;0;1
9W3F;1;32;1,82;79;25;1;0;0;1;4;1;2;1;1;1;0;2;0;3;0;3;5Y3W;8Z9E;;;;0;0;0;0;0;0;0;0;0;0;0;0;0;0;0;0;0;0;0;0;1;0;0;0;0;0;0;0;1;0;0;0;0;0;0;0;0;0;0;0;0;0;0;0;0;0;0;0;0;0;0;0;1;0;0;0;0;0;0;0;0;0;0;0;0;0;0;0;0;0;0;0;0;0;0;0;0;0;0;0;0;0;0;0;1;0;0;1;0;0;1;0;0;1;0;0;1;0;0;1;0;0;1
9X1Z;0;22;1,68;56;20;2;0;0;2;2;1;16;0;0;0;0;2;0;2;2;14;4O8C;1Y7U;2J2X;8Q9F;0H5L;0;0;0;0;0;0;0;0;0;0;0;0;0;0;1;0;0;0;0;0;0;0;0;0;0;0;0;1;0;0;0;0;0;0;0;0;0;0;0;1;0;0;0;1;0;0;0;0;0;0;0;0;0;0;0;0;0;0;1;0;0;0;0;0;0;0;0;0;0;0;0;0;0;0;0;0;0;0;0;1;0;0;0;1;0;0;1;0;0;0;2;0;1;0;0;0;1;0;1;0;0;0;1
9Z3C;1;21;1,75;61;20;2;1;1;2;4;1;5;1;1;1;2;2;0;2;1;5;6T3K;6R1H;4G8T;8W1B;;1;0;0;0;0;0;0;0;0;0;0;0;0;0;0;0;0;0;0;0;0;0;0;0;0;0;0;0;0;0;0;0;0;0;0;0;0;0;0;1;0;0;0;1;0;0;0;0;0;0;0;0;0;0;0;0;0;0;0;0;0;0;0;0;0;0;0;0;0;0;0;1;0;0;0;0;0;0;0;1;0;1;0;0;0;0;1;0;0;0;1;0;1;0;0;0;1;0;1;0;0;0;1
