;index;Genre;Age;Taille;Poids;IMC;Activité physique;Régime particulier;Végé;Fréquence CROUS;Equilibre alim;Seule ou en groupe;Nb groupe entrée;Proximité;Connaissance;Parti groupe;Influ sociale;Percept senso;Nb file;Faim;Stress;Nb convives;Ami 1;Ami 2;Ami 3;Ami 4;Ami 5;chou;saladelentilles;champignons;carottesrapees;oeufmimosa;saladepates;artichauts;salami;coeursdepalmiers;tomates;surimi;minisandwich;saladeriz;betterave;pate;rillettepoisson;saladepommesdeterre;torsades;feuilletesaumonoseille;boeufbourguignon;kebab;risottocourgettes;pizzaraclette;faux-filet;pizzamerguezpoivrons;hamburger;escalopeviennoise;brocolis;frites;ratatouille;filetdepoulet;tajinevege;pavedecabillaud;burgervege;pizza;pommesdeterrevapeur;juliennedelegumes;cordonbleu;boulettesviande;rotilegumestofu;pavedepoissonbordelaise;pizzakebab;entrecote;riz;rotidelegumestofu;poissonpane;spaghettis;mousselinedepotiron;légumes;yaourtauxfruits;oeufalaneige;faissellenature;yaourtnature;fromageblancfruitsrouges;banane;mimolette;flancchocolat;orange;pomme;kiwi;saladeverte;moussenoixdecoco;liegeois;compote;petitsuissenature;fromageblanc;madeleine;tarteauxfruits;yaourtauxfruitsenmorceaux;parisbrest;poire;pruneauxausirop;emmental;bleudauvergneaop;cremepraline;gateaudesemoule;cocktailfruitsexotiques;roquefort;cantalaop;count_fruits;count_fromage;count_crudites;count_saladefeculents;count_charcuterie;count_viande;count_poisson;count_vege;count_yaourt;count_dessertgourmand;count_cremedessert;count_accompagnement;onehot_fruits;onehot_fromage;onehot_crudites;onehot_saladefeculents;onehot_charcuterie;onehot_viande;onehot_poisson;onehot_vege;onehot_yaourt;onehot_dessertgourmand;onehot_cremedessert;onehot_accompagnement
0;0A2A;1;20;1,755;51;16,55830716;3;1;0;2;2;1;2;1;1;1;0;1;0;2;0;2;7F8H;;;;;0;0;0;0;0;0;0;0;0;0;0;0;0;0;0;0;0;1;0;1;0;0;0;0;0;0;0;0;0;0;0;0;0;0;0;0;0;0;0;0;0;0;0;0;0;0;0;0;0;1;0;0;0;0;0;0;0;0;0;0;0;0;0;0;0;0;0;0;0;0;0;0;0;0;0;0;0;0;0;0;0;0;0;0;1;0;0;1;0;0;0;0;0;0;0;0;1;0;0;1;0;0;0
1;0A4U;1;19;1,78;59;18,62138619;0;0;0;2;2;1;6;1;1;1;0;3;0;2;0;5;0R4C;6O4Y;0S0Q;2U4F;;0;1;0;0;0;0;0;0;0;0;0;0;0;0;0;0;0;1;0;1;0;0;0;0;0;0;0;0;0;0;0;0;0;0;0;0;0;0;0;0;0;0;0;0;0;0;0;0;0;0;0;0;1;1;0;0;0;0;0;0;0;0;0;0;0;0;0;0;0;0;0;0;0;0;0;0;0;0;0;0;0;1;0;0;1;0;0;2;0;0;0;0;0;1;0;0;1;0;0;1;0;0;0
2;0A8B;0;21;1,65;50;18,36547291;0;0;0;2;1;1;7;1;1;1;1;3;1;2;2;7;0F7G;9A0P;3T0P;9F9T;8I1P;0;0;0;0;0;0;0;0;0;0;0;0;0;0;0;0;0;0;0;0;0;0;0;0;0;0;0;0;0;0;1;0;0;0;0;0;0;0;0;0;0;0;0;0;0;0;1;1;0;0;0;0;1;0;0;0;0;0;0;0;0;0;0;0;0;0;0;0;0;0;0;0;0;0;0;0;0;0;0;0;0;0;0;0;1;0;0;1;0;0;2;0;0;0;0;0;1;0;0;1;0;0;1
3;0B2M;1;18;1,78;65;20,51508648;1;0;0;2;1;1;2;1;1;1;0;2;1;2;1;2;7G6O;;;;;0;0;0;0;1;0;0;0;0;0;0;0;0;0;0;0;0;1;0;1;0;0;0;0;0;0;0;1;0;0;0;0;0;0;0;0;0;0;0;0;0;0;0;0;0;0;0;0;0;0;0;0;1;0;0;0;0;0;0;0;0;0;0;0;0;0;0;0;0;0;0;0;0;0;0;0;0;0;0;0;0;0;0;1;1;0;0;1;0;0;1;0;0;0;0;1;1;0;0;1;0;0;1
4;0C8K;1;18;1,87;83;23,73530842;3;0;0;2;0;1;2;1;1;1;0;0;1;2;1;2;6Y2Q;;;;;0;0;0;0;0;0;0;0;0;0;0;0;0;0;0;0;0;1;0;1;0;0;0;0;0;0;0;0;0;0;0;0;0;0;0;0;0;0;0;0;0;0;0;0;0;0;0;0;0;1;0;0;0;1;1;0;0;0;0;0;0;0;0;0;0;0;0;0;0;0;0;0;0;0;0;0;0;0;0;1;0;0;0;0;1;0;0;2;0;0;0;1;0;0;0;0;1;0;0;1;0;0;0
5;0E2X;1;21;1,9;85;23,54570637;2;0;0;2;2;1;3;1;1;1;1;2;2;2;1;3;5G9R;0M0L;;;;0;0;0;0;0;0;0;0;0;0;0;0;1;0;0;0;0;0;0;0;0;0;0;0;0;0;0;1;0;0;0;0;0;0;0;0;0;1;0;0;0;0;0;1;0;0;0;0;0;0;0;0;0;0;0;0;0;0;0;0;0;0;0;0;0;0;0;0;0;1;0;0;0;0;0;0;0;0;0;0;0;0;1;0;0;0;0;0;0;0;2;0;0;0;1;0;0;0;0;0;0;0;1
6;0G1P;0;21;1,66;54;19,59645812;2;0;1;2;4;1;2;1;1;1;2;2;0;1;0;2;5C9D;;;;;0;0;0;1;0;0;0;0;0;0;0;0;0;0;0;0;0;0;0;0;0;0;0;0;0;0;0;0;0;0;0;0;0;0;0;0;0;0;1;0;0;0;0;1;0;0;0;0;0;0;0;0;0;0;0;0;0;1;0;0;0;0;0;0;0;0;0;0;0;0;1;0;0;0;0;0;0;0;0;2;0;1;0;0;1;0;0;0;0;0;1;1;0;1;0;0;1;0;0;0;0;0;1
7;0G5M;1;22;1,75;50;16,32653061;0;0;0;2;0;1;5;1;1;1;0;2;0;3;0;3;;;;;;0;0;0;0;0;0;0;0;0;0;0;0;0;0;0;0;0;1;1;0;0;0;0;0;0;0;0;0;0;0;0;0;0;0;0;0;0;0;0;0;0;0;0;0;0;0;0;0;0;1;0;0;0;1;0;0;0;0;0;0;0;0;0;0;0;0;0;0;0;0;0;0;0;0;0;0;0;0;0;0;0;0;0;0;0;0;0;2;0;0;0;0;0;0;0;0;0;0;0;1;0;0;0
8;0H2B;1;20;1,86;75;21,6788068;2;0;0;1;1;1;6;1;1;1;0;3;1;2;0;3;4S3S;1J8K;;;;0;0;0;0;0;0;0;0;0;0;0;0;0;0;0;0;0;0;0;0;0;0;0;0;0;0;0;0;0;0;0;0;0;0;0;0;0;0;1;0;0;0;0;1;0;0;0;0;0;0;0;0;0;0;0;0;0;0;0;0;0;0;0;0;0;0;0;0;1;1;0;0;0;0;0;0;0;0;0;0;0;0;0;0;1;1;0;1;0;0;1;0;0;0;0;0;1;1;0;1;0;0;1
9;0H5L;0;21;1,71;56;19,15119182;2;0;0;2;2;1;4;0;0;0;0;0;0;3;2;14;4O8C;1Y7U;2J2X;8Q9F;9X1Z;0;0;0;0;0;0;0;0;0;0;0;0;0;1;0;0;0;0;0;0;0;0;0;0;0;0;0;1;0;0;0;0;0;0;0;0;0;0;0;0;1;0;0;1;0;0;0;0;0;0;0;0;0;0;0;0;0;0;0;0;0;0;0;0;0;0;0;0;0;1;0;0;1;0;0;0;0;0;0;0;1;1;0;0;0;0;0;0;0;0;2;0;1;1;0;0;0;0;0;0;0;0;1
10;0H8R;0;22;1,57;45;18,25631871;1;0;0;2;0;0;6;1;1;1;0;0;0;3;0;6;1Y9W;6V9Q;4H1X;1C3K;8N4I;0;0;0;0;0;0;0;0;0;0;0;0;0;0;0;0;0;0;0;0;0;0;0;0;0;0;0;0;1;0;0;0;0;1;0;0;0;0;0;0;0;0;0;0;0;0;0;0;0;0;0;0;0;0;0;0;0;0;0;0;0;0;0;0;0;0;0;0;0;0;0;0;0;0;0;0;0;0;0;0;0;0;0;0;0;1;1;0;0;0;1;0;0;0;0;0;0;1;1;0;0;0;1
11;0I7G;1;21;1,78;63;19,88385305;2;0;0;1;2;1;3;1;1;1;0;0;1;0;0;5;3F4Z;4C0V;;;;0;0;0;0;0;0;0;0;0;0;0;0;0;0;0;0;0;0;0;0;0;0;0;0;0;0;0;0;0;0;0;0;0;0;0;0;0;0;0;0;0;0;0;0;1;0;1;0;0;0;0;0;0;0;0;0;0;0;0;0;0;0;0;0;0;0;0;0;0;0;0;0;0;0;1;0;0;1;0;0;1;0;0;0;0;0;1;0;0;1;1;0;1;0;0;0;0;0;1;0;0;1;1
12;0J8O;1;20;1,79;62;19,35020755;1;1;0;2;2;0;20;1;1;1;1;3;0;2;1;3;;;;;;0;0;0;0;0;0;0;0;0;0;0;0;0;0;0;0;0;0;0;0;0;0;0;0;0;0;0;0;0;0;0;1;0;0;0;0;0;0;0;0;0;0;0;0;0;0;0;0;0;0;0;0;0;0;0;0;0;0;1;0;0;0;1;1;0;0;0;0;0;0;0;0;0;0;0;0;0;0;0;2;0;0;0;0;0;0;1;0;0;1;0;1;0;0;0;0;0;0;1;0;0;1;0
13;0M0L;1;21;1,75;62;20,24489796;2;0;0;1;2;1;3;1;1;1;0;1;0;2;0;3;5G9R;0E2X;;;;0;0;0;0;0;0;0;0;0;0;0;0;0;0;0;0;0;0;0;0;0;0;0;0;0;0;0;1;0;0;0;0;0;0;0;0;0;1;0;0;0;0;0;1;0;0;0;0;0;0;0;0;0;0;0;0;0;0;0;0;0;0;0;0;0;0;0;0;0;0;0;0;1;0;0;0;0;0;0;0;1;0;0;0;0;0;0;0;0;0;2;0;1;0;0;0;0;0;0;0;0;0;1
14;0N3Z;0;19;1,57;45;0,001825632;1;0;0;2;1;0;1;0;0;0;0;2;0;2;1;1;;;;;;0;0;0;0;0;0;0;0;0;0;0;0;0;0;0;0;0;0;0;0;0;0;0;0;0;0;0;1;0;0;0;0;0;0;0;0;0;0;0;1;0;0;0;1;0;0;0;0;0;0;0;0;0;0;0;0;0;0;0;0;0;0;0;0;0;0;0;0;0;0;1;0;0;0;0;0;0;0;0;1;0;0;0;0;0;0;1;0;0;0;2;1;0;0;0;0;0;0;1;0;0;0;1
15;0N9G;1;21;1,75;60;19,59183673;2;1;1;2;2;0;4;0;0;0;0;3;0;3;3;3;;;;;;0;0;0;0;0;0;0;0;0;0;0;0;0;0;0;0;0;0;0;0;0;0;0;0;0;0;0;0;0;0;0;0;0;0;1;0;0;0;0;0;0;0;0;0;0;0;0;0;0;0;0;0;0;0;0;0;0;0;0;0;0;0;0;0;0;0;0;0;0;0;0;0;0;0;0;0;0;0;0;0;0;0;0;0;1;0;0;0;0;0;0;0;0;0;0;0;1;0;0;0;0;0;0
16;0N9P;1;20;1,89;70;19,59631589;3;0;0;2;1;1;2;1;1;1;0;3;0;2;0;2;9O9K;;;;;0;0;0;0;0;0;0;0;0;0;0;0;0;0;1;0;0;0;0;0;0;0;0;0;0;0;0;0;0;0;0;0;0;0;0;0;0;0;0;1;1;0;0;1;0;0;0;0;0;0;0;0;0;0;0;0;0;0;0;0;0;0;0;0;0;0;0;0;1;1;0;0;0;0;0;0;0;0;0;0;0;0;0;1;0;0;1;1;0;0;1;0;0;0;0;1;0;0;1;1;0;0;1
17;0O5Q;1;21;1,7;70;24,22145329;1;0;0;2;1;1;4;0;0;1;0;1;0;2;0;4;5B2Z;5I3E;9J6M;;;0;1;0;0;0;0;0;0;0;0;0;0;0;0;0;0;0;1;0;1;0;0;0;0;0;0;0;1;0;0;0;0;0;0;0;0;0;0;0;0;0;0;0;0;0;0;0;0;0;1;0;0;0;0;0;0;0;0;0;0;0;0;0;0;0;0;0;0;0;0;0;0;0;0;0;0;0;0;0;0;0;1;0;0;1;1;0;1;0;0;1;0;0;1;0;0;1;1;0;1;0;0;1
18;0P1I;1;25;1,78;74;23,35563691;1;0;0;2;1;0;2;1;1;1;0;0;0;3;3;2;6W4Y;;;;;0;1;0;0;0;0;0;0;0;0;0;0;0;0;0;0;0;0;0;0;0;0;0;0;0;0;0;0;0;0;0;0;1;0;0;1;1;0;0;0;0;0;0;0;0;0;0;0;0;0;0;0;0;0;0;0;0;1;1;0;0;0;0;0;0;0;0;0;0;0;0;0;0;0;0;0;0;0;0;2;0;1;0;0;0;0;0;0;0;0;2;1;0;1;0;0;0;0;0;0;0;0;1
19;0P1K;1;18;1,85;85;24,83564646;1;0;0;2;2;0;2;1;0;0;0;1;0;1;2;2;0P5K;;;;;0;0;0;0;0;0;0;0;0;0;0;0;0;0;0;0;0;0;0;1;0;0;0;0;0;0;0;0;0;0;0;0;0;0;0;1;0;0;0;0;0;0;0;0;0;0;0;0;0;0;0;0;0;0;0;0;0;0;0;0;0;0;1;0;0;0;0;0;0;0;0;0;0;0;0;0;0;0;0;0;0;0;0;0;1;1;0;0;0;1;1;0;0;0;0;0;1;1;0;0;0;1;1
20;0P5K;1;18;1,85;85;24,83564646;1;0;0;2;2;0;2;1;1;1;0;2;0;2;2;2;0P1K;;;;;0;0;0;0;0;0;0;0;0;0;0;0;0;0;0;0;0;0;0;0;0;0;0;0;0;0;0;0;0;0;1;0;0;0;0;1;0;0;0;0;0;0;0;0;0;0;0;0;0;0;0;0;0;0;0;0;0;0;0;0;0;0;0;1;1;0;0;0;0;0;0;0;0;0;0;0;0;0;0;1;0;0;0;0;1;0;0;1;0;0;1;1;0;0;0;0;1;0;0;1;0;0;1
21;0R4C;1;19;1,87;67;19,15982728;3;0;0;2;2;1;6;0;1;1;0;0;0;3;1;5;6O4Y;0S0Q;0A4U;2U4F;;0;1;0;0;0;0;0;0;0;0;0;0;0;0;0;0;0;1;0;1;0;0;0;0;0;0;0;1;0;0;0;0;0;0;0;0;0;0;0;0;0;0;0;0;0;0;0;0;0;0;0;0;1;1;0;0;0;0;0;0;0;0;0;0;0;0;0;0;0;0;0;0;0;0;0;0;0;0;0;0;0;1;0;0;1;0;0;2;0;0;1;0;0;1;0;0;1;0;0;1;0;0;1
22;0R4J;1;20;1,93;99;26,57789471;3;0;0;2;2;0;2;1;1;1;1;3;0;2;0;2;3W5V;;;;;0;0;0;0;0;0;0;0;0;0;0;0;0;0;0;0;0;0;0;0;0;0;0;0;0;0;0;0;0;0;0;0;1;0;0;0;1;0;0;0;0;0;0;0;0;0;0;0;0;0;0;0;0;0;0;0;0;0;0;0;0;0;0;1;0;0;1;0;0;0;0;0;0;0;0;0;0;0;0;1;0;0;0;0;0;0;0;0;1;0;1;1;0;0;0;0;0;0;0;0;1;0;1
23;0R4X;1;20;1,85;67;19,57633309;1;0;0;2;1;0;6;1;1;1;0;3;0;2;1;6;4A1V;6U3B;8B8H;2L2Z;8W4Q;1;1;0;1;0;0;0;0;0;0;0;0;0;0;0;0;0;0;0;0;0;0;0;0;0;0;0;0;0;0;1;0;0;0;0;1;1;0;0;0;0;0;0;0;0;0;0;0;0;0;0;0;0;0;0;0;0;0;0;0;0;0;0;0;0;0;0;0;0;0;0;0;0;0;0;0;0;0;0;0;0;3;0;0;1;1;0;0;0;0;2;0;0;1;0;0;1;1;0;0;0;0;1
24;0R7V;1;18;1,82;58;17,50996256;1;0;0;1;1;1;2;0;1;1;0;1;1;2;0;2;1Y1C;;;;;1;0;0;0;0;0;0;0;0;0;0;0;0;0;0;0;0;1;1;0;0;0;0;0;0;0;0;1;0;0;0;0;0;0;0;0;0;0;0;0;0;0;0;0;0;0;0;0;0;0;0;1;0;1;0;0;0;0;0;0;0;0;0;0;0;0;0;0;0;0;0;0;0;0;0;0;0;0;0;0;0;1;0;0;0;0;0;2;0;0;1;0;0;1;0;0;0;0;0;1;0;0;1
25;0S0Q;1;19;1,78;55;17,35891933;2;0;0;2;2;1;6;1;1;1;1;2;0;2;0;5;6O4Y;0A4U;0R4C;2U4F;;0;1;0;0;0;0;0;0;0;0;0;0;0;0;0;0;0;1;0;1;0;0;0;0;0;0;0;1;0;0;0;0;0;0;0;0;0;0;0;0;0;0;0;0;0;0;0;0;0;0;0;0;0;1;0;0;0;0;1;0;0;0;0;0;0;0;0;0;0;0;0;0;0;0;0;0;0;0;0;1;0;1;0;0;1;1;0;1;0;0;1;1;0;1;0;0;1;1;0;1;0;0;1
26;0S4Y;1;24;1,8;80;24,69135802;2;0;0;2;1;1;3;1;1;1;0;3;0;3;1;3;2T3H;8E1F;;;;0;0;0;0;0;0;0;0;0;0;0;0;0;0;0;0;0;0;0;0;0;0;0;0;0;0;0;1;0;0;0;0;0;0;0;0;0;1;0;0;0;0;0;1;0;0;0;0;0;0;0;0;0;0;0;0;0;0;0;0;0;0;0;0;0;0;0;0;0;1;0;0;0;1;0;0;0;0;0;0;1;0;0;0;0;0;0;0;0;0;2;0;1;0;0;0;0;0;0;0;0;0;1
27;0S7C;0;20;1,58;68;27,23922448;2;1;0;2;2;1;7;1;1;0;0;3;0;3;0;7;1N9S;3W3R;7F5N;1J4B;2G9N;0;0;0;0;1;0;0;0;0;0;0;0;0;0;0;0;0;1;1;0;0;0;0;0;0;0;0;0;0;0;0;0;0;0;0;0;0;0;0;0;0;0;0;0;0;0;0;0;0;0;0;0;0;0;0;1;0;0;0;0;0;0;0;0;0;0;0;0;0;0;0;0;0;0;0;0;0;0;0;0;1;0;0;1;0;0;0;0;0;0;0;0;1;0;0;1;0;0;0;0;0;0;0
28;0T3B;1;21;1,8;70;21,60493827;3;0;0;2;2;1;3;1;1;1;1;0;0;1;2;2;6F0E;;;;;0;0;0;0;0;0;0;0;0;0;0;1;0;0;0;0;0;0;0;0;0;0;0;0;0;0;0;0;0;0;0;0;0;0;0;0;0;0;1;0;0;0;0;1;0;0;0;0;0;0;0;0;0;0;0;0;0;0;0;0;0;0;0;0;0;0;0;0;1;0;1;0;0;0;0;0;0;0;0;1;0;0;0;1;1;1;0;1;0;0;1;1;0;0;0;1;1;1;0;1;0;0;1
29;0U8E;1;21;1,87;70;20,01772999;0;0;0;2;2;1;5;1;1;1;0;3;0;1;0;4;5Z4K;3U7V;7A0X;;;0;0;0;1;0;0;0;0;0;0;0;0;0;0;0;0;0;0;0;0;0;0;0;0;0;0;0;0;0;0;0;0;0;0;0;0;0;0;0;0;1;0;0;1;0;0;0;0;0;0;0;0;0;0;0;0;0;0;0;0;0;0;0;0;0;0;0;0;1;0;1;0;0;0;0;0;0;0;0;1;0;1;0;0;0;0;0;1;0;0;1;1;0;1;0;0;0;0;0;1;0;0;1
30;0X7C;1;21;1,8;72;22,22222222;1;0;0;1;1;1;12;1;1;1;3;2;0;2;0;6;3R3M;0O9T;3M6S;5A0R;2M6T;0;0;0;0;0;0;0;0;0;0;0;0;0;0;0;0;0;0;0;0;0;0;0;0;0;0;0;0;0;0;0;0;0;0;0;0;0;0;0;0;0;0;0;0;0;1;1;1;0;0;0;0;1;0;0;0;0;0;0;0;0;0;0;0;0;0;0;0;0;0;0;0;0;0;1;0;0;0;0;0;0;0;0;0;0;1;0;1;0;1;2;0;0;0;0;0;0;1;0;1;0;1;1
31;0Y1T;1;20;1,7;45;15,57093426;1;0;0;2;2;0;8;0;0;0;0;2;1;2;1;7;9S9J;6T3S;4M6N;5I5P;9B3F;0;0;0;0;0;0;0;0;0;0;0;0;0;0;0;0;0;0;0;0;0;0;0;0;0;0;0;0;0;0;1;0;0;0;0;1;0;0;0;0;0;0;0;0;0;0;0;0;0;0;0;0;0;0;0;0;0;0;1;0;0;0;0;1;0;0;0;0;0;0;0;0;0;0;0;0;0;0;0;2;0;0;0;0;1;1;0;0;0;0;1;1;0;0;0;0;1;1;0;0;0;0;1
32;0Y5X;1;21;1,83;75;22,39541342;3;0;0;2;2;1;10;1;1;1;0;3;0;1;0;7;4D2Y;3Y2G;6G4G;3K9G;6C3U;0;0;0;0;0;0;0;0;0;0;0;0;1;0;0;0;0;0;0;0;0;0;0;0;0;0;0;1;0;0;0;0;0;0;0;0;0;0;1;0;0;0;0;1;0;0;0;0;0;0;0;0;0;0;0;0;0;0;0;0;0;0;0;0;0;0;0;1;0;0;0;0;0;0;0;0;0;0;0;0;0;0;1;0;1;0;0;0;1;0;2;0;0;0;1;0;1;0;0;0;1;0;1
33;1A9V;1;21;1,74;65;21,46915048;0;0;0;1;1;1;8;1;1;1;0;0;0;1;1;14;4O8C;1Y7U;2J2X;8Q9F;9X1Z;0;0;0;1;0;0;0;0;0;0;0;0;0;0;0;0;0;0;0;0;0;0;0;0;0;0;0;1;0;0;1;0;0;0;0;0;0;0;0;0;0;0;0;1;0;0;0;0;0;0;0;0;0;0;0;0;0;0;0;0;0;0;0;0;0;0;0;0;0;1;0;0;0;0;0;0;0;0;0;0;0;1;0;0;1;0;0;0;0;0;2;0;0;1;0;0;1;0;0;0;0;0;1
34;1B0U;1;22;1,83;68;20,30517483;2;0;1;2;4;1;5;1;1;1;1;3;0;2;1;5;2P1V;0A5K;7F5T;0O3R;;0;0;0;0;0;0;0;0;0;0;0;0;0;0;0;0;0;0;0;0;0;0;0;0;0;0;0;1;0;0;0;0;0;0;0;0;0;0;0;1;0;0;0;1;0;0;0;0;0;0;0;0;0;0;0;0;0;0;0;0;0;0;0;0;0;0;0;0;0;1;0;0;0;1;0;0;0;0;0;0;1;0;0;0;0;0;1;0;0;0;2;0;1;0;0;0;0;0;1;0;0;0;1
35;1B2S;0;18;1,64;54;20,07733492;0;0;0;2;0;1;8;1;1;1;1;3;1;1;2;8;2A1P;7K8M;8H4M;8O3V;2Y1W;0;0;0;0;0;0;0;0;0;0;0;0;0;0;0;0;0;1;0;1;0;0;0;0;0;0;0;1;0;0;0;0;0;0;0;0;0;0;0;0;0;0;0;0;0;0;0;0;0;0;0;0;0;1;1;0;0;0;0;0;0;0;0;0;0;0;0;0;0;0;0;0;0;0;0;0;0;0;0;1;0;0;0;0;1;0;0;1;0;0;1;1;0;0;0;0;1;0;0;1;0;0;1
36;1C3K;1;19;1,69;73;25,55932916;2;0;0;2;0;0;6;1;1;1;3;2;2;3;2;6;4H1X;0H8R;1Y9W;6V9Q;8N4I;0;0;0;0;0;0;0;0;0;0;0;0;0;0;0;0;0;0;0;0;0;0;0;0;0;0;0;0;0;0;0;0;0;0;1;0;0;0;0;0;0;0;0;0;0;0;0;0;0;0;0;0;0;0;0;0;0;0;0;0;0;0;0;0;0;0;0;0;0;0;0;0;0;0;0;0;0;0;0;0;0;0;0;0;1;0;0;0;0;0;0;0;0;0;0;0;1;0;0;0;0;0;0
37;1C5X;1;23;1,8;74;22,83950617;1;1;1;2;4;1;6;0;0;0;0;1;0;2;2;6;6O7D;8S7L;4C3L;7B2H;2Q8X;0;0;0;0;0;0;0;0;0;0;0;0;1;0;0;0;0;0;0;0;0;0;0;0;0;0;0;1;0;0;0;0;0;0;0;0;0;0;0;1;0;0;0;1;0;0;0;0;0;0;0;0;0;0;0;0;0;0;0;0;0;0;0;0;0;0;0;1;0;0;0;0;0;0;0;0;0;0;0;0;0;0;1;0;0;0;1;0;1;0;2;0;0;0;1;0;0;0;1;0;1;0;1
38;1C8S;1;22;1,73;73;24,39105884;2;0;0;1;2;0;1;0;0;0;0;0;1;1;2;1;;;;;;0;0;0;0;0;0;0;0;0;0;0;0;0;1;0;0;0;0;0;0;0;0;0;0;0;0;0;0;0;0;0;0;0;0;0;0;0;0;0;0;0;0;0;0;0;1;1;1;0;0;0;0;0;0;0;0;0;0;1;0;0;0;0;0;0;0;0;0;0;0;0;1;0;0;0;0;0;0;0;2;0;1;0;0;0;0;0;0;0;0;2;1;0;1;0;0;0;0;0;0;0;0;1
39;1F7A;1;24;1,79;78;24,34380949;1;0;0;1;4;1;5;1;1;1;2;2;0;2;2;3;0R1F;3X3L;;;;0;0;0;0;0;0;0;0;0;0;0;0;0;0;0;0;0;0;0;0;1;0;0;0;0;0;0;0;1;0;0;0;0;0;0;0;0;0;0;0;0;0;0;0;0;0;0;0;0;0;0;0;0;0;0;0;0;0;1;0;0;0;0;0;0;0;0;0;1;0;0;0;0;0;0;0;0;0;0;1;0;0;0;0;1;1;0;1;0;0;1;1;0;0;0;0;1;1;0;1;0;0;1
41;1F9Y;1;27;1,8;75;23,14814815;3;0;0;1;2;1;6;1;0;0;0;2;0;1;1;6;9I1E;9I2L;4M4I;9R1R;8A1R;0;0;0;0;0;0;0;0;0;0;0;0;1;0;0;0;0;0;0;0;0;0;0;0;0;0;0;1;0;0;0;0;0;0;0;0;0;0;1;0;0;0;0;1;0;0;0;0;0;0;0;0;0;0;0;0;0;0;0;0;0;0;0;0;0;0;0;0;0;1;0;0;0;0;0;0;0;0;0;0;0;0;1;0;1;0;0;0;0;0;2;0;0;0;1;0;1;0;0;0;0;0;1
42;1G3P;1;19;1,82;70;21,13271344;2;0;0;2;2;0;9;1;1;1;0;2;0;1;1;5;1O2H;3H8D;9J2Z;5L2C;;0;1;0;0;0;0;0;0;0;0;0;0;0;0;0;0;0;0;0;1;0;0;0;0;0;0;0;0;0;0;0;0;0;0;0;1;1;0;0;0;0;0;0;0;0;0;0;0;0;0;0;0;0;0;0;0;0;1;0;0;0;0;0;0;0;0;0;0;0;0;0;0;0;0;0;0;0;0;0;1;0;1;0;0;1;0;0;0;0;0;2;1;0;1;0;0;1;0;0;0;0;0;1
43;1G6O;1;18;1,83;78;23,29122996;1;0;0;2;1;1;2;1;1;1;1;1;0;2;2;2;7Z3H;;;;;0;1;0;0;1;0;0;0;0;0;0;0;0;0;0;0;0;1;0;1;0;0;0;0;0;0;0;1;0;0;0;0;0;0;0;0;0;0;0;0;0;0;0;0;0;0;0;0;0;0;0;0;0;1;0;0;0;0;0;0;0;0;0;0;0;0;0;0;0;0;0;0;0;0;0;0;0;0;0;0;0;1;0;1;1;0;0;1;0;0;1;0;0;1;0;1;1;0;0;1;0;0;1
44;1G7G;1;24;1,8;70;21,60493827;2;0;0;2;2;1;4;1;1;1;1;1;0;2;1;4;5M0T;9R6Y;4F9D;;;0;0;0;0;0;0;0;0;0;0;0;0;0;1;0;0;0;0;0;0;0;0;0;0;0;0;0;0;0;0;0;0;0;0;0;0;0;0;0;0;0;0;0;0;0;1;1;0;0;0;0;0;0;0;0;0;0;0;0;0;0;0;0;0;0;0;0;0;0;0;0;0;0;0;1;0;0;0;0;0;0;1;0;0;0;0;0;0;0;1;1;0;0;1;0;0;0;0;0;0;0;1;1
45;1I1F;0;20;1,58;52;20,82999519;2;1;0;2;1;1;2;1;1;1;3;3;0;3;1;2;3L2B;;;;;0;0;0;0;0;0;0;0;0;0;0;0;0;0;0;0;0;0;0;0;1;0;0;0;0;0;0;0;1;0;0;0;0;0;0;0;0;0;0;0;0;0;0;0;0;0;0;0;0;0;0;0;0;0;0;0;0;0;0;0;0;0;0;0;0;0;0;0;0;0;0;0;0;0;0;0;0;0;0;0;0;0;0;0;1;1;0;0;0;0;1;0;0;0;0;0;1;1;0;0;0;0;1
46;1J4B;0;19;1,65;60;22,03856749;1;0;0;0;2;1;11;1;1;1;2;3;0;3;0;7;1N9S;7F5N;3W3R;2G0T;0S7C;0;0;0;0;0;0;0;0;0;0;0;0;0;0;0;0;0;1;1;0;0;0;0;0;0;0;0;0;0;0;0;0;0;0;0;0;0;0;0;0;0;0;0;0;0;0;0;0;0;1;0;0;0;0;0;0;0;0;0;0;0;0;0;0;0;0;0;0;0;0;0;0;0;0;0;0;0;0;0;0;0;0;0;0;0;0;0;1;0;0;0;0;0;0;0;0;0;0;0;1;0;0;0
47;1J5T;1;25;1,94;82;21,78765012;3;0;0;2;1;1;3;1;1;1;2;1;2;2;1;3;5R0T;3L6Q;;;;0;0;0;0;1;0;0;0;0;0;0;0;0;0;0;0;0;1;1;0;0;0;0;0;0;0;0;0;0;1;0;0;0;0;0;0;0;0;0;0;0;0;0;0;0;0;0;0;0;0;0;0;0;1;1;0;0;0;0;0;0;0;0;0;0;0;0;0;0;0;0;0;0;0;0;0;0;0;0;1;0;0;0;1;0;1;0;1;0;0;1;1;0;0;0;1;0;1;0;1;0;0;1
48;1J6P;1;23;1,7;78;26,98961938;2;0;0;1;2;1;6;1;1;1;0;3;0;3;0;5;6T3Q;8K6W;2K9I;9W3O;;0;0;0;0;0;0;0;0;0;0;0;0;0;0;0;0;0;0;0;0;0;0;0;0;0;0;0;1;0;0;0;0;0;0;0;0;0;1;0;0;0;0;0;1;0;0;0;0;0;0;0;0;0;0;0;0;0;0;0;0;0;0;0;0;0;0;0;0;1;1;0;0;0;0;0;0;0;0;0;0;0;0;0;0;0;1;0;1;0;0;2;0;0;0;0;0;0;1;0;1;0;0;1
49;1J8K;1;23;1,64;61;22,67995241;3;1;1;1;4;1;5;1;1;1;1;2;0;2;1;3;4S3S;0H2B;;;;0;0;0;0;0;0;0;0;0;0;0;0;0;0;0;0;0;0;0;0;0;0;0;0;0;0;0;1;0;0;0;0;0;0;0;0;0;0;1;0;0;0;0;1;0;0;0;0;0;0;0;0;0;0;0;0;0;0;1;0;0;0;0;0;0;0;0;0;0;0;0;0;0;0;0;0;0;0;0;1;0;0;0;0;1;0;0;0;0;0;2;1;0;0;0;0;1;0;0;0;0;0;1
50;1L0F;1;21;1,7;51;17,64705882;2;1;0;2;2;1;5;0;0;0;0;0;0;2;2;3;;;;;;0;1;0;0;0;0;0;0;0;0;0;0;0;0;0;0;0;0;0;0;0;1;0;0;0;0;0;0;0;0;0;0;0;0;0;0;0;0;0;0;0;0;0;0;0;0;0;0;0;0;0;1;0;0;0;0;0;0;0;0;0;0;0;0;0;0;0;0;0;0;0;0;0;0;0;0;0;0;0;0;0;1;0;0;0;0;1;1;0;0;0;0;0;1;0;0;0;0;1;1;0;0;0
51;1L4G;0;21;1,63;55;20,70081674;1;0;0;2;1;1;2;1;1;1;1;2;0;2;0;6;5W6M;8J2L;2S4Q;1M2Q;9K2W;0;0;0;0;0;0;0;0;0;0;0;0;0;0;0;0;0;0;0;0;0;0;0;0;0;0;0;0;0;0;0;0;0;0;0;0;0;0;0;0;0;0;0;0;0;1;1;0;0;0;0;0;0;0;0;0;0;0;1;0;0;0;0;0;0;0;0;0;0;0;0;0;0;0;0;0;0;0;0;1;0;0;0;0;0;0;0;0;0;0;1;1;0;0;0;0;0;0;0;0;0;0;1
52;1M2Q;1;21;1,69;55;19,25702882;0;0;0;2;1;1;8;1;1;1;2;1;1;3;0;6;5W6M;1L4G;9K2W;2S4Q;8J2L;0;0;0;0;0;0;0;0;0;0;0;0;0;0;0;0;0;0;0;0;1;0;0;0;0;0;0;0;1;0;0;0;0;0;0;0;0;0;0;0;0;0;0;0;0;0;0;0;0;0;0;0;1;0;0;0;0;0;0;0;0;0;0;0;0;0;0;0;0;0;0;0;0;0;0;0;0;0;0;0;0;0;0;0;1;1;0;1;0;0;1;0;0;0;0;0;1;1;0;1;0;0;1
53;1M4Q;1;18;1,75;65;21,2244898;1;1;0;2;1;0;2;1;1;1;1;2;1;2;2;2;1D4B;;;;;0;0;0;0;0;0;0;0;0;0;0;0;0;0;0;0;0;0;0;0;0;0;0;0;0;0;0;0;0;0;0;0;1;0;0;1;1;0;0;0;0;0;0;0;0;0;0;0;0;0;0;0;0;0;0;0;0;0;1;0;0;0;0;0;0;0;0;0;0;0;0;0;0;0;0;0;0;0;0;1;0;0;0;0;0;0;0;0;0;0;2;1;0;0;0;0;0;0;0;0;0;0;1
54;1M5C;1;22;1,77;60;19,15158479;2;1;0;1;2;1;3;1;1;1;2;3;0;2;1;3;1T2N;9Y6D;;;;0;1;0;0;0;0;0;0;0;0;0;0;0;0;0;0;0;1;1;0;0;0;0;0;0;0;0;1;0;0;0;0;0;0;0;0;0;0;0;0;0;0;0;0;0;0;0;0;0;1;0;0;0;0;0;0;0;0;0;0;0;0;0;0;0;0;0;0;0;0;0;0;0;0;0;0;0;0;0;0;0;1;0;0;0;1;0;1;0;0;1;0;0;1;0;0;0;1;0;1;0;0;1
55;1N9S;1;18;1,72;75;25,35154137;3;1;1;2;4;1;11;1;1;1;1;1;0;3;1;7;1J4B;3W3R;2G0T;7F5N;0S7C;0;0;0;0;0;0;0;0;0;0;0;0;0;0;0;0;0;0;0;0;0;1;0;0;0;0;0;0;0;0;0;0;0;0;0;0;0;0;0;0;0;0;0;0;0;0;0;0;0;1;0;0;0;1;0;0;0;0;0;0;0;0;0;0;0;0;0;0;0;0;0;0;0;0;0;0;0;0;0;0;0;0;0;0;0;1;1;2;0;0;0;0;0;0;0;0;0;1;1;1;0;0;0
56;1O0R;1;19;1,72;65;21,97133586;2;0;0;2;2;1;5;1;1;1;1;3;0;3;2;3;3V9C;5I5D;;;;0;0;0;0;0;0;0;0;0;0;0;0;1;0;0;0;0;0;0;0;0;0;0;0;0;0;0;1;0;0;0;0;0;0;0;0;0;0;1;0;0;0;0;1;0;0;0;0;0;0;0;0;0;0;0;0;0;0;0;0;0;0;0;0;0;0;0;0;0;1;0;0;1;0;0;0;0;0;0;0;1;0;1;0;1;0;0;0;0;0;2;0;1;0;1;0;1;0;0;0;0;0;1
57;1O2H;0;21;1,69;56;19,60715661;2;0;0;2;4;0;9;1;0;0;2;3;0;3;1;5;1G3P;5L2C;9J2Z;3H8D;;0;1;0;0;0;0;0;0;0;0;0;0;0;0;0;0;0;0;0;0;0;0;0;0;0;0;0;0;0;0;1;0;0;0;0;1;1;0;0;0;0;0;0;0;0;0;0;0;0;0;0;0;0;0;0;0;0;0;0;0;0;0;0;1;0;1;0;0;0;0;0;0;0;0;0;0;0;0;0;1;0;1;0;0;1;0;0;1;0;0;2;1;0;1;0;0;1;0;0;1;0;0;1
58;1P5N;1;19;1,74;74;24,44180209;2;1;0;2;2;1;4;0;0;0;1;1;0;2;2;3;;;;;;0;0;0;0;0;0;0;0;0;0;0;0;0;0;0;0;0;1;1;0;0;0;0;0;0;0;0;0;0;0;0;0;0;0;0;0;0;0;0;0;0;0;0;0;0;0;0;0;0;0;0;0;0;1;0;0;0;0;0;0;0;0;0;0;0;0;0;0;0;0;0;0;0;0;0;0;0;0;0;0;0;0;0;0;0;0;0;1;0;0;0;0;0;0;0;0;0;0;0;1;0;0;0
59;1Q9K;1;22;1,83;90;26,8744961;1;0;0;2;1;1;2;1;1;1;1;0;0;3;0;3;;;;;;0;0;0;0;0;0;0;0;0;0;0;0;0;0;0;0;0;0;0;0;0;0;0;0;0;0;0;1;0;0;0;0;0;0;0;0;0;0;0;1;0;0;0;1;0;0;0;0;0;0;0;0;0;0;0;0;0;0;0;0;0;0;0;0;0;0;0;0;1;0;0;0;0;1;0;0;0;0;0;0;1;0;0;0;0;1;1;1;0;0;2;0;1;0;0;0;0;1;1;1;0;0;1
60;1R9D;1;22;1,72;82;27,71768524;2;1;0;1;0;1;9;0;0;0;1;3;1;3;1;10;9B5K;0F1W;2R7A;4A7O;3O6U;0;0;0;0;0;0;0;0;0;0;0;0;0;0;1;0;0;0;0;0;0;0;0;0;0;0;0;0;0;0;0;0;0;0;0;0;0;0;0;0;1;0;0;1;0;0;0;0;0;0;0;0;0;0;0;0;0;0;0;0;0;0;0;0;0;0;0;0;0;1;0;0;0;0;0;0;0;0;0;0;0;0;0;1;0;0;0;0;0;0;1;0;0;0;0;1;0;0;0;0;0;0;1
61;1T2N;1;21;1,7;80;27,6816609;1;0;0;2;4;1;11;1;1;1;0;0;0;2;1;3;1M5C;9Y6D;;;;0;0;1;0;0;0;0;0;0;0;0;0;0;0;0;0;0;1;1;0;0;0;0;0;0;0;0;1;0;0;0;0;0;0;0;0;0;0;0;0;0;0;0;0;0;0;0;0;0;0;0;1;0;0;0;0;0;0;1;0;0;0;0;0;0;0;0;0;0;0;0;0;0;0;0;0;0;0;0;1;0;1;0;0;0;1;0;1;0;0;1;1;0;1;0;0;0;1;0;1;0;0;1
62;1T9W;0;21;1,62;54;20,57613169;2;0;0;2;2;1;3;1;1;1;1;2;0;2;2;3;3R5P;1W6X;;;;0;0;0;0;0;0;0;0;0;0;0;0;0;0;0;0;0;1;1;0;0;0;0;0;0;0;0;1;0;0;0;0;0;0;0;0;0;0;0;0;0;0;0;0;0;0;0;0;0;0;0;0;0;1;0;0;0;0;1;0;0;0;0;0;0;0;0;0;0;0;0;0;0;0;0;0;0;0;0;1;0;0;0;0;0;1;0;1;0;0;1;1;0;0;0;0;0;1;0;1;0;0;1
63;1U6R;1;23;1,83;65;19,4093583;2;1;1;2;4;1;2;1;1;1;0;0;1;2;0;2;8G6G;;;;;0;0;0;0;0;0;0;0;0;0;0;0;0;1;0;0;0;0;0;0;0;0;0;0;0;0;0;0;0;0;0;0;0;0;0;0;0;0;0;1;0;0;0;1;0;0;0;0;0;0;0;0;1;0;0;0;0;0;0;0;0;0;0;0;0;0;0;0;0;0;0;0;0;0;0;0;0;0;0;0;0;1;0;0;0;1;1;1;0;0;1;0;0;1;0;0;0;1;1;1;0;0;1
65;1U7O;1;20;1,74;57;18,8267935;2;0;0;1;2;1;10;1;0;0;1;2;1;3;2;3;2Z9A;2R9X;;;;0;0;0;0;0;0;0;0;0;0;0;0;0;0;0;0;0;0;0;0;0;0;0;0;0;0;0;0;0;0;1;0;0;0;0;0;0;0;0;0;0;0;0;0;0;0;1;1;0;0;0;0;0;0;0;0;0;0;1;0;0;0;0;0;0;0;0;0;0;0;0;0;0;0;1;0;0;0;0;1;0;0;0;0;1;0;0;0;0;1;2;1;0;0;0;0;1;0;0;0;0;1;1
66;1V0X;1;24;1,7;71;24,56747405;3;0;0;1;4;1;5;1;0;0;0;0;0;3;1;5;4P8C;5Q8S;5L7H;5W0Z;;0;0;0;0;0;0;0;0;0;0;0;0;0;0;0;0;0;0;0;0;0;0;0;0;0;0;0;1;0;0;0;0;0;0;0;0;0;0;0;0;1;0;0;1;0;0;0;0;0;0;0;0;0;0;0;0;0;1;1;0;0;0;0;0;0;0;0;0;0;0;0;0;0;0;0;0;0;0;0;2;0;0;0;0;0;0;0;0;0;0;2;1;0;0;0;0;0;0;0;0;0;0;1
67;1W3S;1;20;1,73;64;21,383942;3;0;0;2;2;1;3;1;1;1;0;1;0;2;1;3;1B3G;7T4X;;;;0;0;0;0;0;0;0;0;0;0;0;0;0;0;0;0;0;0;0;0;0;0;0;0;0;0;0;1;0;0;0;0;0;0;0;0;0;0;1;0;0;0;0;1;0;0;0;0;0;0;0;0;0;0;0;0;0;0;0;0;0;0;0;0;0;0;0;1;1;0;0;0;0;0;0;0;0;0;0;0;0;0;0;0;1;1;0;1;1;0;2;0;0;0;0;0;1;1;0;1;1;0;1
68;1W6X;0;20;1,6;42;16,40625;2;0;0;2;4;1;3;1;1;1;0;3;1;3;3;3;3R5P;1T9W;;;;0;0;0;0;0;0;0;0;0;0;0;0;0;0;0;0;0;1;1;0;0;0;0;0;0;0;0;1;0;0;0;0;0;0;0;0;0;0;0;0;0;0;0;0;0;0;0;0;0;0;0;0;0;1;0;0;0;0;0;0;0;0;0;0;0;0;0;0;0;0;0;0;0;0;0;0;0;0;0;0;0;0;0;0;0;0;0;1;0;0;1;0;0;0;0;0;0;0;0;1;0;0;1
69;1W7I;1;21;1,8;64;19,75308642;1;0;0;2;1;1;9;1;1;1;0;2;0;3;1;10;4A7O;0F1W;9B5K;1R9D;2R7A;0;0;1;0;0;0;0;0;0;0;0;0;1;0;0;0;0;0;0;0;0;0;0;0;0;0;0;1;0;0;0;0;0;0;0;0;0;0;1;0;0;0;0;1;0;0;0;0;0;0;0;0;0;0;0;0;0;0;0;0;0;0;0;0;0;1;0;0;0;0;0;0;0;0;0;0;0;0;0;0;0;1;1;0;1;1;0;1;0;0;2;0;0;1;1;0;1;1;0;1;0;0;1
70;1W8I;1;21;1,84;69;20,38043478;2;1;0;2;1;1;4;1;1;1;0;1;0;1;0;3;6L3J;6C9H;;;;0;0;0;0;1;0;0;0;0;0;0;0;0;0;0;0;0;1;0;1;0;0;0;0;0;0;0;0;0;0;0;0;0;0;0;0;0;0;0;0;0;0;0;0;0;0;0;0;0;1;0;0;0;0;1;0;0;0;0;0;0;0;0;0;0;0;0;0;0;0;0;0;0;0;0;0;0;0;0;1;0;0;0;1;1;0;0;1;0;0;0;1;0;0;0;1;1;0;0;1;0;0;0
71;1Y1C;1;19;1,6;65;25,390625;0;0;0;2;1;1;2;0;1;1;0;0;0;3;0;2;0R7V;;;;;0;0;0;0;0;0;0;0;0;0;0;0;0;0;0;0;0;1;0;1;0;0;0;0;0;0;0;0;0;0;0;0;0;0;0;0;0;0;0;0;0;0;0;0;0;0;0;0;0;0;0;0;1;1;0;0;0;0;0;0;0;0;0;0;0;0;0;0;0;0;0;0;0;0;0;0;0;0;0;0;0;0;0;0;1;0;0;2;0;0;0;0;0;0;0;0;1;0;0;1;0;0;0
72;1Y7U;0;20;1,58;52;20,82999519;2;1;0;2;1;1;8;1;1;1;1;3;0;2;2;14;4O8C;2J2X;8Q9F;9X1Z;0H5L;0;0;0;1;0;0;0;0;0;0;0;0;1;0;0;0;0;0;0;0;0;0;0;0;0;0;0;0;0;0;0;0;0;0;0;0;0;0;1;0;0;0;0;1;0;0;0;0;0;0;0;0;0;0;0;0;0;0;0;0;0;0;0;0;0;0;0;0;1;0;0;0;0;0;0;0;0;0;0;0;0;1;1;0;1;0;0;1;0;0;1;0;0;1;1;0;1;0;0;1;0;0;1
73;1Y9T;1;21;1,79;85;26,52851035;2;0;0;2;2;1;5;1;1;1;0;1;2;2;0;3;6H4A;4K3B;;;;0;0;0;0;0;0;0;0;0;0;0;0;0;0;0;0;0;0;0;0;0;1;0;0;0;0;0;0;0;0;0;0;0;0;0;0;0;0;0;0;0;0;0;0;0;0;0;0;0;0;0;1;0;1;0;0;0;0;1;0;0;0;0;0;0;0;0;0;0;0;0;0;0;0;0;0;0;0;0;1;0;0;0;0;0;0;1;2;0;0;0;1;0;0;0;0;0;0;1;1;0;0;0
74;1Y9W;0;20;1,65;61;22,40587695;2;0;0;2;2;0;6;1;1;1;0;3;1;2;3;6;6V9Q;8N4I;0H8R;1C3K;4H1X;0;0;0;0;0;0;0;0;0;0;0;0;0;0;0;0;0;0;0;0;0;0;0;0;0;0;0;0;1;0;0;0;0;1;0;0;0;0;0;0;0;0;0;0;0;0;0;0;0;0;0;0;0;0;0;0;0;0;0;0;0;0;0;0;0;0;0;0;0;0;0;0;0;0;0;0;0;0;0;0;0;0;0;0;0;0;1;0;0;0;1;0;0;0;0;0;0;0;1;0;0;0;1
75;2A1P;0;18;1,64;55;20,44913742;2;0;0;2;0;1;8;1;1;1;1;1;0;2;0;8;0Z9C;1B2S;8H4M;4H1P;7K8M;0;0;0;0;0;0;0;0;0;0;0;0;0;0;0;0;0;1;0;1;0;0;0;0;0;0;0;0;0;0;0;0;0;0;0;0;0;0;0;0;0;0;0;0;0;0;0;0;0;1;0;0;0;1;1;0;0;0;0;0;0;0;0;0;0;0;0;0;0;0;0;0;0;0;0;0;0;0;0;1;0;0;0;0;1;0;0;2;0;0;0;1;0;0;0;0;1;0;0;1;0;0;0
76;2A2L;1;19;1,72;70;23,66143862;3;0;0;2;2;1;11;1;1;1;0;3;0;3;3;3;;;;;;0;0;0;0;0;0;0;0;0;0;0;0;0;0;0;0;0;1;0;1;0;0;0;0;0;0;0;1;0;0;0;0;0;0;0;0;0;0;0;0;0;0;0;0;0;0;0;0;0;1;0;0;0;0;0;0;0;0;0;0;0;0;0;0;0;0;0;0;0;0;0;0;0;0;0;0;0;0;0;0;0;0;0;0;1;0;0;1;0;0;1;0;0;0;0;0;1;0;0;1;0;0;1
77;2B6T;1;18;1,73;56;18,71094925;2;0;0;2;2;0;3;1;1;1;2;2;0;1;2;3;2Q6Z;6C9V;;;;0;0;0;0;0;0;0;0;0;0;0;0;0;0;0;0;0;0;0;0;0;0;0;0;0;0;0;0;0;0;1;0;0;0;0;1;0;0;0;0;0;0;0;0;0;0;0;0;0;0;0;0;0;0;0;0;0;0;0;0;0;0;0;1;0;0;1;0;0;0;0;0;0;0;0;0;0;0;0;1;0;0;0;0;1;0;0;0;1;0;1;1;0;0;0;0;1;0;0;0;1;0;1
78;2E1F;0;20;1,6;60;23,4375;1;1;0;2;2;1;2;1;1;0;0;1;0;2;0;2;9I3E;;;;;0;0;0;1;0;0;0;0;0;0;0;0;0;0;0;0;0;0;0;0;0;1;0;0;0;0;0;0;0;0;0;0;0;0;0;0;0;0;0;0;0;0;0;0;0;0;0;0;0;1;0;0;0;0;0;0;1;0;0;0;0;0;0;0;0;0;0;0;0;0;0;0;0;0;0;0;0;0;0;0;0;1;0;0;0;0;1;1;1;1;0;0;0;1;0;0;0;0;1;1;1;1;0
79;2E8L;1;20;1,84;72;21,26654064;3;0;0;2;2;1;4;0;0;1;0;2;0;2;1;4;2H8Q;;;;;1;0;0;0;0;0;0;0;0;0;0;0;0;0;0;0;0;1;1;0;0;0;0;0;0;0;0;1;0;0;0;0;0;0;0;0;0;0;0;0;0;0;0;0;0;0;0;0;0;0;0;1;0;0;0;0;0;0;0;0;0;0;0;0;0;0;0;0;0;0;0;0;0;0;0;0;0;0;0;0;0;1;0;0;0;0;0;1;0;0;1;0;0;1;0;0;0;0;0;1;0;0;1
80;2E8R;0;19;1,67;64;22,94811574;2;0;0;2;4;1;2;0;1;1;0;2;0;1;1;2;7E5H;;;;;0;0;0;0;0;0;0;0;0;0;0;0;0;0;0;0;0;0;0;0;0;0;0;0;0;0;0;1;0;0;0;0;0;0;0;0;0;0;0;0;1;0;0;1;0;0;0;0;0;0;0;0;0;0;0;0;0;0;0;0;0;0;0;0;0;0;0;0;1;0;0;0;0;1;0;0;0;0;0;0;1;0;0;0;0;1;0;1;0;0;2;0;1;0;0;0;0;1;0;1;0;0;1
81;2G0T;0;19;1,73;60;20,04744562;2;0;0;1;4;1;7;0;0;0;0;2;1;2;1;7;1N9S;3W3R;0S7C;7F5N;1J4B;0;0;0;0;0;0;0;0;0;0;0;0;0;0;0;0;0;1;1;0;0;0;0;0;0;0;0;0;0;0;0;0;0;0;0;0;0;0;0;0;0;0;0;0;0;0;0;0;0;1;0;0;0;1;0;0;0;0;0;0;0;0;0;0;0;0;0;0;0;0;0;0;0;0;0;0;0;0;0;0;0;0;0;0;0;1;0;2;0;0;0;0;0;0;0;0;0;1;0;1;0;0;0
82;2G2S;0;19;1,62;60;22,86236854;1;0;0;1;1;1;11;1;1;1;0;1;0;2;2;3;;;;;;0;0;0;0;0;0;0;0;0;0;0;0;0;0;0;0;0;1;1;0;0;0;0;0;0;0;0;1;0;0;0;0;0;0;0;0;0;0;0;0;0;0;0;0;0;0;0;0;0;0;0;0;1;0;0;0;0;0;0;0;0;0;0;0;0;0;0;0;0;0;0;0;0;0;0;0;0;0;0;0;0;0;0;0;0;1;0;1;0;0;1;0;0;0;0;0;0;1;0;1;0;0;1
83;2G3P;1;20;1,69;65;22,75830678;0;0;0;2;3;1;2;1;1;1;1;2;0;2;1;2;8O4J;;;;;0;0;0;0;0;0;0;0;0;0;0;0;0;0;0;0;0;1;0;1;0;0;0;0;0;0;0;0;0;0;0;0;0;0;0;0;0;0;0;0;0;0;0;0;0;0;0;0;0;0;0;0;0;1;0;0;0;0;0;0;0;0;0;0;0;0;0;0;0;0;0;0;0;0;0;0;0;0;0;0;0;0;0;0;1;1;0;1;0;0;0;0;0;0;0;0;1;1;0;1;0;0;0
84;2H3W;1;25;1,73;65;21,71806609;2;1;0;2;2;0;4;0;0;0;0;3;0;3;3;3;;;;;;0;0;0;0;0;0;0;0;0;0;0;0;0;0;0;0;0;0;0;0;0;0;0;0;0;0;0;0;0;0;0;1;0;0;0;0;0;0;0;0;0;0;0;0;0;0;0;0;0;0;0;0;0;0;0;0;0;0;0;0;0;0;0;0;0;0;0;0;0;0;0;0;0;0;0;0;0;0;0;0;0;0;0;0;0;0;1;0;0;0;0;0;0;0;0;0;0;0;1;0;0;0;0
85;2H8Q;1;20;1,75;75;24,48979592;3;0;0;2;2;1;4;0;0;1;0;1;1;3;0;4;2E8L;;;;;0;1;0;0;0;0;0;0;0;0;0;0;0;0;0;0;0;1;0;1;0;0;0;0;0;0;0;1;0;0;0;0;0;0;0;0;0;0;0;0;0;0;0;0;0;0;0;0;0;0;0;0;0;1;0;0;0;0;1;0;0;0;0;0;0;0;0;0;0;0;0;0;0;0;0;0;0;0;0;1;0;1;0;0;1;0;0;1;0;0;1;1;0;1;0;0;1;0;0;1;0;0;1
86;2I9R;1;19;1,75;55;17,95918367;2;0;0;2;2;1;4;1;1;1;2;2;1;2;2;4;2A4L;8W7P;8V5M;;;0;0;0;0;0;0;0;0;0;0;0;0;0;0;0;0;0;0;0;0;1;0;0;0;0;0;0;0;1;0;0;0;0;0;0;0;0;0;0;0;0;0;0;0;0;0;0;0;0;0;0;0;0;0;0;0;0;0;0;0;0;0;0;0;0;0;0;0;0;0;0;0;0;0;0;0;0;0;0;0;0;0;0;0;1;0;0;0;0;0;1;0;0;0;0;0;1;0;0;0;0;0;1
87;2J2X;0;20;1,53;50;21,35930625;2;0;0;1;2;1;6;1;1;1;1;3;0;3;2;14;4O8C;1Y7U;8Q9F;9X1Z;0H5L;0;0;0;1;0;0;0;0;0;0;0;0;0;0;0;0;0;0;0;0;0;0;0;0;0;0;0;0;0;0;0;0;0;0;0;0;0;0;1;0;1;0;0;1;0;0;0;0;0;0;0;0;0;0;0;0;0;0;0;0;0;0;0;0;0;0;0;1;0;0;0;0;0;0;0;0;0;0;0;0;0;1;0;0;1;0;0;0;1;0;1;0;0;1;0;0;1;0;0;0;1;0;1
89;2J2Y;1;21;1,8;75;23,14814815;1;1;1;2;1;1;1;1;1;1;0;2;0;1;0;2;7I1E;;;;;0;0;0;0;0;0;0;0;0;0;0;0;0;0;0;0;0;0;0;0;0;0;0;0;0;0;0;0;0;0;1;0;0;0;0;0;0;0;0;0;0;0;0;0;0;0;1;1;0;0;0;0;0;0;0;0;0;1;0;0;0;0;0;0;0;0;0;0;0;0;0;0;0;0;0;0;0;0;1;1;1;0;0;0;1;1;0;0;0;0;2;1;1;0;0;0;1;1;0;0;0;0;1
90;2K9I;1;22;1,85;75;21,9138057;1;0;0;2;2;1;6;1;1;1;0;2;0;2;1;5;6T3Q;1J6P;8K6W;9W3O;;0;0;0;0;0;0;0;0;0;0;0;0;0;0;0;0;0;0;0;0;0;0;0;0;0;0;0;1;0;0;0;0;0;0;0;0;0;1;0;0;0;0;0;1;0;0;0;0;0;0;0;0;0;0;0;0;0;0;0;0;0;0;0;0;0;0;0;0;0;1;0;0;1;0;0;0;0;0;0;0;1;0;0;0;0;0;0;0;0;0;2;0;1;0;0;0;0;0;0;0;0;0;1
91;2L2Z;0;19;1,59;51;20,17325264;2;1;1;2;4;0;6;1;0;0;0;2;0;2;3;6;8W4Q;6U3B;4A1V;8B8H;0R4X;1;0;0;0;0;0;0;0;0;0;0;0;0;0;0;0;0;0;0;0;0;0;0;0;0;0;0;0;0;0;0;0;1;0;0;1;1;0;0;0;0;0;0;0;0;0;0;0;0;0;0;0;0;0;0;0;0;0;1;0;0;0;0;0;0;0;0;0;0;0;0;0;0;0;0;0;0;0;0;1;0;1;0;0;0;0;0;0;0;0;2;1;0;1;0;0;0;0;0;0;0;0;1
92;2M7S;1;18;1,7;58;20,06920415;2;0;0;2;2;1;3;1;1;1;0;2;0;2;1;3;8U4I;7D4K;;;;0;0;0;0;0;0;0;0;0;0;0;0;0;0;0;0;0;1;1;0;0;0;0;0;0;0;0;0;0;0;0;0;0;0;0;0;0;0;0;0;0;0;0;0;0;0;0;0;0;1;0;0;0;0;1;0;0;0;0;0;0;0;0;0;0;0;0;0;0;0;0;0;0;0;0;0;0;0;0;1;0;0;0;0;0;1;0;1;0;0;0;1;0;0;0;0;0;1;0;1;0;0;0
93;2N5P;1;18;1,89;77;21,55594748;1;0;0;1;2;1;3;1;1;1;0;3;0;2;0;2;7H7Y;;;;;0;0;0;0;0;0;0;0;0;0;0;0;0;0;0;0;0;0;0;0;0;0;0;0;0;0;0;1;0;0;0;0;0;0;0;0;0;0;1;0;0;0;0;0;0;0;0;0;0;0;0;0;0;0;0;0;0;0;0;0;0;0;0;0;0;0;0;0;1;1;0;0;0;0;0;0;0;0;0;0;0;0;0;0;1;1;0;1;0;0;1;0;0;0;0;0;1;1;0;1;0;0;1
94;2Q6Z;1;18;1,7;58;20,06920415;2;0;0;2;2;0;3;1;1;1;2;2;2;3;0;3;2B6T;6C9V;;;;0;0;0;0;0;0;0;0;0;0;0;0;0;0;0;0;0;0;0;1;0;0;0;0;0;0;0;0;0;0;0;0;0;0;0;1;1;0;0;0;0;0;0;0;0;0;0;0;0;0;0;0;0;0;0;0;0;0;0;0;0;0;0;1;0;0;1;0;0;0;0;0;0;0;0;0;0;0;0;1;0;0;0;0;1;0;0;0;1;0;2;1;0;0;0;0;1;0;0;0;1;0;1
95;2Q8X;0;29;1,76;69;22,27530992;0;0;0;2;2;1;3;1;0;0;0;2;0;0;2;6;1C5X;4C3L;7B2H;8S7L;6O7D;0;0;0;0;0;0;0;0;0;0;0;0;0;0;0;0;0;0;0;0;0;0;0;0;0;0;0;0;1;0;0;0;0;0;0;0;0;0;0;0;0;1;0;0;0;0;0;0;0;0;0;0;0;0;0;0;0;1;0;0;1;0;0;0;0;0;0;0;0;1;0;0;0;0;0;0;1;0;0;2;0;1;0;0;1;0;0;0;0;0;1;1;0;1;0;0;1;0;0;0;0;0;1
96;2R7A;1;23;1,83;79,9;23,85858043;1;0;0;1;0;1;10;1;1;1;1;1;0;2;3;10;4A7O;9B5K;1R9D;0F1W;3O6U;0;0;1;0;0;0;0;0;0;0;0;0;0;0;0;0;0;0;0;0;0;0;0;0;0;0;0;1;0;0;0;0;0;0;0;0;0;0;0;1;0;0;0;1;0;0;0;0;0;0;0;0;0;0;0;0;0;0;0;0;0;0;0;0;0;0;0;0;1;0;0;0;0;0;0;0;0;0;0;0;0;1;0;0;0;0;1;1;0;0;2;0;0;1;0;0;0;0;1;1;0;0;1
97;2R9X;1;20;1,87;75;21,44756785;2;0;1;1;2;1;4;0;0;0;0;2;0;2;1;3;2Z9A;1U7O;;;;1;0;0;0;0;0;0;0;0;0;0;0;0;0;0;0;0;0;0;0;0;0;0;0;0;0;0;0;0;0;0;0;0;0;0;0;0;0;0;0;0;0;0;0;1;0;1;0;0;0;0;0;0;0;1;0;0;0;0;0;0;0;0;0;0;0;0;0;0;0;0;0;0;0;0;0;0;0;1;1;1;1;0;0;0;0;1;0;0;0;1;1;1;1;0;0;0;0;1;0;0;0;1
98;2U2X;1;20;1,7;72;24,91349481;0;0;0;2;2;0;1;1;1;0;2;0;0;2;1;2;7E4C;;;;;0;0;0;0;0;0;0;0;0;0;0;0;1;0;0;0;0;0;0;0;0;0;0;0;0;0;0;0;0;0;1;0;0;0;0;0;0;0;0;0;0;0;0;0;0;0;0;0;0;0;0;0;0;0;0;0;0;0;0;0;0;0;0;0;0;0;0;0;0;0;0;0;0;0;1;0;0;0;0;0;0;0;1;0;1;0;0;0;0;1;0;0;0;0;1;0;1;0;0;0;0;1;0
99;2U4F;1;20;1,7;65;22,49134948;1;0;0;2;0;1;6;1;1;1;0;3;0;3;0;5;0S0Q;0A4U;0R4C;6O4Y;;0;1;0;0;0;0;0;0;0;0;0;0;0;0;0;0;0;1;0;1;0;0;0;0;0;0;0;1;0;0;0;0;0;0;0;0;0;0;0;0;0;0;0;0;0;0;0;0;0;0;0;0;0;1;0;0;0;1;0;0;0;0;0;0;0;0;0;0;0;0;0;0;0;0;0;0;0;0;0;1;0;1;0;0;1;0;0;1;0;0;1;1;0;1;0;0;1;0;0;1;0;0;1
100;2U8V;1;21;1,84;80;23,6294896;3;0;0;2;2;0;2;1;1;1;0;2;0;1;2;3;;;;;;0;1;0;0;0;0;0;0;0;0;0;0;0;0;0;0;0;0;0;0;0;0;0;0;0;0;0;0;0;0;1;0;0;0;0;1;1;0;0;0;0;0;0;0;0;0;0;0;0;0;0;0;0;0;0;0;0;0;0;0;0;0;0;1;0;0;1;0;0;0;0;0;0;0;0;0;0;0;0;1;0;1;0;0;1;0;0;0;1;0;2;1;0;1;0;0;1;0;0;0;1;0;1
101;2U9G;1;21;1,75;75;24,48979592;2;0;0;2;4;1;2;0;0;0;1;1;1;3;0;2;9Y7K;;;;;0;0;0;1;0;0;0;0;0;0;0;0;0;0;0;0;0;0;0;0;0;0;0;0;0;0;0;0;0;0;0;0;0;0;0;0;0;0;0;1;0;0;0;1;0;0;0;0;0;0;0;0;0;0;0;0;0;0;0;0;0;0;0;0;0;0;0;0;1;0;0;0;0;0;0;0;0;0;0;0;0;1;0;0;0;0;1;1;0;0;1;0;0;1;0;0;0;0;1;1;0;0;1
102;2W1Q;0;23;1,63;62;0,002333547;1;1;1;2;4;0;1;0;0;1;1;2;1;2;3;1;;;;;;0;0;0;0;0;0;0;0;0;0;0;0;0;0;0;0;0;0;0;0;0;0;0;0;0;0;0;1;0;0;0;0;0;0;0;0;0;0;0;0;1;0;0;1;0;0;0;0;0;0;0;0;0;0;0;0;0;1;1;0;0;0;0;0;0;0;0;0;0;0;0;1;0;0;0;0;0;0;0;3;0;0;0;0;0;0;0;0;0;0;2;1;0;0;0;0;0;0;0;0;0;0;1
103;2W6P;1;22;1,96;73;19,00249896;2;0;0;2;2;1;2;1;1;1;0;2;0;2;1;2;2F8S;;;;;0;0;0;0;0;0;1;0;0;0;0;0;0;0;0;0;0;0;0;0;0;0;0;0;0;0;0;1;0;0;0;0;0;0;0;0;0;0;1;0;0;0;0;1;0;0;0;0;0;0;0;0;0;0;0;0;0;0;0;0;0;0;0;0;0;0;0;0;0;1;0;0;0;0;0;0;0;0;0;0;0;1;0;0;1;1;0;0;0;0;2;0;0;1;0;0;1;1;0;0;0;0;1
104;2W9X;1;22;1,86;85;24,56931437;3;0;0;1;2;1;2;0;0;0;0;2;0;3;1;2;6W8Z;;;;;1;0;0;0;0;0;1;0;0;0;0;0;0;0;0;0;0;1;0;1;0;0;0;0;0;0;0;1;0;0;0;0;0;0;0;0;0;0;0;0;0;0;0;0;0;0;0;0;0;0;0;0;0;1;0;0;0;0;0;0;0;0;0;0;0;0;0;0;0;0;0;0;0;0;0;0;0;0;0;0;0;2;0;0;1;0;0;1;0;0;1;0;0;1;0;0;1;0;0;1;0;0;1
105;2Y1K;1;18;1,82;70;21,13271344;2;0;0;2;2;0;6;1;1;1;2;3;0;3;0;6;6K3Y;3O6S;7M6P;8T4H;7A7P;0;0;0;0;0;0;0;0;0;0;0;0;0;0;0;0;0;0;0;0;0;0;0;0;0;0;0;0;0;0;1;0;0;0;0;1;1;0;0;0;0;0;0;0;0;0;0;0;0;0;0;0;0;0;0;0;0;0;0;0;0;0;0;1;0;0;1;0;0;0;0;0;0;0;0;0;0;0;0;1;0;0;0;0;1;0;0;0;1;0;2;1;0;0;0;0;1;0;0;0;1;0;1
106;2Y1M;1;20;1,71;67;22,91303307;3;1;0;2;4;1;3;1;1;1;1;2;0;2;2;3;0Q5P;9A9I;;;;0;0;0;0;0;0;0;0;0;0;0;0;0;1;0;0;0;0;0;0;0;0;0;0;0;0;0;0;0;0;0;0;0;0;0;0;0;0;0;0;0;0;0;0;0;1;1;0;0;0;0;0;1;0;0;0;0;0;0;0;0;0;0;1;0;0;0;0;0;0;0;0;0;0;0;0;0;0;0;1;0;1;0;0;0;0;0;1;0;0;1;1;0;1;0;0;0;0;0;1;0;0;1
107;2Y1W;1;18;1,83;72;21,49959688;2;0;0;2;4;1;11;1;1;1;0;0;0;1;2;8;4H1P;7K8M;2A1P;1B2S;8H4M;0;0;0;0;1;0;0;0;0;0;0;0;0;0;0;0;0;1;1;0;0;0;0;0;0;0;0;1;0;0;0;0;0;0;0;0;0;0;0;0;0;0;0;0;0;0;0;0;0;0;0;0;0;0;0;1;1;0;0;0;0;0;0;0;0;0;0;0;0;0;0;0;0;0;0;0;0;0;0;0;1;0;0;1;0;1;0;0;1;1;1;0;1;0;0;1;0;1;0;0;1;1;1
108;2Y2Q;1;18;1,87;84;24,02127599;2;0;0;1;2;0;1;0;0;0;0;2;0;2;1;3;;;;;;0;0;0;0;0;0;0;0;0;0;0;0;0;0;0;0;0;0;0;0;0;0;0;0;0;0;0;0;0;0;1;0;0;0;0;1;1;0;0;0;0;0;0;0;0;0;0;0;0;0;0;0;0;0;0;0;0;0;1;0;0;0;0;1;0;0;0;0;0;0;0;0;0;0;0;0;0;0;0;2;0;0;0;0;1;1;0;0;0;0;2;1;0;0;0;0;1;1;0;0;0;0;1
109;2Y5X;1;24;1,9;100;27,70083102;2;0;0;2;1;0;4;0;0;0;1;3;0;3;1;3;;;;;;0;0;0;0;0;0;0;0;0;0;0;0;0;0;0;0;0;0;0;0;0;0;0;0;0;0;0;0;0;0;0;0;0;0;1;0;0;0;0;0;0;0;0;0;0;0;0;0;0;0;0;0;0;0;0;0;0;1;0;0;0;0;0;0;0;0;0;0;0;0;0;0;0;0;0;0;0;0;0;1;0;0;0;0;1;0;0;0;0;0;0;1;0;0;0;0;1;0;0;0;0;0;0
110;2Z9A;1;19;1,82;70;21,13271344;3;0;0;1;2;1;10;1;1;1;1;2;0;3;0;3;2R9X;1U7O;;;;0;0;0;0;0;0;0;0;0;0;0;1;0;0;0;0;0;0;0;0;0;0;0;0;0;0;0;0;0;0;1;0;0;0;0;0;0;0;0;0;0;0;0;0;0;0;1;1;0;0;0;0;0;0;0;0;0;0;0;1;0;0;0;0;0;0;0;0;0;0;0;0;0;0;0;0;0;0;0;1;0;0;0;1;1;0;0;0;0;0;2;1;0;0;0;1;1;0;0;0;0;0;1
111;2Z9H;0;19;1,63;60;22,58270917;1;0;0;2;1;1;2;1;1;1;1;2;1;2;1;4;8N8Q;9G6O;4W2W;;;0;0;0;0;0;0;0;0;0;0;0;0;1;0;0;0;0;0;0;0;0;0;0;0;0;0;0;0;0;0;0;0;0;0;0;0;0;0;1;0;0;0;0;1;0;0;0;0;0;0;0;0;0;0;0;0;0;0;1;0;0;0;0;0;0;0;0;0;0;0;0;0;0;0;0;0;0;0;0;1;0;0;1;0;1;0;0;0;0;0;1;1;0;0;1;0;1;0;0;0;0;0;1
112;3C4H;0;21;1,6;48;18,75;2;0;0;1;4;1;5;1;1;1;0;0;0;2;3;3;;;;;;0;0;0;0;0;0;0;0;0;0;0;0;0;0;1;0;0;0;0;0;0;0;0;0;0;0;0;0;0;0;0;0;0;0;0;0;0;0;1;0;0;0;0;1;0;0;0;0;0;0;0;0;0;0;0;0;0;0;0;0;0;0;0;0;0;0;0;1;0;0;0;0;0;0;0;0;0;0;0;0;0;0;0;1;1;0;0;0;1;0;1;0;0;0;0;1;1;0;0;0;1;0;1
113;3E1Q;1;22;1,81;74;22,58783309;2;0;0;0;1;1;2;1;1;1;0;2;0;2;0;2;5L0V;;;;;0;0;0;0;0;0;0;0;0;0;0;0;1;0;0;0;0;0;0;0;0;0;0;0;0;0;0;1;0;0;0;0;0;0;0;0;0;0;0;0;1;0;0;1;0;0;0;0;0;0;0;0;0;0;0;0;0;0;0;0;0;0;0;0;0;0;0;0;1;0;0;0;0;0;0;0;0;0;0;0;0;0;1;0;0;0;0;1;0;0;2;0;0;0;1;0;0;0;0;1;0;0;1
114;3E3Y;1;22;1,8;70;21,60493827;2;0;0;2;4;1;4;1;1;1;3;2;0;3;0;3;;;;;;0;0;0;0;0;0;0;0;0;0;0;0;0;0;0;0;0;0;0;0;1;0;0;0;0;0;0;0;1;0;0;0;0;0;0;0;0;0;0;0;0;0;0;0;0;0;0;0;0;0;0;0;0;0;0;0;0;0;0;0;0;0;0;0;0;0;0;0;0;0;0;0;0;0;0;0;0;0;0;0;0;0;0;0;1;1;0;0;0;0;1;0;0;0;0;0;1;1;0;0;0;0;1
115;3F4Z;1;20;1,82;69;20,83081753;1;0;0;2;2;1;4;1;1;1;0;3;0;1;0;5;0I7G;4C0V;;;;0;0;0;0;0;0;0;0;0;0;0;0;0;0;1;0;0;0;0;0;0;0;0;0;0;0;0;0;0;0;0;0;0;0;0;0;0;0;0;0;0;0;0;0;1;0;1;0;0;0;0;0;1;0;0;0;0;0;0;0;0;0;0;0;0;0;0;0;0;0;0;0;0;0;0;0;0;0;0;0;0;0;0;1;0;0;1;1;0;0;1;0;0;0;0;1;0;0;1;1;0;0;1
116;3G0E;0;20;1,68;59;20,90419501;0;0;0;1;1;0;1;0;0;0;0;2;0;2;2;3;;;;;;0;1;0;0;0;0;0;0;0;0;0;0;0;0;0;0;0;1;1;0;0;0;0;0;0;0;0;1;0;0;0;0;0;0;0;0;0;0;0;0;0;0;0;0;0;0;0;0;0;0;1;0;0;0;0;0;0;0;0;0;0;0;0;0;0;0;0;0;0;0;0;0;0;0;0;0;0;0;0;0;0;1;0;0;0;0;0;0;1;0;1;0;0;1;0;0;0;0;0;0;1;0;1
117;3H8D;0;22;1,7;73;25,25951557;0;1;0;2;4;0;9;1;1;1;0;3;0;3;1;5;9J2Z;5L2C;1G3P;1O2H;;0;1;0;0;0;0;0;0;0;0;0;0;0;0;0;0;0;0;0;1;0;0;0;0;0;0;0;0;0;0;0;0;0;0;0;1;1;0;0;0;0;0;0;0;0;0;0;0;0;0;0;0;0;0;0;0;0;0;0;0;0;0;1;0;0;0;0;0;0;0;0;0;0;0;0;0;0;0;0;0;0;1;0;0;1;1;0;0;0;1;2;0;0;1;0;0;1;1;0;0;0;1;1
118;3K7S;0;27;1,53;58;24,77679525;0;0;0;2;1;1;2;0;0;0;0;0;0;1;1;2;4E4W;;;;;0;0;0;0;0;0;1;0;0;0;0;0;0;0;0;0;0;0;0;0;1;0;0;0;0;0;0;0;1;0;0;0;0;0;0;0;0;0;0;0;0;0;0;0;0;0;0;0;0;1;0;0;0;0;1;0;0;0;0;0;0;0;0;0;0;0;0;0;0;0;0;0;0;0;0;0;0;0;0;1;0;1;0;0;1;0;0;1;0;0;1;1;0;1;0;0;1;0;0;1;0;0;1
119;3K9G;1;21;1,85;73;21,32943755;3;0;0;2;1;1;7;1;0;0;0;3;0;3;1;7;5F9Z;6C3U;3Y2G;6G4G;4D2Y;0;0;0;0;0;0;0;0;0;0;0;0;0;0;0;0;0;0;0;0;0;0;0;0;0;0;0;1;0;0;0;0;0;0;0;0;0;0;0;0;1;0;0;1;0;0;0;0;0;0;0;0;0;0;0;0;0;0;0;0;0;0;0;0;0;0;0;0;1;1;0;0;0;0;0;0;0;0;0;0;0;0;0;0;0;0;0;1;0;0;2;0;0;0;0;0;0;0;0;1;0;0;1
120;3L2B;0;22;1,68;58;20,54988662;2;0;0;2;2;1;2;1;1;1;1;2;0;2;1;2;1I1F;;;;;0;0;0;0;0;0;0;0;0;0;0;0;0;0;0;0;0;0;0;0;1;0;0;0;0;0;0;0;1;0;0;0;0;0;0;0;0;0;0;0;0;0;0;0;0;0;0;0;0;0;0;0;0;0;0;0;0;0;0;0;0;0;0;0;0;0;0;0;0;0;0;0;0;0;0;0;0;0;0;0;0;0;0;0;1;1;0;0;0;0;1;0;0;0;0;0;1;1;0;0;0;0;1
121;3L6Q;1;23;1,76;60;19,36983471;3;1;0;2;2;1;3;1;1;1;1;3;0;2;1;3;5R0T;1J5T;;;;0;0;0;0;0;1;0;0;0;0;0;0;0;0;0;0;0;1;1;0;0;0;0;0;0;0;0;1;0;0;0;0;0;0;0;0;0;0;0;0;0;0;0;0;0;0;0;0;0;0;0;0;0;0;1;0;0;0;0;0;0;0;0;0;0;0;0;0;0;0;0;0;0;0;0;0;0;0;0;1;0;0;1;0;0;0;0;0;0;0;1;1;0;0;1;0;0;0;0;0;0;0;1
122;3M5G;1;19;1,8;60;18,51851852;0;1;1;2;1;1;8;0;0;0;0;0;0;3;0;8;0G2I;7U3T;2F2B;0D4Y;7N7F;0;0;0;0;1;0;0;0;0;0;0;0;0;0;0;0;0;0;0;0;0;1;0;0;0;0;0;0;0;0;0;0;0;0;0;0;0;0;0;0;0;0;0;0;0;0;0;0;0;1;0;0;0;0;0;0;0;0;1;0;0;0;0;0;0;0;0;0;0;0;0;0;0;0;0;0;0;0;0;1;0;0;0;1;0;1;1;1;0;0;0;1;0;0;0;1;0;1;1;1;0;0;0
123;3M6S;0;19;1,64;53;19,70553242;2;0;0;1;2;1;15;1;1;1;3;1;0;3;0;6;5A0R;0O9T;0X7C;3R3M;2M6T;0;0;0;0;0;0;0;0;0;0;0;0;0;0;0;0;0;0;0;0;0;0;0;0;0;0;0;0;0;0;0;0;0;0;0;0;0;0;0;0;0;0;0;0;0;1;0;1;0;0;0;0;0;0;0;0;0;0;0;0;0;0;0;0;0;0;0;0;0;0;0;0;0;0;0;0;0;1;0;0;1;0;0;0;0;0;0;0;0;0;1;0;1;0;0;0;0;0;0;0;0;0;1
124;3O2U;1;22;1,78;60;18,9370029;2;0;0;2;4;1;2;1;1;1;2;3;0;2;2;2;3V4C;;;;;0;0;0;0;0;0;0;0;0;0;0;0;0;0;0;0;0;0;0;0;1;0;0;0;0;0;0;0;1;0;0;0;0;0;0;0;0;0;0;0;0;0;0;0;0;0;0;0;0;0;0;0;0;0;0;0;0;0;0;0;0;0;0;0;0;0;0;0;0;0;0;0;0;0;0;0;0;0;0;0;0;0;0;0;1;1;0;0;0;0;1;0;0;0;0;0;1;1;0;0;0;0;1
125;3O6S;1;19;1,7;100;34,60207612;0;0;0;2;0;0;6;1;1;1;0;2;0;2;1;6;2Y1K;6K3Y;7A7P;7M6P;8T4H;0;0;0;0;0;0;0;0;0;0;0;0;0;0;0;0;0;0;0;0;0;0;0;0;0;0;0;0;0;0;1;0;0;0;0;1;0;0;0;0;0;0;0;0;0;0;0;0;0;0;0;0;0;0;0;0;0;0;0;0;0;0;0;1;0;0;1;0;0;0;0;0;0;0;0;0;0;0;0;1;0;0;0;0;1;0;0;0;1;0;1;1;0;0;0;0;1;0;0;0;1;0;1
126;3O6U;0;21;1,75;70;22,85714286;2;0;0;1;0;1;10;1;1;1;0;2;0;2;1;10;4A7O;0F1W;9B5K;1R9D;2R7A;0;0;0;0;0;0;0;0;0;0;0;0;0;0;0;0;0;0;0;0;0;0;0;0;0;0;0;0;0;0;0;0;0;0;0;0;0;0;1;0;0;0;0;1;0;0;0;0;0;0;0;0;0;0;0;0;0;0;0;0;0;0;0;0;0;0;0;0;1;1;0;0;0;0;0;0;0;0;0;0;0;0;0;0;1;0;0;1;0;0;1;0;0;0;0;0;1;0;0;1;0;0;1
127;3Q2Q;0;21;1,7;56;19,37716263;2;1;0;2;4;1;1;0;0;0;0;3;0;2;1;2;8E0Y;;;;;0;0;1;0;0;0;0;0;0;0;0;0;0;0;0;0;0;0;0;0;0;0;0;0;0;0;0;0;0;0;0;0;0;0;0;0;0;0;0;0;0;0;0;0;0;1;1;1;0;0;0;0;0;0;1;0;0;0;0;0;0;0;0;0;0;0;0;0;0;0;0;0;0;0;0;0;0;0;0;1;0;1;0;0;0;0;0;0;0;0;2;1;0;1;0;0;0;0;0;0;0;0;1
128;3Q5T;1;29;1,7;56;19,37716263;2;0;0;2;0;1;4;0;0;0;0;2;0;2;0;4;8D7X;8S7P;3U9V;;;0;0;0;0;0;0;0;0;0;0;0;0;1;0;0;0;0;0;0;0;0;0;0;0;0;0;0;1;0;0;0;0;0;0;0;0;0;1;0;0;0;0;0;1;0;0;0;0;0;0;0;0;0;0;0;0;0;0;0;0;0;0;0;0;0;0;0;0;0;1;0;0;0;0;0;0;0;0;0;0;0;0;1;0;0;1;0;0;0;0;2;0;0;0;1;0;0;1;0;0;0;0;1
129;3Q7Q;1;20;1,76;69;22,27530992;3;1;0;2;2;1;3;1;1;1;0;1;0;2;2;3;5C0L;1K9O;;;;0;0;0;0;0;0;0;0;0;0;0;1;0;0;0;0;0;0;0;0;0;0;0;0;0;0;0;0;0;0;0;0;0;0;0;0;0;0;0;0;0;0;0;0;0;1;1;1;0;0;0;0;0;0;1;0;0;0;0;0;0;0;0;0;0;0;0;0;0;0;0;0;0;0;0;0;0;0;0;1;0;0;0;1;0;0;0;0;0;0;2;1;0;0;0;1;0;0;0;0;0;0;1
130;3R3M;1;21;1,8;72;22,22222222;1;0;0;1;1;1;12;1;1;1;3;3;0;0;3;6;0X7C;2M6T;0O9T;5A0R;3M6S;0;0;0;0;0;0;0;0;0;0;0;0;0;0;0;0;0;0;0;0;0;0;0;0;0;0;0;0;0;0;0;0;0;0;0;0;0;0;0;0;0;0;0;0;0;1;1;1;0;0;0;0;0;0;1;0;0;0;0;0;0;0;0;0;0;0;0;0;0;0;0;0;0;0;0;0;0;0;0;1;0;0;0;0;0;1;0;0;0;0;2;1;0;0;0;0;0;1;0;0;0;0;1
131;3R5P;0;21;1,63;42;15,80789642;2;0;0;2;4;1;2;0;0;0;0;3;0;3;1;3;1W6X;1T9W;;;;0;0;0;0;0;0;0;0;0;1;0;0;0;0;0;0;0;1;0;1;0;0;0;0;0;0;0;1;0;0;0;0;0;0;0;0;0;0;0;0;0;0;0;0;0;0;0;0;0;0;0;0;0;1;0;0;0;0;0;0;0;0;0;0;0;0;0;0;0;0;0;0;0;0;0;0;0;0;0;0;0;1;0;0;1;1;0;1;0;0;1;0;0;1;0;0;1;1;0;1;0;0;1
132;3R8M;1;20;1,7;70;24,22145329;3;0;0;2;0;1;4;0;1;1;0;3;0;3;1;3;;;;;;0;0;0;0;0;1;0;0;0;0;0;0;0;0;0;0;0;0;0;0;0;0;0;0;0;0;0;1;0;0;0;0;0;0;0;0;0;0;0;1;0;0;0;0;0;0;0;0;0;0;0;0;0;0;0;0;0;0;0;0;0;0;0;0;0;0;0;0;0;0;0;0;1;0;0;0;0;0;0;0;1;0;1;0;0;0;1;0;0;0;1;0;1;0;1;0;0;0;1;0;0;0;1
133;3S3F;1;22;1,72;75;25,35154137;1;1;0;2;2;1;3;1;1;1;1;1;0;2;1;3;0X6C;4G9N;;;;0;0;0;0;0;0;0;0;0;0;0;0;1;0;0;0;0;0;0;0;0;0;0;0;0;0;0;1;0;0;0;0;0;0;0;0;0;0;0;0;1;0;0;1;0;0;0;0;0;0;0;0;0;0;0;0;0;0;0;0;0;0;1;0;0;0;0;0;0;1;0;0;0;0;0;0;0;0;0;0;0;0;1;0;0;0;0;0;0;1;2;0;0;0;1;0;0;0;0;0;0;1;1
135;3S5G;0;21;1,63;55;20,70081674;1;0;0;2;1;1;10;1;1;1;1;3;0;3;0;14;4O8C;1Y7U;2J2X;8Q9F;9X1Z;0;0;0;0;0;0;0;0;0;0;0;1;0;0;0;0;0;0;0;0;0;0;0;0;0;0;0;0;0;0;0;0;0;0;0;0;0;0;1;0;0;0;0;1;0;0;0;0;0;0;0;0;0;0;0;0;0;0;0;0;0;0;0;0;0;0;0;0;0;1;0;0;0;0;0;0;0;0;0;0;0;0;0;1;1;1;0;0;0;0;1;0;0;0;0;1;1;1;0;0;0;0;1
136;3T0E;0;18;1,73;53;17,70857697;1;0;0;2;1;1;5;0;0;0;0;2;0;3;2;5;5D1Z;5J3M;8G7E;8G8P;;0;0;0;0;0;0;0;0;0;0;0;0;0;0;0;0;0;1;0;1;0;0;0;0;0;0;0;1;0;0;0;0;0;0;0;0;0;0;0;0;0;0;0;0;0;0;0;0;0;1;0;0;0;0;0;0;0;0;1;0;0;0;0;0;0;0;0;0;0;0;0;0;0;0;0;0;0;0;0;1;0;0;0;0;1;0;0;1;0;0;1;1;0;0;0;0;1;0;0;1;0;0;1
137;3T0P;0;22;1,67;66;23,66524436;1;1;1;2;2;1;8;0;0;0;1;1;1;2;1;7;9A0P;0A8B;8I1P;4M3X;9F9T;0;0;0;0;0;0;0;0;0;0;0;0;0;0;0;0;0;0;0;0;0;0;0;0;0;0;0;0;0;0;0;0;0;0;0;0;0;0;0;0;0;0;0;0;1;0;1;0;0;0;0;0;0;0;0;0;0;0;1;0;0;0;0;0;0;0;0;0;0;0;0;0;0;0;0;0;0;0;0;1;0;0;0;0;0;0;1;0;0;0;1;1;0;0;0;0;0;0;1;0;0;0;1
138;3U7V;1;20;1,76;60;19,36983471;1;0;0;2;2;1;5;1;1;1;1;1;0;2;0;4;7A0X;0U8E;5Z4K;;;0;0;0;0;0;0;0;0;0;0;0;0;1;0;0;0;0;0;0;0;0;0;0;0;0;0;0;1;0;0;0;0;0;0;0;0;0;0;1;0;0;0;0;1;0;0;0;0;0;0;0;0;0;0;0;0;0;0;0;0;0;0;0;0;0;0;0;0;1;0;0;0;0;0;0;0;0;0;0;0;0;0;1;0;1;0;0;1;0;0;2;0;0;0;1;0;1;0;0;1;0;0;1
139;3U8T;1;20;1,74;64;21,13885586;2;0;0;1;2;1;4;1;1;1;0;0;0;2;1;4;7H9N;0I8Y;5R8S;;;0;0;0;0;0;0;0;0;0;0;0;0;0;0;0;0;0;1;0;1;0;0;0;0;0;0;0;1;0;0;0;0;0;0;0;0;0;0;0;0;0;0;0;0;0;0;0;0;0;1;0;0;1;0;1;0;0;0;0;0;0;0;0;0;0;0;0;0;0;0;0;0;0;0;0;0;0;0;0;1;0;0;0;0;1;0;0;2;0;0;1;1;0;0;0;0;1;0;0;1;0;0;1
140;3U9V;1;24;1,8;70;21,60493827;2;0;0;2;2;1;4;1;1;1;1;2;0;2;1;4;8D7X;3Q5T;8S7P;;;1;0;0;0;0;0;0;0;0;0;0;0;0;0;0;0;0;0;0;0;0;0;0;0;0;0;0;1;0;0;0;0;0;0;0;0;0;1;0;0;0;0;0;1;0;0;0;0;0;0;0;0;0;0;0;0;0;0;0;0;0;0;0;0;0;0;0;1;0;0;0;0;0;0;0;0;0;0;0;0;0;1;0;0;0;0;0;0;1;0;2;0;0;1;0;0;0;0;0;0;1;0;1
141;3V0A;1;24;1,9;83;22,99168975;2;0;0;2;2;0;1;0;0;0;0;1;0;2;1;1;;;;;;1;0;0;0;0;0;0;0;0;0;0;0;0;0;0;0;0;0;0;0;0;0;0;0;0;0;0;1;0;0;0;0;0;0;0;0;0;0;0;0;1;0;0;1;0;0;0;0;0;0;0;0;0;0;0;0;0;0;0;0;0;0;0;0;0;0;0;0;0;1;0;0;0;0;0;0;0;0;0;0;0;1;0;0;0;0;0;0;0;0;2;0;0;1;0;0;0;0;0;0;0;0;1
142;3V4C;0;22;1,66;55;19,95935549;1;1;0;2;4;1;2;1;1;1;3;3;1;3;1;2;3O2U;;;;;0;0;0;0;0;0;0;0;0;0;0;0;0;0;0;0;0;0;0;0;1;0;0;0;0;0;0;0;1;0;0;0;0;0;0;0;0;0;0;0;0;0;0;0;0;0;0;0;0;0;0;0;0;0;0;0;0;0;0;0;0;0;0;0;0;0;0;0;0;0;0;0;0;0;0;0;0;0;0;0;0;0;0;0;1;1;0;0;0;0;1;0;0;0;0;0;1;1;0;0;0;0;1
143;3V6V;1;21;1,8;50;15,43209877;1;0;0;2;4;1;2;1;1;1;0;1;0;1;2;2;0I6B;;;;;1;0;0;0;0;0;0;0;0;0;0;0;0;0;1;0;0;0;0;0;0;0;0;0;0;0;0;0;0;0;0;0;0;0;0;0;0;0;1;0;0;0;0;1;0;0;0;0;0;0;0;0;0;0;0;0;0;0;0;0;0;0;0;0;0;0;0;0;0;0;1;0;0;0;0;0;0;0;0;1;0;1;0;1;1;0;0;0;0;0;1;1;0;1;0;1;1;0;0;0;0;0;1
144;3W5V;0;19;1,56;48;19,72386588;2;0;0;2;1;0;2;1;1;1;1;3;0;2;0;2;0R4J;;;;;1;1;0;0;0;0;0;0;0;0;0;0;0;0;0;0;0;0;0;0;0;0;0;0;0;0;0;0;0;0;0;0;1;0;0;1;1;0;0;0;0;0;0;0;0;0;0;0;0;0;0;0;0;0;0;0;0;0;0;0;0;0;0;0;0;0;1;0;0;0;0;0;0;0;0;0;0;0;0;0;0;2;0;0;0;0;0;0;1;0;2;0;0;1;0;0;0;0;0;0;1;0;1
145;3W7U;1;21;1,85;67;19,57633309;2;0;0;1;2;1;5;1;1;1;0;2;0;2;1;5;3P0Q;7K6K;4K9H;9K2R;;0;0;0;0;0;0;0;0;0;0;0;0;0;0;0;0;0;0;0;0;0;0;0;0;0;0;0;0;0;0;0;0;0;0;0;0;0;0;0;0;0;0;0;0;0;1;1;1;0;0;0;0;1;0;0;0;0;0;1;0;0;0;0;0;0;0;0;0;0;0;0;0;0;0;0;0;0;0;0;1;0;0;0;0;0;1;0;1;0;0;2;1;0;0;0;0;0;1;0;1;0;0;1
146;3Y2G;1;21;1,8;70;21,60493827;1;1;1;2;4;1;7;1;0;0;0;0;0;2;2;7;0Y5X;4D2Y;6C3U;5F9Z;3K9G;0;0;0;0;0;0;0;0;0;0;0;1;0;0;0;0;0;0;0;0;0;0;0;0;0;0;0;1;0;0;0;0;0;0;0;0;0;0;0;1;0;0;0;1;0;0;0;0;0;0;0;0;0;0;0;0;0;0;0;0;0;0;0;0;0;0;0;0;1;0;0;0;1;0;0;0;0;0;0;0;1;0;0;1;0;1;1;1;0;0;2;0;1;0;0;1;0;1;1;1;0;0;1
147;3Y3E;1;20;1,82;70;21,13271344;2;0;0;2;1;1;2;1;1;1;0;0;0;3;0;2;2U5M;;;;;0;0;0;0;0;0;0;0;0;0;0;1;0;0;0;0;0;0;0;0;0;0;0;0;0;0;0;0;0;0;0;0;0;0;0;0;0;0;0;0;0;0;0;0;0;1;1;0;0;0;0;0;1;0;0;0;0;0;0;0;0;0;0;1;0;0;0;0;0;0;0;0;0;0;0;0;0;0;0;1;0;0;0;1;0;0;0;1;0;0;1;1;0;0;0;1;0;0;0;1;0;0;1
148;4A1V;1;21;1,68;55;19,48696145;2;0;0;2;1;0;6;1;1;1;1;3;0;2;0;6;6U3B;8B8H;2L2Z;8W4Q;0R4X;0;0;0;0;0;0;0;0;0;0;0;0;0;0;0;0;0;0;0;1;0;0;0;0;0;0;0;0;0;0;0;0;0;0;0;1;1;0;0;0;0;0;0;0;0;0;0;0;0;0;0;0;0;0;0;0;0;0;1;0;0;0;1;0;0;0;0;0;0;0;0;0;0;0;0;0;0;0;0;1;0;0;0;0;1;1;0;0;0;1;2;1;0;0;0;0;1;1;0;0;0;1;1
149;4A4Z;1;21;1,86;75;21,6788068;3;0;0;1;2;1;3;1;1;1;0;3;0;3;0;2;4D8M;;;;;0;0;0;0;0;0;0;0;0;0;0;0;0;0;0;0;0;0;0;0;0;0;0;0;0;0;0;1;0;0;0;0;0;0;0;0;0;0;0;1;0;0;0;1;0;0;0;0;0;0;0;0;0;0;0;0;0;1;0;0;0;0;0;0;0;0;0;1;0;0;0;0;1;0;0;0;0;0;0;1;1;0;0;0;0;0;1;0;1;0;2;1;1;0;0;0;0;0;1;0;1;0;1
150;4A7O;1;25;1,7;80;27,6816609;1;0;0;2;1;1;10;1;1;1;2;3;0;2;0;10;0F1W;9B5K;2R7A;3O6U;9M5B;0;0;0;0;0;0;0;0;0;0;0;0;0;0;1;0;0;0;0;0;0;0;0;0;0;0;0;0;0;0;0;0;0;0;0;0;0;0;1;1;0;0;0;1;0;0;0;0;0;0;0;0;0;0;0;0;0;0;0;0;0;0;0;0;0;0;0;0;0;1;0;0;0;0;0;0;0;0;0;0;0;0;0;1;1;0;1;0;0;0;1;0;0;0;0;1;1;0;1;0;0;0;1
151;4B5E;1;23;1,71;70;23,93898977;1;1;0;2;1;1;3;1;1;1;0;3;0;3;2;3;9P2T;9E7A;;;;0;0;0;0;0;0;0;0;0;0;0;0;0;0;0;0;1;0;0;0;0;0;0;0;0;0;0;0;0;0;0;0;0;0;0;0;0;0;0;0;0;0;0;0;0;1;1;1;0;0;0;0;0;0;0;0;0;0;0;0;0;0;0;1;0;0;0;0;0;0;0;0;0;0;0;0;0;0;0;1;0;0;1;0;0;0;0;0;0;0;2;1;0;0;1;0;0;0;0;0;0;0;1
152;4C0V;1;21;1,88;78;22,06880942;1;1;1;2;2;1;3;1;1;1;0;1;0;3;0;5;0I7G;3F4Z;;;;0;0;0;0;0;0;0;0;0;0;0;0;0;0;0;0;0;0;0;0;0;0;0;0;0;0;0;0;0;0;0;0;0;0;0;0;0;0;0;0;0;0;0;0;1;0;1;0;0;0;0;0;0;0;1;0;0;0;0;0;0;0;0;0;0;0;0;0;0;0;0;0;0;0;0;0;0;0;0;1;0;0;0;0;0;1;1;0;0;0;1;1;0;0;0;0;0;1;1;0;0;0;1
153;4D0S;1;18;1,85;64;18,69978086;3;0;0;2;2;1;3;1;0;0;1;2;0;2;1;3;8P9D;8N1H;;;;0;0;0;0;0;1;0;0;0;0;0;0;0;0;0;0;0;1;1;0;0;0;0;0;0;0;0;1;0;0;0;0;0;0;0;0;0;0;0;0;0;0;0;0;0;0;0;0;0;1;0;0;0;0;1;0;0;0;0;0;0;0;0;0;0;0;0;0;0;0;0;0;0;0;0;0;0;0;0;1;0;0;1;0;0;0;0;1;0;0;1;1;0;0;1;0;0;0;0;1;0;0;1
154;4D2Y;1;21;1,7;63;21,79930796;1;0;0;2;4;0;1;1;0;0;0;0;0;2;0;7;3K9G;5F9Z;0Y5X;3Y2G;6C3U;0;0;0;0;0;0;0;0;0;0;0;0;0;0;0;0;0;0;0;0;0;0;0;0;0;0;0;1;0;0;0;0;0;0;0;0;0;0;1;0;0;0;0;1;0;0;0;0;0;0;0;0;0;0;0;0;0;0;0;0;0;0;0;0;0;0;0;0;1;1;0;0;0;0;0;0;0;0;0;0;0;0;0;0;1;1;0;1;0;0;2;0;0;0;0;0;1;1;0;1;0;0;1
155;4D4V;1;21;1,78;75;23,67125363;2;0;0;2;2;1;4;1;1;1;1;3;0;3;3;2;5Y6U;;;;;0;0;0;0;1;0;0;1;0;0;0;0;0;0;0;0;0;1;0;1;0;0;0;0;0;0;0;1;0;0;0;0;0;0;0;0;0;0;0;0;0;0;0;0;0;0;0;0;0;0;0;0;0;0;0;0;0;1;0;0;0;0;0;0;0;0;0;0;0;0;0;0;0;0;0;0;0;0;0;1;0;0;0;2;1;0;0;0;0;0;1;1;0;0;0;1;1;0;0;0;0;0;1
156;4D8M;1;20;1,78;63;19,88385305;3;0;0;1;2;1;3;1;1;1;0;0;1;3;1;2;4A4Z;;;;;0;0;0;0;0;0;0;0;0;0;0;0;0;0;0;0;0;0;0;0;0;0;0;0;0;0;0;0;0;0;0;0;0;0;0;0;0;0;0;0;1;0;0;1;0;0;0;0;0;0;0;0;0;0;0;0;0;0;0;0;0;0;0;0;0;0;0;0;0;1;0;0;1;0;0;0;0;0;0;0;1;0;0;0;0;0;0;0;0;0;1;0;1;0;0;0;0;0;0;0;0;0;1
157;4F9D;1;29;1,7;56;19,37716263;2;0;0;2;1;1;4;0;0;0;1;1;0;2;0;4;5M0T;9R6Y;1G7G;;;0;0;0;0;0;0;0;0;0;0;0;0;0;0;0;0;1;0;0;0;0;0;0;0;0;0;0;0;0;0;0;0;0;0;0;0;0;0;0;0;0;0;0;0;0;1;1;0;0;0;0;0;0;0;0;0;0;0;0;0;0;0;0;0;0;0;0;0;0;0;0;0;0;0;1;0;0;0;0;0;0;0;1;0;0;1;0;0;0;1;1;0;0;0;1;0;0;1;0;0;0;1;1
158;4H1P;1;18;1,69;56;19,60715661;1;0;0;2;2;1;11;1;0;0;0;2;0;3;2;8;2Y1W;2A1P;7K8M;1B2S;8H4M;0;0;0;0;1;0;0;0;0;0;0;0;0;0;0;0;0;1;0;1;0;0;0;0;0;0;0;1;0;0;0;0;0;0;0;0;0;0;0;0;0;0;0;0;0;0;0;0;0;0;0;0;0;1;0;0;0;0;1;0;0;0;0;0;0;0;0;0;0;0;0;0;0;0;0;0;0;0;0;1;0;0;0;1;1;1;0;1;0;0;1;1;0;0;0;1;1;1;0;1;0;0;1
159;4H1X;1;19;1,87;75;21,44756785;2;0;0;2;0;0;6;1;1;1;0;0;2;3;0;6;6V9Q;1Y9W;1C3K;0H8R;8N4I;0;0;0;0;0;0;0;0;0;0;0;0;0;0;0;0;0;0;0;0;0;0;0;0;0;0;0;0;0;0;0;0;0;0;1;0;0;0;0;0;0;0;0;0;0;0;0;0;0;0;0;0;0;0;0;0;0;0;0;0;0;0;0;0;0;0;0;0;0;0;0;0;0;0;0;0;0;0;0;0;0;0;0;0;1;0;0;0;0;0;0;0;0;0;0;0;1;0;0;0;0;0;0
160;4K3B;1;20;1,77;64;20,42835711;2;0;0;1;1;1;6;0;0;0;0;2;0;1;0;3;6H4A;1Y9T;;;;0;0;0;0;0;0;0;0;0;0;0;0;0;0;0;0;0;0;0;0;0;1;0;0;0;0;0;0;0;0;0;0;0;0;0;0;0;0;0;0;0;0;0;0;0;0;0;0;0;0;0;1;0;1;0;0;0;0;0;0;0;0;0;0;0;0;0;0;0;0;0;0;0;0;0;0;0;0;0;0;0;0;0;0;0;0;1;2;0;0;0;0;0;0;0;0;0;0;1;1;0;0;0
161;4L1N;1;18;1,95;77;20,24983563;0;0;0;2;1;1;4;1;1;1;1;3;2;3;0;4;7K6G;5D2H;3S6B;;;0;0;0;0;1;0;0;0;0;0;0;0;0;0;0;0;0;1;0;1;0;0;0;0;0;0;0;0;0;0;0;0;0;0;0;0;0;0;0;0;0;0;0;0;0;0;0;0;0;0;0;0;1;0;0;0;0;0;0;0;0;0;0;0;0;0;0;0;0;0;0;0;0;0;0;0;0;0;0;0;0;0;0;1;1;0;0;1;0;0;0;0;0;0;0;1;1;0;0;1;0;0;0
162;4M4I;1;25;1,7;71;24,56747405;1;0;0;1;2;1;5;1;0;0;0;1;1;1;0;6;9I2L;9I1E;9R1R;8A1R;1F9Y;0;0;0;0;0;0;0;0;0;0;0;0;0;1;1;0;0;0;0;0;0;0;0;0;0;0;0;1;0;0;0;0;0;0;0;0;0;0;1;0;0;0;0;1;0;0;0;0;0;0;0;0;0;0;0;0;0;0;0;0;0;0;0;0;0;0;0;0;0;0;0;0;0;0;0;0;0;0;0;0;0;1;0;1;1;0;0;0;0;0;2;0;0;1;0;1;1;0;0;0;0;0;1
163;4O4Z;1;21;1,71;85;29,0687733;2;0;0;1;4;0;1;0;0;0;0;3;0;2;1;3;;;;;;0;1;1;0;0;0;0;0;0;0;0;0;0;0;0;0;0;1;0;1;0;0;0;0;0;0;0;1;0;0;0;0;0;0;0;0;0;0;0;0;0;0;0;0;0;0;0;0;0;0;0;0;0;0;0;0;0;1;0;0;0;0;0;0;0;0;0;0;0;0;0;0;0;0;0;0;0;0;0;1;0;2;0;0;1;0;0;0;0;0;1;1;0;1;0;0;1;0;0;0;0;0;1
164;4O8C;1;21;1,84;66;19,49432892;1;0;0;2;2;1;8;1;1;1;0;3;0;2;0;14;1Y7U;2J2X;8Q9F;9X1Z;0H5L;0;0;0;0;0;0;0;0;0;0;0;0;0;0;1;0;0;0;0;0;0;0;0;0;0;0;0;0;0;0;0;0;0;0;0;0;0;0;1;1;0;0;0;1;0;0;0;0;0;0;0;0;0;0;0;0;0;0;0;0;0;0;0;0;0;0;0;1;0;0;0;0;0;0;0;0;0;0;0;0;0;0;0;1;1;0;1;0;1;0;1;0;0;0;0;1;1;0;1;0;1;0;1
165;4P8C;0;25;1,65;50;18,36547291;2;0;0;2;2;1;5;1;1;1;0;3;0;2;0;5;5L7H;5Q8S;1V0X;5W0Z;;0;0;0;0;0;0;0;0;0;0;0;0;0;1;0;0;0;0;0;0;0;0;0;0;0;0;0;1;0;0;1;0;0;0;0;0;0;0;0;0;0;0;0;1;0;0;0;0;0;0;0;0;0;0;0;0;0;0;0;0;0;0;0;0;0;0;0;0;0;1;1;0;0;0;0;0;0;0;0;1;0;1;0;0;1;0;0;0;0;0;2;1;0;1;0;0;1;0;0;0;0;0;1
166;4S9Z;1;22;1,89;85;23,79552644;2;0;0;1;2;0;2;1;1;1;0;0;0;1;2;3;;;;;;1;0;0;0;0;0;0;0;0;0;0;0;0;0;0;0;0;0;0;0;0;0;0;0;0;0;0;0;0;0;1;0;0;0;0;1;1;0;0;0;0;0;0;0;0;0;0;0;0;0;0;0;0;0;0;0;0;0;0;0;0;0;0;1;0;0;0;0;0;0;0;0;0;0;0;0;0;0;0;1;0;1;0;0;1;0;0;0;0;0;2;1;0;1;0;0;1;0;0;0;0;0;1
167;4T1L;0;21;1,67;56;20,07960128;3;0;0;2;1;1;2;0;0;0;0;1;2;1;2;2;3W6I;;;;;0;0;0;0;0;0;0;0;0;0;0;0;0;0;0;0;0;1;1;0;0;0;0;0;0;0;0;1;0;0;0;0;0;0;0;0;0;0;0;0;0;0;0;0;0;0;0;0;0;1;0;0;0;1;0;0;0;0;0;0;0;0;0;0;0;0;0;0;0;0;0;0;0;0;0;0;0;0;0;0;0;0;0;0;0;0;0;2;0;0;1;0;0;0;0;0;0;0;0;1;0;0;1
168;4U3U;1;23;1,78;71;22,40878677;3;0;0;2;4;0;1;1;0;0;0;3;1;2;0;1;;;;;;0;0;0;0;0;0;0;0;0;0;0;0;1;0;0;0;0;0;0;0;0;0;0;0;0;0;0;0;0;0;0;0;0;0;0;0;0;0;1;0;1;0;0;1;0;0;0;0;0;0;0;0;0;0;0;0;0;0;0;0;0;0;0;0;0;0;0;0;0;1;0;1;0;0;0;0;0;0;0;1;0;0;1;0;1;1;0;0;0;0;1;1;0;0;1;0;1;1;0;0;0;0;1
169;4U8Q;1;18;1,77;85;27,13141179;1;0;0;2;1;1;8;1;1;1;0;0;0;3;3;3;;3M8I;;;;0;0;0;0;0;0;0;0;0;0;0;0;0;0;0;0;0;1;1;0;0;0;0;0;0;0;0;0;0;0;0;0;0;0;0;0;0;0;0;0;0;0;0;0;0;0;0;0;0;0;0;0;0;1;0;1;1;0;0;0;0;0;0;0;0;0;0;0;0;0;0;0;0;0;0;0;0;0;0;0;1;0;0;0;0;1;0;1;1;1;0;0;1;0;0;0;0;1;0;1;1;1;0
170;4U9D;1;19;1,8;62;19,13580247;2;0;0;2;1;1;3;1;1;1;0;3;2;3;1;3;8W4J;9K0Q;;;;0;0;0;0;0;0;0;0;0;0;0;0;0;0;0;0;0;0;0;0;0;0;0;0;0;0;0;0;0;0;0;0;0;0;0;0;0;0;0;0;0;0;0;0;0;1;1;1;0;0;0;0;0;0;0;0;0;0;0;0;0;0;0;1;0;0;0;0;0;0;0;0;0;0;0;0;0;0;0;1;0;0;0;0;0;1;0;0;0;0;2;1;0;0;0;0;0;1;0;0;0;0;1
171;4W5E;1;21;1,83;70;20,90238586;2;1;1;2;2;0;1;0;0;0;0;2;0;3;1;1;;;;;;0;0;1;0;0;0;0;0;0;0;0;0;0;0;0;0;0;0;0;0;0;0;0;0;0;0;0;0;0;0;0;0;0;0;0;0;0;0;0;0;0;0;0;0;0;1;1;1;0;0;0;0;0;0;0;0;0;0;0;0;0;0;0;1;0;0;0;0;0;0;0;0;0;0;0;0;0;0;0;1;0;1;0;0;0;1;0;0;0;0;2;1;0;1;0;0;0;1;0;0;0;0;1
172;4Z5F;1;21;1,68;58;20,54988662;0;0;0;2;1;0;1;0;0;0;0;2;1;1;0;1;;;;;;0;0;0;0;0;0;0;0;0;0;0;0;0;0;0;0;0;0;0;0;0;0;0;0;0;0;0;0;0;0;1;0;0;0;0;0;0;0;0;0;0;0;0;0;0;0;1;0;0;0;0;0;1;0;0;0;0;0;0;0;0;0;0;0;0;0;0;0;0;0;0;0;0;0;0;0;0;1;0;0;1;0;0;0;1;1;0;1;0;0;1;0;1;0;0;0;1;1;0;1;0;0;1
173;5A5R;1;32;1,71;76;25,99090318;1;0;0;0;2;0;1;0;0;0;0;3;0;2;1;1;;;;;;0;0;0;0;0;0;0;0;0;0;0;0;1;0;0;0;0;0;0;0;0;0;0;0;0;0;0;1;0;0;0;0;0;0;0;0;0;1;0;0;0;0;0;1;0;0;0;0;0;0;0;0;0;0;0;0;0;0;0;0;0;0;0;0;0;0;0;1;0;0;0;0;0;0;0;0;0;0;0;0;0;0;1;0;0;0;0;0;1;0;2;0;0;0;1;0;0;0;0;0;1;0;1
174;5B2Z;1;21;1,95;68;17,88297173;2;0;0;2;1;1;4;1;1;1;0;0;0;3;0;4;0O5Q;5I3E;9J6M;;;0;0;0;0;0;0;0;0;0;0;0;0;0;0;0;0;0;1;0;1;0;0;0;0;0;0;0;1;0;0;0;0;0;0;0;0;0;0;0;0;0;0;0;0;0;0;0;0;0;0;0;0;0;1;0;0;0;0;0;0;0;0;0;0;0;0;0;0;0;0;0;0;0;0;0;0;0;0;0;0;0;0;0;0;1;0;0;1;0;0;1;0;0;0;0;0;1;0;0;1;0;0;1
175;5B3U;1;23;1,75;60;19,59183673;1;1;1;2;2;0;1;1;0;0;0;3;1;2;2;1;;;;;;0;0;0;0;0;0;0;0;0;0;0;0;0;1;0;0;0;0;0;0;0;0;0;0;0;0;0;1;0;0;0;0;0;0;0;0;0;0;0;1;0;0;0;1;0;0;0;0;0;0;0;0;0;0;0;0;0;0;1;0;0;0;0;0;0;0;0;0;0;1;0;0;0;0;0;0;0;0;0;1;0;1;0;0;0;0;1;0;0;0;2;1;0;1;0;0;0;0;1;0;0;0;1
176;5C7B;1;21;1,84;93;27,46928166;2;0;1;1;2;0;1;1;0;0;0;2;1;2;2;3;;;;;;0;1;0;0;0;0;0;0;0;0;0;0;0;0;0;0;0;0;0;0;0;1;0;0;0;0;0;0;0;0;0;0;0;0;0;0;0;0;0;0;0;0;0;0;0;0;0;0;0;0;0;0;0;1;0;0;0;1;0;0;0;0;0;0;0;0;0;0;0;0;0;0;0;0;0;0;0;0;0;1;0;1;0;0;0;0;1;1;0;0;0;1;0;1;0;0;0;0;1;1;0;0;0
177;5C9D;0;21;1,73;72;24,05693475;2;1;1;2;4;1;2;1;1;1;0;2;0;0;1;2;0G1P;;;;;0;0;0;0;0;0;0;0;0;0;0;0;0;0;0;0;0;0;0;0;0;0;0;0;0;0;0;0;0;0;0;0;0;0;0;0;0;0;0;0;1;0;0;1;0;0;0;0;0;0;0;0;0;0;0;0;0;0;0;0;0;0;0;0;0;0;0;0;1;0;1;0;0;0;0;0;0;0;0;1;0;0;0;0;0;0;0;1;0;0;1;1;0;0;0;0;0;0;0;1;0;0;1
178;5D1Z;1;18;1,94;75;19,92772877;2;0;0;2;2;1;5;1;1;1;0;3;0;3;2;5;5J3M;3T0E;8G8P;8G7E;;0;0;0;0;0;0;0;0;0;0;0;0;0;0;0;0;0;0;0;0;1;0;0;0;0;0;0;0;1;0;0;0;0;0;0;0;0;0;0;0;0;0;0;0;0;0;0;0;0;1;0;0;0;0;0;0;0;0;0;0;0;0;0;0;0;0;0;0;0;0;0;0;0;0;0;0;0;0;0;0;0;0;0;0;1;1;0;1;0;0;1;0;0;0;0;0;1;1;0;1;0;0;1
179;5D2H;1;19;1,91;72;19,73630109;1;0;0;1;2;1;4;0;1;1;0;3;0;3;0;4;7K6G;4L1N;3S6B;;;0;0;0;0;0;0;0;0;0;0;0;0;0;0;0;0;0;1;0;1;0;0;0;0;0;0;0;1;0;0;0;0;0;0;0;0;0;0;0;0;0;0;0;0;0;0;0;0;0;1;0;0;0;0;0;0;0;0;0;0;0;0;0;0;0;0;0;0;0;0;0;0;0;0;0;0;0;0;0;0;0;0;0;0;1;0;0;1;0;0;1;0;0;0;0;0;1;0;0;1;0;0;1
180;5F9Z;1;21;1,88;65;18,39067451;2;1;0;2;2;1;7;1;1;1;0;3;0;3;2;7;6C3U;3K9G;6G4G;0Y5X;3Y2G;0;0;0;0;0;0;0;0;0;0;0;0;0;0;0;0;0;0;0;0;0;0;0;0;0;0;0;1;0;0;1;0;0;0;0;0;0;0;0;0;0;0;0;1;0;0;0;0;0;0;0;0;1;0;0;0;0;0;0;0;0;0;0;0;0;0;0;0;0;1;0;0;0;0;0;0;0;0;0;0;0;0;0;0;1;0;0;1;0;0;2;0;0;0;0;0;1;0;0;1;0;0;1
181;5G0U;0;18;1,685;54;19,01927463;0;0;0;1;1;0;1;1;0;0;0;0;0;2;1;3;;;;;;0;0;0;0;0;0;0;0;0;0;1;0;0;0;0;0;0;0;0;0;0;0;0;0;0;0;0;0;0;0;1;0;0;0;0;1;0;0;0;0;0;0;0;0;0;0;0;0;0;0;0;0;0;0;0;0;0;0;0;0;0;1;0;0;0;0;0;0;0;0;0;0;0;0;0;0;0;0;0;0;0;0;0;0;1;0;0;0;0;1;1;0;0;0;0;0;1;0;0;0;0;1;1
182;5G9R;1;21;1,83;75;22,39541342;3;0;0;2;4;1;3;1;1;1;0;0;0;3;2;3;0M0L;0E2X;;;;0;0;0;0;0;0;0;0;0;0;0;0;0;0;0;0;0;0;0;0;0;0;0;0;0;0;0;1;0;0;1;0;0;0;0;0;0;0;0;0;0;0;0;1;0;0;0;0;0;0;0;0;0;0;0;0;0;0;0;0;0;0;0;0;0;0;0;0;1;0;1;0;0;0;0;0;0;0;0;1;0;0;0;0;1;0;0;1;0;0;2;1;0;0;0;0;1;0;0;1;0;0;1
183;5H2S;1;18;1,73;62,5;20,88275586;3;1;0;2;4;0;1;1;0;0;1;2;0;3;0;3;;;;;;0;0;0;0;0;0;0;0;0;0;0;0;0;0;0;0;0;0;0;0;0;0;0;0;0;0;0;0;0;0;0;1;0;0;0;0;0;0;0;0;0;0;0;0;0;0;0;0;0;0;0;0;0;0;0;0;0;0;1;0;1;0;0;1;0;0;0;0;0;0;0;0;0;0;0;0;0;0;0;2;0;1;0;0;0;0;1;0;0;0;0;1;0;1;0;0;0;0;1;0;0;0;0
184;5I1U;1;18;1,9;50;13,85041551;1;0;0;2;4;0;2;1;1;1;1;1;0;2;0;2;1Y0U;;;;;0;0;0;0;0;0;0;0;0;0;0;0;0;0;0;0;0;0;0;1;0;0;0;0;0;0;0;0;0;0;0;0;0;0;0;1;1;0;0;0;0;0;0;0;0;0;0;0;0;0;0;0;0;0;0;0;0;0;0;0;0;0;0;0;0;0;0;0;0;0;0;0;0;0;0;0;0;0;0;0;0;0;0;0;1;0;0;0;0;0;2;0;0;0;0;0;1;0;0;0;0;0;1
185;5I3E;1;21;1,78;66;20,83070319;2;0;0;2;2;1;4;1;0;0;0;3;0;3;2;4;0O5Q;5B2Z;9J6M;;;0;0;0;0;0;0;1;0;0;0;0;0;0;0;0;0;0;1;0;1;0;0;0;0;0;0;0;1;0;0;0;0;0;0;0;0;0;0;0;0;0;0;0;0;0;0;0;0;0;1;0;0;0;0;0;0;0;0;0;0;0;0;0;0;0;0;0;0;0;0;0;0;0;0;0;0;0;0;0;0;0;1;0;0;1;0;0;1;0;0;1;0;0;1;0;0;1;0;0;1;0;0;1
186;5I5D;0;20;1,69;53;18,55677322;2;1;1;2;2;1;5;1;1;1;2;2;0;3;1;3;1O0R;3V9C;;;;1;0;0;0;0;0;0;0;0;0;0;0;0;0;0;0;0;0;0;0;0;0;0;0;0;0;0;1;0;0;0;0;0;0;0;0;0;0;1;0;0;0;0;1;0;0;0;0;0;0;0;0;0;0;0;0;0;0;0;0;0;0;0;0;0;0;0;1;0;0;0;0;0;0;0;0;0;0;0;0;0;1;0;0;1;0;0;0;1;0;2;0;0;1;0;0;1;0;0;0;1;0;1
187;5J1R;1;28;1,7;83;28,71972318;2;1;0;2;2;1;2;1;1;1;0;0;0;3;0;2;8W0W;;;;;0;0;0;0;0;0;0;0;0;0;0;0;1;0;0;0;0;0;0;0;0;0;0;0;0;0;0;1;0;0;0;0;0;0;0;0;0;0;0;0;1;0;0;1;0;0;0;0;0;0;0;0;0;0;0;0;0;0;0;0;0;0;0;0;0;0;0;1;0;0;0;0;0;0;0;0;0;0;0;0;0;0;1;0;0;0;0;0;1;0;2;0;0;0;1;0;0;0;0;0;1;0;1
188;5J3M;0;18;1,75;54;17,63265306;1;0;0;2;2;1;5;1;1;1;0;1;0;2;2;5;5D1Z;8G8P;3T0E;8G7E;;0;0;0;0;0;0;0;0;0;0;0;0;0;0;0;0;0;0;0;0;0;0;0;1;0;0;0;0;1;0;0;0;0;0;0;0;0;0;0;0;0;0;0;0;0;0;0;0;0;0;0;0;0;0;0;0;0;0;0;0;0;0;0;0;0;0;0;0;0;0;0;0;0;0;0;0;0;0;0;0;0;0;0;0;1;1;0;0;0;0;1;0;0;0;0;0;1;1;0;0;0;0;1
189;5L2C;1;22;1,8;70;21,60493827;3;0;0;2;2;0;8;1;1;1;1;2;2;3;0;5;3H8D;9J2Z;1O2H;1G3P;;0;1;0;0;0;0;0;0;0;0;0;0;0;0;0;0;0;0;0;1;0;0;0;0;0;0;0;0;0;0;0;0;0;0;0;1;1;0;0;0;0;0;0;0;0;0;0;0;0;0;0;0;0;0;0;0;0;0;1;0;0;0;1;0;0;0;0;0;0;0;0;0;0;0;0;0;0;0;0;1;0;1;0;0;1;0;0;0;0;1;2;1;0;1;0;0;1;0;0;0;0;1;1
190;5L7H;1;27;1,78;72;22,72440348;2;1;0;1;0;1;5;1;0;0;0;0;2;2;3;5;5Q8S;1V0X;5W0Z;4P8C;;0;0;0;0;0;0;0;0;0;0;0;0;1;0;0;0;0;0;0;0;0;0;0;0;0;0;0;1;0;0;0;0;0;0;0;0;0;0;0;1;0;0;0;1;0;0;0;0;0;0;0;0;0;0;0;0;0;0;1;0;0;0;0;0;0;0;0;0;0;1;0;0;0;0;0;0;0;0;0;1;0;0;1;0;0;0;1;0;0;0;2;1;0;0;1;0;0;0;1;0;0;0;1
191;5M0T;1;23;1,85;55;16,07012418;0;0;0;2;0;1;4;1;1;1;0;0;0;2;0;4;9R6Y;1G7G;4F9D;;;0;0;0;0;0;0;0;0;0;0;0;0;1;0;0;0;0;0;0;0;0;0;0;0;0;0;0;0;0;0;1;0;0;0;0;0;0;0;0;0;0;0;0;0;0;0;1;1;0;0;0;0;1;0;0;0;0;0;1;0;0;0;0;0;0;0;0;0;0;0;0;0;0;0;0;0;0;0;0;1;0;0;1;0;1;0;0;1;0;0;2;1;0;0;1;0;1;0;0;1;0;0;1
192;5M6R;0;18;1,75;65;21,2244898;1;0;0;2;4;0;2;1;1;1;0;2;0;3;1;2;8W1L;;;;;0;0;0;0;0;0;0;0;0;0;0;0;0;0;0;0;0;0;0;0;0;0;0;0;0;0;0;0;0;0;1;0;0;0;0;1;1;0;0;0;0;0;0;0;0;0;0;0;0;0;0;0;0;0;0;0;0;0;0;0;0;0;0;1;0;0;0;0;0;0;0;0;0;0;0;0;0;0;0;1;0;0;0;0;1;0;0;0;0;0;2;1;0;0;0;0;1;0;0;0;0;0;1
193;5M7S;1;18;1,85;70;20,45288532;2;0;0;2;2;1;3;1;1;1;0;2;0;3;1;3;8M0U;9I7L;;;;0;0;0;0;0;1;0;0;0;0;0;0;0;0;0;0;0;0;0;0;0;1;0;0;0;0;0;0;0;0;0;0;0;0;0;0;0;0;0;0;0;0;0;0;0;0;0;0;0;0;0;0;0;1;0;0;0;0;0;0;0;0;0;0;0;0;0;0;0;0;0;0;0;0;0;0;0;0;0;0;0;0;1;0;0;0;1;1;0;0;0;0;0;0;1;0;0;0;1;1;0;0;0
194;5O0Y;1;26;1,8;76;23,45679012;2;0;0;2;2;1;2;0;0;0;0;3;0;3;1;2;8K4B;;;;;1;0;0;0;0;0;0;0;0;0;0;0;0;0;0;0;0;1;0;1;0;0;0;0;0;0;0;0;0;0;0;0;0;0;0;0;0;0;0;0;0;0;0;0;0;0;0;0;0;0;0;0;0;1;0;0;0;0;0;0;0;0;0;0;0;0;0;0;0;0;0;0;0;0;0;0;0;0;0;0;0;1;0;0;1;0;0;1;0;0;0;0;0;1;0;0;1;0;0;1;0;0;0
195;5P2B;1;24;1,69;65;22,75830678;2;0;0;2;2;0;3;1;1;1;0;0;2;3;1;2;4D9G;;;;;1;1;0;0;0;0;0;0;0;0;0;0;0;0;0;0;0;0;0;1;0;0;0;0;0;0;0;0;0;0;0;0;0;0;0;1;1;0;0;0;0;0;0;0;0;0;0;0;0;0;0;0;0;0;0;0;0;0;1;0;0;0;0;0;0;0;0;0;0;0;0;0;0;0;0;0;0;0;0;1;0;2;0;0;1;0;0;0;0;0;2;1;0;1;0;0;1;0;0;0;0;0;1
196;5Q1R;0;25;1,7;72;24,91349481;2;0;0;1;2;0;1;1;1;0;1;3;0;3;1;10;9M5B;3O6U;2R7A;4A7O;0F1W;1;0;0;0;0;0;0;0;0;0;0;0;0;0;0;0;0;0;0;0;0;0;0;0;0;0;0;1;0;0;0;0;0;0;0;0;0;0;1;0;0;0;0;1;0;0;0;0;0;0;0;0;0;0;0;0;0;0;1;0;0;0;0;0;0;0;0;0;0;1;0;0;0;0;0;0;0;0;0;1;0;1;0;0;1;0;0;0;0;0;2;1;0;1;0;0;1;0;0;0;0;0;1
197;5Q8O;1;19;1,81;59;18,00921828;2;0;0;2;3;1;2;0;1;1;0;3;0;3;2;4;2W1G;7V9Y;8X0N;;;0;0;0;0;0;0;0;0;0;0;0;0;0;1;0;0;0;0;0;0;0;0;0;0;0;0;0;1;0;0;0;0;0;0;0;0;0;0;1;0;0;0;0;1;0;0;0;0;0;0;0;0;0;0;0;0;0;0;0;0;0;0;0;0;0;0;0;0;0;1;0;0;0;0;0;0;0;0;0;0;0;1;0;0;1;0;0;0;0;0;2;0;0;1;0;0;1;0;0;0;0;0;1
198;5Q8S;1;31;1,86;89;25,7255174;2;0;0;2;1;1;5;1;1;1;1;1;0;2;0;5;5L7H;1V0X;5W0Z;4P8C;;0;0;0;0;0;0;0;0;0;0;0;0;0;1;0;0;0;0;0;0;0;0;0;0;0;0;0;1;0;0;0;0;0;0;0;0;0;0;0;0;1;0;0;1;0;0;0;0;0;0;0;0;0;0;0;0;0;0;1;0;0;0;0;0;0;0;0;0;0;0;1;0;0;0;0;0;0;0;0;2;0;1;0;0;0;0;0;0;0;0;2;1;0;1;0;0;0;0;0;0;0;0;1
200;5R8S;0;20;1,9;78;21,6066482;1;0;0;2;2;1;4;1;1;1;0;0;0;2;2;4;0I8Y;3U8T;7H9N;;;0;0;0;0;0;0;0;0;0;0;0;0;0;0;0;0;0;1;0;1;0;0;0;0;0;0;0;1;0;0;0;0;0;0;0;0;0;0;0;0;0;0;0;0;0;0;0;0;0;1;0;0;0;1;1;0;0;0;0;0;0;0;0;0;0;0;0;0;0;0;0;0;0;0;0;0;0;0;0;1;0;0;0;0;1;1;0;2;0;0;1;1;0;0;0;0;1;1;0;1;0;0;1
201;5S4C;1;31;1,7;60;20,76124567;3;1;1;2;2;1;8;1;0;0;0;3;0;2;1;3;7R3E;2C5C;;;;1;0;0;0;0;0;0;0;0;0;0;0;0;0;0;0;0;0;0;0;0;0;0;0;0;0;0;1;0;0;0;0;0;0;0;0;0;0;0;1;0;0;0;1;0;0;0;0;0;0;0;0;0;0;0;0;0;0;0;0;0;0;0;0;0;0;0;1;0;0;0;0;0;0;0;0;0;0;0;0;0;1;0;0;0;0;1;0;1;0;2;0;0;1;0;0;0;0;1;0;1;0;1
202;5S7A;0;28;1,6;48;18,75;0;0;0;2;2;0;1;0;0;1;0;3;0;2;3;1;;;;;;0;0;0;0;0;0;0;0;0;0;0;0;0;0;0;0;0;0;0;0;0;0;0;0;0;0;0;1;0;0;0;0;0;0;0;0;0;0;1;0;0;0;0;1;0;0;0;0;0;0;0;0;0;0;0;0;0;0;0;0;0;0;0;0;0;0;0;0;1;1;0;1;0;0;0;0;0;0;0;1;0;0;0;0;1;0;0;1;0;0;2;1;0;0;0;0;1;0;0;1;0;0;1
203;5U3X;0;23;1,6;48;18,75;2;0;0;2;2;1;2;1;1;1;0;2;0;3;1;2;4W4Q;;;;;0;0;0;0;0;0;0;0;0;0;0;0;0;0;0;0;0;0;0;0;0;0;0;0;0;0;0;1;0;0;0;0;0;0;0;0;0;0;0;0;1;0;0;1;0;0;0;0;0;0;0;0;0;0;0;0;0;0;0;0;0;0;0;0;0;0;0;0;1;0;0;0;1;0;0;0;0;0;0;0;1;0;0;0;0;0;0;1;0;0;2;0;1;0;0;0;0;0;0;1;0;0;1
204;5W3U;1;19;1,8;68;20,98765432;2;0;0;1;1;1;4;1;1;1;0;0;1;2;0;3;9D5O;7J8Y;;;;0;1;0;0;0;0;0;0;0;0;0;0;0;0;0;0;0;1;0;1;0;0;0;0;0;0;0;1;0;0;0;0;0;0;0;0;0;0;0;0;0;0;0;0;0;0;0;0;0;1;0;0;0;0;0;1;0;0;0;0;0;0;0;0;0;0;0;0;0;0;0;0;0;0;0;0;0;0;0;0;1;1;0;0;1;1;0;1;0;0;1;0;1;1;0;0;1;1;0;1;0;0;1
205;5W6M;1;21;1,84;66;19,49432892;1;0;0;2;2;1;5;1;1;1;3;3;0;3;0;6;8J2L;1L4G;9K2W;1M2Q;2S4Q;0;0;1;0;0;0;0;0;0;0;0;0;0;0;0;0;0;0;0;0;1;0;0;0;0;0;0;0;1;0;0;0;0;0;0;0;0;0;0;0;0;0;0;0;0;0;0;0;0;0;0;0;0;0;0;0;0;0;0;0;0;0;0;0;0;0;0;0;0;0;0;0;0;0;0;0;0;1;0;0;1;1;0;0;1;0;0;0;0;0;1;0;1;1;0;0;1;0;0;0;0;0;1
206;5X3K;1;22;1,76;103;33,25154959;1;1;1;2;2;1;5;0;0;0;0;2;0;1;0;5;0Y1G;7L7R;7B9M;7F0W;;0;0;0;0;0;0;0;0;0;0;0;0;1;0;0;0;0;0;0;0;0;0;0;0;0;0;0;1;0;0;0;0;0;0;0;0;0;0;0;1;0;0;0;1;0;0;0;0;0;0;0;0;0;0;0;0;0;0;0;0;0;0;0;0;0;0;0;1;0;0;0;0;0;0;0;0;0;0;0;0;0;0;1;0;0;0;1;0;1;0;2;0;0;0;1;0;0;0;1;0;1;0;1
207;5Y5L;1;18;1,89;75;20,99605274;2;0;0;2;2;1;2;0;1;0;0;1;0;3;0;7;8L2R;8K8L;3H8I;5B4T;5B0B;0;0;0;0;0;0;0;0;0;0;0;0;0;0;0;0;0;1;0;1;0;0;0;0;0;0;0;1;0;0;0;0;0;0;0;0;0;0;0;0;0;0;0;0;0;0;0;0;0;1;0;0;0;0;0;0;0;0;1;0;0;0;0;0;0;0;0;0;0;0;0;0;0;0;0;0;0;0;0;1;0;0;0;0;1;0;0;1;0;0;1;1;0;0;0;0;1;0;0;1;0;0;1
208;5Y6U;1;21;1,83;66;19,70796381;3;1;1;2;4;1;4;0;0;1;0;1;0;3;2;2;4D4V;;;;;0;0;0;0;0;0;0;0;0;1;0;0;0;0;0;0;0;0;0;0;0;1;0;0;0;0;0;0;0;0;0;0;0;0;0;0;0;0;0;0;0;0;0;0;0;0;0;0;0;1;0;0;0;0;0;0;0;0;0;1;0;0;0;0;0;0;0;0;0;0;0;0;0;0;0;0;0;0;0;1;0;1;0;0;0;0;1;1;0;0;0;1;0;1;0;0;0;0;1;1;0;0;0
209;5Z4K;1;20;1,75;65;21,2244898;2;1;0;2;4;1;6;1;1;1;1;3;0;3;0;4;0U8E;3U7V;7A0X;;;0;0;0;0;0;0;0;0;0;0;0;0;0;0;0;0;0;0;0;0;0;0;0;0;0;0;0;1;0;0;0;0;0;0;0;0;0;0;0;0;1;0;0;1;0;0;0;0;0;0;0;0;1;0;0;0;0;0;0;0;0;0;1;0;0;0;0;0;0;0;0;0;0;0;0;0;0;0;0;0;0;0;0;0;0;0;0;1;0;1;2;0;0;0;0;0;0;0;0;1;0;1;1
210;6A3C;0;19;1,67;75;26,89232314;1;1;0;2;2;0;3;1;1;1;0;0;0;2;1;3;2W9Z;9Z3Q;;;;0;0;0;0;0;0;0;0;0;0;0;0;0;0;0;0;0;0;0;0;0;0;0;0;0;0;0;0;0;0;0;0;1;0;0;1;1;0;0;0;0;0;0;0;0;0;0;0;0;0;0;0;0;0;0;0;0;0;0;0;0;0;0;1;0;0;0;0;0;0;0;0;0;0;0;0;0;0;0;1;0;0;0;0;0;1;0;0;0;0;2;1;0;0;0;0;0;1;0;0;0;0;1
211;6A4U;1;22;1,75;50;16,32653061;2;0;0;2;2;1;15;1;1;1;0;2;2;3;1;14;4O8C;1Y7U;2J2X;8Q9F;9X1Z;0;0;0;0;0;0;0;0;0;0;0;0;0;0;0;0;0;0;0;0;0;0;0;0;0;0;0;1;0;0;0;0;0;0;0;0;0;0;0;1;0;0;0;1;0;0;0;0;0;0;0;0;1;0;0;0;0;1;0;0;0;0;0;0;0;0;0;0;0;0;1;0;0;0;0;0;0;0;0;2;0;0;0;0;0;1;1;1;0;0;2;1;0;0;0;0;0;1;1;1;0;0;1
212;6C3U;1;19;1,73;70;23,38868656;2;0;0;2;2;1;7;1;1;1;0;3;0;3;1;7;3K9G;5F9Z;4D2Y;6G4G;0Y5X;0;0;0;0;0;0;0;0;0;0;0;0;0;0;0;0;0;0;0;0;0;0;0;0;0;0;0;1;0;0;0;0;0;0;0;0;0;0;1;0;0;0;0;1;0;0;0;0;0;0;0;0;0;0;0;0;0;0;0;0;0;0;0;0;0;0;0;0;0;1;0;0;0;0;0;0;0;0;0;0;0;0;0;0;1;0;0;0;0;0;2;0;0;0;0;0;1;0;0;0;0;0;1
213;6C6J;0;19;1,65;60;22,03856749;1;0;0;1;2;0;1;1;0;0;1;2;1;2;1;1;;;;;;0;0;0;0;0;0;0;0;0;0;0;0;0;0;0;0;0;1;0;1;0;0;0;0;0;0;0;1;0;0;0;0;0;0;0;0;0;0;0;0;0;0;0;0;0;0;0;0;0;1;0;0;0;0;0;1;0;0;0;0;0;0;0;0;0;0;0;0;0;0;0;0;0;0;0;0;0;0;0;0;1;0;0;0;1;0;0;1;0;0;1;0;1;0;0;0;1;0;0;1;0;0;1
214;6C9H;1;19;1,69;60;21,0076678;1;0;0;1;2;1;3;1;1;1;0;2;0;2;1;3;1W8I;6L3J;;;;0;0;0;0;0;0;0;0;0;0;0;0;0;0;0;0;0;1;1;0;0;0;0;0;0;0;0;1;0;0;0;0;0;0;0;0;0;0;0;0;0;0;0;0;0;0;0;0;0;0;0;0;0;1;0;0;0;0;1;0;0;0;0;0;0;0;0;0;0;0;0;0;0;0;0;0;0;0;0;1;0;0;0;0;0;0;0;1;0;0;1;1;0;0;0;0;0;0;0;1;0;0;1
215;6C9V;1;18;1,75;68;22,20408163;2;0;0;2;1;0;3;0;0;0;0;3;0;3;0;3;2B6T;2Q6Z;;;;0;0;0;0;0;0;0;0;0;0;0;0;0;0;0;0;0;0;0;0;0;0;0;1;0;0;0;0;1;0;0;0;0;0;0;0;0;0;0;0;0;0;0;0;0;0;0;0;0;0;0;0;0;0;0;0;0;0;0;0;1;0;0;1;0;0;0;0;0;0;0;0;0;0;0;0;0;0;0;1;0;1;0;0;1;1;0;0;0;0;1;1;0;1;0;0;1;1;0;0;0;0;1
216;6E4S;1;20;1,83;72;21,49959688;1;1;1;2;2;1;3;0;1;1;0;2;0;2;0;3;7F1D;9I9S;;;;0;0;0;0;0;0;0;0;0;0;0;0;0;0;0;0;0;0;0;0;0;0;0;0;0;0;0;1;0;0;0;0;0;0;0;0;0;0;0;1;0;0;0;1;0;0;0;0;0;0;0;0;0;0;0;0;0;0;0;0;0;0;0;0;0;0;0;1;0;0;0;0;1;0;0;0;0;0;0;0;1;0;0;0;0;0;1;0;1;0;2;0;1;0;0;0;0;0;1;0;1;0;1
217;6F0E;0;20;1,72;65;21,97133586;3;1;0;2;2;1;3;0;0;0;0;2;1;1;0;2;0T3B;;;;;0;0;0;0;0;0;0;0;0;0;0;0;0;0;0;0;0;0;0;0;1;0;0;0;0;0;0;0;1;0;0;0;0;0;0;0;0;0;0;0;0;0;0;0;0;0;0;0;0;0;0;0;0;0;0;0;0;0;0;0;0;0;0;0;0;0;0;0;0;0;0;0;0;0;0;0;0;0;0;0;0;0;0;0;1;0;0;0;0;0;1;0;0;0;0;0;1;0;0;0;0;0;1
218;6G4G;1;19;1,7;67;23,183391;2;0;0;2;1;1;7;1;1;1;0;3;0;2;0;7;3K9G;4D2Y;6C3U;5F9Z;3Y2G;0;0;0;0;0;0;0;0;0;0;0;0;0;0;1;0;0;0;0;0;0;0;0;0;0;0;0;1;0;0;1;0;0;0;0;0;0;0;0;0;0;0;0;1;0;0;0;0;0;0;0;0;0;0;0;0;0;0;0;0;0;0;0;0;0;0;0;0;0;1;0;0;0;0;0;0;0;0;0;0;0;0;0;1;1;0;0;0;0;0;2;0;0;0;0;1;1;0;0;0;0;0;1
219;6H0H;0;18;1,57;40;16,22783886;0;1;0;2;2;0;1;1;0;0;1;2;0;3;2;3;;;;;;0;0;0;0;0;0;0;0;0;0;1;0;0;0;0;0;0;0;0;1;0;0;0;0;0;0;0;0;0;0;0;0;0;0;0;1;1;0;0;0;0;0;0;0;0;0;0;0;0;0;0;0;0;0;0;0;0;1;0;0;0;0;0;0;0;0;1;0;0;0;0;0;0;0;0;0;0;0;0;1;0;0;0;0;1;0;0;0;1;0;2;1;0;0;0;0;1;0;0;0;1;0;1
220;6H4A;1;20;1,8;65;20,0617284;1;0;1;2;4;1;5;1;1;1;0;0;0;3;0;3;1Y9T;4K3B;;;;0;0;0;0;0;0;0;0;0;0;0;0;0;0;0;0;0;0;0;0;0;1;0;0;0;0;0;0;0;0;0;0;0;0;0;0;0;0;0;0;0;0;0;0;0;0;0;0;0;0;0;1;0;1;0;0;0;0;1;0;0;0;0;0;0;0;0;0;0;0;0;0;0;0;0;0;0;0;0;1;0;0;0;0;0;0;1;2;0;0;0;1;0;0;0;0;0;0;1;1;0;0;0
221;6K3Y;1;19;1,87;77;22,01950299;3;0;0;1;2;0;6;1;1;1;1;1;1;1;2;6;7A7P;2Y1K;3O6S;7M6P;8T4H;1;0;0;0;0;0;0;0;0;0;0;0;0;0;0;0;0;0;0;0;0;0;0;0;0;0;0;0;0;0;1;0;0;0;0;1;1;0;0;0;0;0;0;0;0;0;0;0;0;0;0;0;0;0;0;0;0;0;0;0;0;0;0;0;0;0;1;0;0;0;0;0;0;0;0;0;0;0;0;0;0;1;0;0;1;0;0;0;1;0;2;0;0;1;0;0;1;0;0;0;1;0;1
222;6L3J;0;20;1,67;55;19,72103697;2;0;0;2;1;1;3;1;1;1;0;1;0;2;1;3;6C9H;1W8I;;;;0;0;0;0;0;0;0;0;0;0;0;0;0;0;0;0;0;0;0;0;0;1;0;0;0;0;0;0;0;0;0;0;0;0;0;0;0;0;0;0;0;0;0;0;0;0;0;0;0;1;0;0;0;1;0;0;0;0;1;0;0;0;0;0;0;0;0;0;0;0;0;0;0;0;0;0;0;0;0;1;0;0;0;0;0;0;1;2;0;0;0;1;0;0;0;0;0;0;1;1;0;0;0
223;6M1O;1;20;1,75;60;19,59183673;1;0;0;2;2;0;1;1;0;0;1;3;1;1;1;1;;;;;;0;0;0;0;0;0;0;0;0;0;0;0;0;0;1;0;0;0;0;0;0;0;0;0;0;0;0;1;0;0;0;0;0;0;0;0;0;0;0;0;1;0;0;1;0;0;0;0;0;0;0;0;0;0;0;0;0;0;0;0;0;0;0;0;0;0;0;0;0;1;0;0;1;0;0;0;0;0;0;0;1;0;0;1;0;0;0;0;0;0;2;0;1;0;0;1;0;0;0;0;0;0;1
224;6O4Y;1;19;1,85;74;21,62162162;1;0;0;2;2;1;6;1;1;1;0;0;2;3;2;5;0S0Q;0A4U;0R4C;2U4F;;0;0;0;0;0;0;0;0;0;0;0;0;0;0;0;0;0;1;1;0;0;0;0;0;0;0;0;0;0;0;0;0;0;0;0;0;0;0;0;0;0;0;0;0;0;0;0;0;0;0;0;0;1;0;0;0;0;0;1;1;0;0;0;0;0;0;0;0;0;0;0;0;0;0;0;0;0;0;0;2;0;0;0;0;0;1;0;1;0;0;0;1;0;0;0;0;0;1;0;1;0;0;0
225;6O7K;0;27;1,55;60;24,97398543;1;0;0;2;1;1;2;1;1;1;1;2;0;2;1;5;6V3U;7J8O;8X9Z;3D2B;;0;0;0;0;0;0;0;0;0;0;0;0;0;1;0;0;0;0;0;0;0;0;0;0;0;0;0;0;0;0;1;0;0;0;0;0;0;0;0;0;0;0;0;0;0;0;1;0;0;0;0;0;1;0;0;0;0;0;0;0;1;0;0;0;0;0;0;0;0;0;0;1;0;0;0;0;0;0;0;1;0;2;0;0;1;1;0;1;0;0;1;1;0;1;0;0;1;1;0;1;0;0;1
226;6T0P;1;20;1,78;60;18,9370029;3;1;0;2;4;1;3;1;0;0;0;2;1;2;0;3;;;;;;0;0;0;0;0;0;0;0;0;0;0;0;0;1;0;0;0;0;0;0;0;0;0;0;0;0;0;1;0;0;0;0;0;0;0;0;0;0;0;0;1;0;0;1;0;0;0;0;0;0;0;0;0;0;0;0;0;0;0;1;0;0;0;0;0;0;0;0;0;1;0;0;0;0;0;0;0;0;0;1;0;1;0;0;0;0;0;0;0;0;2;1;0;1;0;0;0;0;0;0;0;0;1
227;6T3Q;1;23;1,73;75;25,05930703;1;0;0;1;1;1;6;1;1;1;0;3;0;2;1;5;1J6P;2K9I;9W3O;8K6W;;0;0;0;0;0;0;0;0;0;0;0;0;0;0;0;0;0;0;0;0;0;0;0;0;0;0;0;1;0;0;0;0;0;0;0;0;0;1;0;0;0;0;0;1;0;0;0;0;0;0;0;0;0;0;0;0;0;0;1;0;0;0;0;0;0;0;0;0;1;1;0;0;0;0;0;0;0;0;0;1;0;0;0;0;0;1;0;1;0;0;2;1;0;0;0;0;0;1;0;1;0;0;1
228;6T3S;1;20;1,8;70;21,60493827;2;0;0;2;2;0;8;1;1;1;1;2;2;2;0;7;4M6N;0Y1T;9B3F;5I5P;9S9J;1;0;0;0;0;0;0;0;0;0;0;0;0;0;0;0;0;0;0;0;0;0;0;0;0;0;0;0;0;0;0;0;1;0;0;1;1;0;0;0;0;0;0;0;0;0;0;0;0;0;0;0;0;0;0;0;0;0;1;0;0;0;0;1;0;0;0;0;0;0;0;0;0;0;0;0;0;0;0;2;0;1;0;0;0;0;0;0;0;0;2;1;0;1;0;0;0;0;0;0;0;0;1
229;6U1H;1;18;1,78;71;22,40878677;2;0;0;2;2;1;4;0;1;1;0;3;0;2;1;3;;;;;;0;0;0;0;0;0;0;0;0;0;0;0;0;0;0;0;0;1;0;1;0;0;0;0;0;0;0;0;0;0;0;0;0;0;0;0;0;0;0;0;0;0;0;0;0;0;0;0;0;0;0;0;0;0;0;0;0;0;0;0;0;0;0;0;0;0;0;0;0;0;0;0;0;0;0;0;0;0;0;0;0;0;0;0;1;1;0;0;0;0;0;0;0;0;0;0;1;1;0;0;0;0;0
230;6U3B;1;20;1,85;62;18,11541271;1;0;0;2;2;0;6;1;1;1;0;3;0;2;2;6;8B8H;2L2Z;0R4X;4A1V;8W4Q;0;0;0;0;0;0;0;0;0;0;0;0;0;0;0;0;0;0;0;1;0;0;0;0;0;0;0;0;0;0;0;0;0;0;0;1;1;0;0;0;0;0;0;0;0;0;0;0;0;0;0;0;0;0;0;0;0;0;1;0;0;0;0;0;0;0;1;0;0;0;0;0;0;0;0;0;0;0;0;1;0;0;0;0;1;0;0;0;1;0;2;1;0;0;0;0;1;0;0;0;1;0;1
231;6V3U;1;27;1,78;72;22,72440348;2;1;0;1;0;1;3;1;1;1;0;2;0;2;2;5;3D2B;8X9Z;6O7K;7J8O;;0;0;1;0;0;0;0;0;0;0;0;0;0;0;0;0;0;0;0;0;0;0;0;0;0;0;0;0;0;0;0;0;0;0;0;0;0;0;0;0;0;0;0;0;0;1;1;1;0;0;0;0;1;0;0;0;0;0;0;0;0;0;0;0;0;0;0;0;0;0;0;0;0;0;0;0;0;0;1;0;1;1;0;0;0;0;0;1;0;0;2;0;1;1;0;0;0;0;0;1;0;0;1
232;6W4Y;0;21;1,6;49;19,140625;1;0;0;1;2;0;2;1;1;1;0;2;1;2;2;2;0P1I;;;;;0;1;0;0;0;0;0;0;0;0;0;0;0;0;0;0;0;0;0;1;0;0;0;0;0;0;0;0;0;0;0;0;0;0;0;1;1;0;0;0;0;0;0;0;0;0;0;0;0;0;0;0;0;0;0;0;0;0;0;0;0;0;1;0;0;0;1;0;0;0;0;0;0;0;0;0;0;0;0;0;0;1;0;0;1;1;0;0;1;1;2;0;0;1;0;0;1;1;0;0;1;1;1
233;6W8Z;1;21;1,78;59;18,62138619;1;1;1;2;2;1;2;1;1;0;0;3;0;2;0;2;2W9X;;;;;0;1;0;0;0;0;0;0;0;0;0;0;0;0;0;0;0;0;0;0;0;1;0;0;0;0;0;0;0;0;0;0;0;0;0;0;0;0;0;0;0;0;0;0;0;0;0;0;0;0;0;0;0;1;0;0;0;1;0;0;0;0;0;0;0;0;0;0;0;0;0;0;0;0;0;0;0;0;0;1;0;1;0;0;0;0;1;1;0;0;0;1;0;1;0;0;0;0;1;1;0;0;0
234;6X9F;1;28;1,75;75;24,48979592;1;0;0;2;4;1;2;0;0;0;1;3;0;2;2;2;7B7K;;;;;0;0;0;0;0;0;0;0;0;0;0;0;0;0;0;1;0;0;0;0;0;0;0;0;0;0;0;0;0;0;0;0;0;0;0;0;0;0;0;0;0;0;0;0;0;1;1;1;0;0;0;0;0;0;0;0;0;1;0;0;0;0;0;0;0;0;0;0;0;0;0;0;0;0;1;0;0;0;0;1;0;0;0;1;0;0;0;0;0;1;2;1;0;0;0;1;0;0;0;0;0;1;1
235;6Z9V;1;19;1,75;79;25,79591837;1;1;0;2;2;1;5;0;0;0;0;2;0;3;3;3;;;;;;0;0;0;0;0;0;0;0;0;0;0;0;0;0;0;0;0;1;1;0;0;0;0;0;0;0;0;0;0;0;0;0;0;0;0;0;0;0;0;0;0;0;0;0;0;0;0;0;0;0;0;0;0;1;0;0;0;0;1;1;0;0;0;0;0;0;0;0;0;0;0;0;0;0;0;0;0;0;0;2;0;0;0;0;0;1;0;1;0;0;0;1;0;0;0;0;0;1;0;1;0;0;0
236;7A0X;1;19;1,79;70;21,84700852;2;0;0;2;2;1;5;1;1;1;1;3;0;2;0;4;3U7V;0U8E;5Z4K;;;0;0;0;0;0;0;0;0;0;0;0;0;1;0;0;0;0;0;0;0;0;0;0;0;0;0;0;1;0;0;0;0;0;0;0;0;0;0;0;0;1;0;0;1;0;0;0;0;0;0;0;0;0;0;0;0;0;0;0;0;0;0;0;0;0;0;0;0;1;0;0;0;0;0;0;0;0;0;0;0;0;0;1;0;0;1;0;1;0;0;2;0;0;0;1;0;0;1;0;1;0;0;1
237;7A7P;1;18;1,92;76;20,61631944;3;0;0;2;1;0;6;1;1;1;1;2;0;3;0;6;6K3Y;2Y1K;3O6S;7M6P;8T4H;0;0;0;0;0;0;0;0;0;0;0;0;0;0;0;0;0;0;0;0;0;0;0;0;0;0;0;0;0;0;1;0;0;0;0;1;1;0;0;0;0;0;0;0;0;0;0;0;0;0;0;0;0;0;0;0;0;0;0;0;0;0;0;1;0;0;1;0;0;0;0;0;0;0;0;0;0;0;0;1;0;0;0;0;1;1;0;0;1;0;2;1;0;0;0;0;1;1;0;0;1;0;1
238;7B2H;1;40;1,68;67;23,73866213;1;0;0;2;2;1;6;0;0;0;0;1;1;2;1;6;6O7D;8S7L;4C3L;1C5X;2Q8X;1;0;0;0;0;0;0;0;0;0;0;0;0;0;0;0;0;0;0;0;0;0;0;0;0;0;0;1;0;0;0;0;0;0;0;0;0;1;0;0;0;0;0;1;0;0;0;0;0;0;0;0;0;0;0;0;0;0;0;0;0;0;0;0;0;0;0;1;0;0;0;0;0;0;0;0;0;0;0;0;0;1;0;0;0;0;0;0;1;0;2;0;0;1;0;0;0;0;0;0;1;0;1
239;7B7K;0;25;1,54;75;31,62421994;1;0;0;2;2;1;2;1;1;1;0;2;0;2;1;2;6X9F;;;;;0;0;0;0;0;0;0;0;0;0;0;1;0;0;0;0;0;0;0;0;0;0;0;0;0;0;0;0;0;0;1;0;0;0;0;0;0;0;0;0;0;0;0;0;0;0;1;1;0;0;0;0;1;0;0;0;0;0;0;0;0;0;0;0;0;0;0;0;0;0;0;0;0;0;1;0;0;0;0;0;0;0;0;1;1;0;0;1;0;1;2;0;0;0;0;1;1;0;0;1;0;1;1
240;7B9M;1;22;1,81;60;18,31445927;2;0;0;2;4;1;5;1;1;1;0;3;0;2;1;5;7L7R;5X3K;7F0W;0Y1G;;1;0;0;0;0;0;0;0;0;0;0;0;0;0;0;0;0;0;0;0;0;0;0;0;0;0;0;1;0;0;0;0;0;0;0;0;0;1;0;0;0;0;0;1;0;0;0;0;0;0;0;0;0;0;0;0;0;0;0;0;0;0;0;0;0;0;0;0;0;1;0;0;0;0;0;0;0;0;0;0;0;1;0;0;0;0;0;0;0;0;2;0;0;1;0;0;0;0;0;0;0;0;1
241;7D4K;1;18;1,76;55;17,75568182;2;0;0;2;2;1;3;1;1;1;0;2;0;3;2;3;8U4I;2M7S;;;;0;0;0;0;1;0;0;0;0;0;0;0;0;0;0;0;0;1;0;1;0;0;0;0;0;0;0;0;0;0;0;0;0;0;0;0;0;0;0;0;0;0;0;0;0;0;0;0;0;0;0;1;0;0;1;0;0;0;0;0;0;0;0;0;0;0;0;0;0;0;0;0;0;0;0;0;0;0;0;1;0;0;0;1;1;0;0;1;0;0;0;1;0;0;0;1;1;0;0;1;0;0;0
242;7E3P;1;21;1,81;85;25,94548396;1;1;1;2;2;0;5;1;0;0;0;0;0;3;2;3;;;;;;1;0;0;0;0;0;0;0;0;0;0;0;0;0;0;0;0;0;0;0;0;0;0;0;0;0;0;0;0;0;0;1;0;0;0;0;0;0;0;0;0;0;0;0;0;0;0;0;0;0;0;0;0;0;0;0;0;0;0;0;0;0;1;0;0;0;1;0;0;0;0;0;0;0;0;0;0;0;0;0;0;1;0;0;0;0;1;0;1;1;0;0;0;1;0;0;0;0;1;0;1;1;0
243;7E4C;1;18;1,78;57;17,99015276;2;0;0;2;2;0;1;1;0;0;0;3;1;3;0;2;2U2X;;;;;1;0;0;0;0;0;0;0;0;0;0;0;0;0;0;0;0;0;0;0;0;0;0;0;0;0;0;0;0;0;1;0;0;0;0;0;0;0;0;0;0;0;0;0;0;0;1;0;0;0;0;0;0;0;0;0;0;0;0;0;0;0;0;0;0;0;0;0;0;0;0;0;0;0;1;0;0;0;0;0;0;1;0;0;1;0;0;0;0;1;1;0;0;1;0;0;1;0;0;0;0;1;1
244;7E6C;1;23;1,85;87;25,42001461;0;0;0;2;1;1;4;0;0;0;1;1;2;3;2;3;;;;;;0;0;1;0;0;0;0;1;0;0;0;0;0;0;0;0;0;1;0;1;0;0;0;0;0;0;0;0;0;0;0;0;0;0;0;0;0;0;0;0;0;0;0;0;0;0;0;0;0;1;0;0;0;0;0;0;0;0;0;0;0;0;0;0;0;0;0;0;0;0;0;0;0;0;0;0;0;0;0;0;0;1;0;1;1;0;0;1;0;0;0;0;0;1;0;1;1;0;0;1;0;0;0
245;7F0W;1;21;1,8;70;21,60493827;3;0;0;2;2;1;5;1;1;1;1;1;1;3;0;5;5X3K;0Y1G;7L7R;7B9M;;0;0;0;0;0;0;0;0;0;0;0;0;0;0;0;1;0;0;0;0;0;0;0;0;0;0;0;1;0;0;0;0;0;0;0;0;0;0;1;0;0;0;0;1;0;0;0;0;0;0;0;0;0;0;0;0;0;0;0;0;0;0;0;0;0;0;0;0;0;0;0;0;0;0;1;0;0;0;0;0;0;0;0;1;1;0;0;0;0;1;2;0;0;0;0;1;1;0;0;0;0;1;1
247;7F1D;1;20;1,83;70;20,90238586;1;0;0;2;2;1;3;1;1;1;0;3;0;2;1;3;9I9S;6E4S;;;;0;0;0;0;0;0;0;0;0;0;0;0;0;0;0;0;0;0;0;0;0;0;0;0;0;0;0;1;0;0;0;0;0;0;0;0;0;1;0;0;0;0;0;1;0;0;0;0;0;0;0;0;0;0;0;0;0;0;0;0;0;0;0;0;0;0;0;1;0;0;0;0;1;0;0;0;0;0;0;0;1;0;0;0;0;0;0;0;1;0;2;0;1;0;0;0;0;0;0;0;1;0;1
248;7F5N;1;19;1,87;84;24,02127599;2;0;0;2;2;1;16;1;1;1;0;2;0;3;0;7;2G9N;3W3R;0S7C;2G0T;1N9S;0;0;0;0;0;0;0;0;0;0;0;0;0;0;0;0;0;0;0;0;1;0;0;0;0;0;0;0;1;0;0;0;0;0;0;0;0;0;0;0;0;0;0;0;0;0;0;0;0;0;0;0;0;0;0;0;0;0;0;0;0;0;0;0;0;0;0;0;0;0;0;0;0;0;0;0;0;0;0;0;0;0;0;0;1;0;0;0;0;0;1;0;0;0;0;0;1;0;0;0;0;0;1
249;7F8H;1;19;1,82;65;19,62323391;2;1;0;2;2;1;2;1;1;0;0;0;0;2;0;2;0A2A;;;;;0;0;0;0;0;0;0;0;0;0;0;0;0;0;0;0;0;1;0;1;0;0;0;0;0;0;0;0;0;0;0;0;0;0;0;0;0;0;0;0;0;0;0;0;0;0;0;0;0;1;0;0;0;0;0;0;0;0;0;0;0;0;0;0;0;0;0;0;0;0;0;0;0;0;0;0;0;0;0;0;0;0;0;0;1;0;0;1;0;0;0;0;0;0;0;0;1;0;0;1;0;0;0
250;7H7Y;1;20;1,72;58;19,605192;1;0;0;1;2;1;3;1;1;1;0;3;0;1;0;2;2N5P;;;;;0;0;0;0;0;0;0;0;0;0;0;0;0;0;0;0;0;0;0;0;0;0;0;0;0;0;0;1;0;0;1;0;0;0;0;0;0;0;0;0;0;0;0;1;0;0;0;0;0;0;0;0;0;0;0;0;0;0;1;0;0;0;0;0;0;0;0;0;0;1;0;0;0;0;0;0;0;0;0;1;0;0;0;0;1;0;0;0;0;0;2;1;0;0;0;0;1;0;0;0;0;0;1
251;7H9N;1;21;1,83;78;23,29122996;1;0;0;2;1;1;4;1;1;1;0;2;0;2;2;4;3U8T;0I8Y;5R8S;;;0;0;0;0;0;0;0;0;0;0;0;0;0;0;0;0;0;1;0;1;0;0;0;0;0;0;0;0;0;0;0;0;0;0;0;0;0;0;0;0;0;0;0;0;0;0;0;0;0;1;0;0;0;1;1;0;0;0;0;0;0;0;0;0;0;0;0;0;0;0;0;0;0;0;0;0;0;0;0;1;0;0;0;0;1;0;0;2;0;0;0;1;0;0;0;0;1;0;0;1;0;0;0
252;7I1E;1;21;1,78;75;23,67125363;2;0;0;1;2;1;2;1;1;1;0;0;0;2;1;2;2J2Y;;;;;0;0;0;0;0;0;0;0;0;0;0;0;0;0;0;0;1;0;0;0;0;0;0;0;0;0;0;0;0;0;1;0;0;0;0;0;0;0;0;0;0;0;0;0;0;0;1;1;0;0;0;0;0;0;0;0;0;0;0;0;0;0;0;0;0;0;0;0;0;0;0;0;0;0;0;0;0;1;0;0;1;0;1;0;1;0;0;0;0;0;2;0;1;0;1;0;1;0;0;0;0;0;1
253;7I5L;1;18;1,75;89;29,06122449;2;0;0;2;3;1;2;1;1;1;0;0;1;2;2;2;7N3X;;;;;0;0;0;0;0;0;0;0;0;0;0;0;0;0;0;0;0;1;0;1;0;0;0;0;0;0;0;1;0;0;0;0;0;0;0;0;0;0;0;0;0;0;0;0;0;0;0;0;0;1;0;0;0;0;0;0;0;0;0;1;0;0;0;0;0;0;0;0;0;0;0;0;0;0;0;0;0;0;0;1;0;0;0;0;1;0;0;1;0;0;1;1;0;0;0;0;1;0;0;1;0;0;1
254;7J6U;1;22;1,75;65;21,2244898;3;0;0;2;2;0;2;1;1;1;0;2;0;2;2;2;1M2F;;;;;1;0;0;0;0;0;0;0;0;0;0;0;0;0;0;0;0;0;0;1;0;0;0;0;0;0;0;0;0;0;0;0;0;0;0;1;1;0;0;0;0;0;0;0;0;0;0;0;0;0;0;0;0;0;0;0;0;0;0;0;0;0;1;0;0;0;1;0;0;0;0;0;0;0;0;0;0;0;0;0;0;1;0;0;1;0;0;0;1;1;2;0;0;1;0;0;1;0;0;0;1;1;1
255;7J8M;1;21;1,71;60;20,51913409;1;1;0;1;1;0;2;1;1;1;0;1;1;1;1;2;2C0W;;;;;0;0;0;0;0;0;0;0;0;0;0;0;0;0;0;0;0;0;0;0;0;0;0;0;0;0;0;0;0;0;0;1;0;0;0;0;0;0;0;0;0;0;0;0;0;0;0;0;0;0;0;0;0;0;0;0;0;0;1;0;0;0;0;1;0;0;1;0;0;0;0;0;0;0;0;0;0;0;0;2;0;0;0;0;0;0;1;0;1;0;0;1;0;0;0;0;0;0;1;0;1;0;0
256;7J8O;1;26;1,82;70;21,13271344;3;0;0;2;2;1;3;1;1;1;0;3;0;3;0;5;6V3U;8X9Z;3D2B;6O7K;;0;0;0;0;0;0;0;0;0;0;0;0;0;0;0;0;1;0;0;0;0;0;0;0;0;0;0;0;0;0;1;0;0;0;0;0;0;0;0;0;0;0;0;0;0;0;0;1;0;0;0;0;0;0;1;0;0;0;0;0;0;0;0;0;0;0;0;0;0;0;0;0;0;0;0;0;0;0;0;1;0;0;1;0;1;0;0;0;0;0;1;1;0;0;1;0;1;0;0;0;0;0;1
257;7J8Y;1;20;1,73;58;19,37919743;2;1;1;2;4;1;4;1;1;1;0;2;1;3;2;3;9D5O;5W3U;;;;0;1;0;1;0;0;0;0;0;0;0;0;0;0;0;0;0;0;0;0;0;1;0;0;0;0;0;0;0;0;0;0;0;0;0;0;0;0;0;0;0;0;0;0;0;0;0;0;0;0;0;0;0;0;1;0;0;0;0;0;0;0;0;0;0;0;0;0;0;0;0;0;0;0;0;0;0;0;0;1;0;2;0;0;0;0;1;0;0;0;0;1;0;1;0;0;0;0;1;0;0;0;0
258;7K6G;1;19;1,7;64;22,14532872;3;0;0;2;2;1;4;1;1;1;0;2;0;3;0;4;5D2H;3S6B;4L1N;;;0;0;0;0;0;0;0;0;0;0;0;0;0;0;0;0;0;1;0;1;0;0;0;0;0;0;0;0;0;0;0;0;0;0;0;0;0;0;0;0;0;0;0;0;0;0;0;0;0;1;0;0;0;0;0;0;0;0;0;0;0;0;0;0;0;0;0;0;0;0;0;0;0;0;0;0;0;0;0;0;0;0;0;0;1;0;0;1;0;0;0;0;0;0;0;0;1;0;0;1;0;0;0
259;7K6K;1;21;1,8;68;20,98765432;3;1;1;2;2;1;5;0;0;0;0;0;0;3;3;5;4K9H;3W7U;9K2R;3P0Q;;0;0;1;0;0;0;0;0;0;0;0;0;0;0;0;0;0;0;0;0;0;0;0;0;0;0;0;0;0;0;0;0;0;0;0;0;0;0;0;0;0;0;0;0;1;0;1;0;0;0;0;0;1;0;1;0;0;0;0;0;0;0;0;0;0;0;0;0;0;0;0;0;0;0;0;0;0;0;0;1;0;1;0;0;0;0;1;1;0;0;1;1;0;1;0;0;0;0;1;1;0;0;1
260;7M6P;1;19;1,91;85;23,2997999;2;0;0;2;1;0;6;1;1;1;0;2;1;2;0;6;7A7P;6K3Y;2Y1K;3O6S;8T4H;0;0;0;0;0;0;0;0;0;0;0;0;0;0;0;0;0;0;0;1;0;0;0;0;0;0;0;0;0;0;0;0;0;0;0;1;0;0;0;0;0;0;0;0;0;0;0;0;0;0;0;0;0;0;0;0;0;0;0;0;0;0;0;1;0;0;1;0;0;0;0;0;0;0;0;0;0;0;0;1;0;0;0;0;1;0;0;0;1;0;1;1;0;0;0;0;1;0;0;0;1;0;1
261;7N0N;0;22;1,58;50;20,02884153;1;0;0;2;2;1;15;1;1;1;1;2;1;1;2;14;4O8C;1Y7U;2J2X;8Q9F;9X1Z;0;0;0;0;0;0;0;0;0;0;0;0;0;0;1;0;0;0;0;0;0;0;0;0;0;0;0;0;0;0;0;0;0;0;0;0;0;0;1;1;0;0;0;1;0;0;0;0;0;0;0;0;0;0;0;0;0;0;0;0;0;0;1;0;0;0;0;0;1;0;0;0;0;0;0;0;0;0;0;0;0;0;0;1;1;0;1;1;0;1;1;0;0;0;0;1;1;0;1;1;0;1;1
262;7N3X;1;18;1,67;52;18,64534404;1;0;0;2;2;1;2;0;1;1;0;1;0;3;1;2;7I5L;;;;;0;0;1;0;0;0;0;0;0;0;0;0;0;0;0;0;0;1;0;1;0;0;0;0;0;0;0;1;0;0;0;0;0;0;0;0;0;0;0;0;0;0;0;0;0;0;0;0;0;0;0;0;0;0;0;0;1;0;0;0;0;0;0;0;0;0;0;0;0;0;0;0;0;0;0;0;0;0;0;0;0;1;0;0;1;0;0;0;1;1;1;0;0;1;0;0;1;0;0;0;1;1;1
263;7N7F;1;19;1,65;58;21,30394858;1;1;1;2;2;1;11;0;0;0;0;1;0;3;2;8;2F2B;0G2I;3M5G;6E9U;0D4Y;0;1;0;0;0;0;0;0;0;0;0;0;0;0;0;0;0;0;0;0;0;1;0;0;0;0;0;0;0;0;0;0;0;0;0;0;0;0;0;0;0;0;0;0;0;0;0;0;0;0;0;0;0;1;0;1;0;0;0;0;0;0;0;0;0;0;0;0;0;0;0;0;0;0;0;0;0;0;0;0;1;1;0;0;0;0;1;1;0;0;0;0;1;1;0;0;0;0;1;1;0;0;0
264;7P8D;1;21;1,79;100;31,21001217;0;0;0;2;2;0;1;0;0;0;0;2;0;1;1;1;;;;;;0;0;0;0;0;0;0;0;0;0;0;0;0;0;0;0;0;1;0;1;0;0;0;0;0;0;0;1;0;0;0;0;0;0;0;0;0;0;0;0;0;0;0;0;0;0;0;0;0;0;0;1;0;0;0;0;0;0;1;0;0;0;0;0;0;0;0;0;0;0;0;0;0;0;0;0;0;0;0;1;0;0;0;0;1;0;0;1;0;0;1;1;0;0;0;0;1;0;0;1;0;0;1
265;7R3E;1;25;1,73;82;27,39817568;3;0;0;1;2;1;8;1;1;1;1;2;2;1;0;3;5S4C;2C5C;;;;0;0;0;0;0;0;0;0;0;0;0;0;0;0;0;0;0;0;0;0;0;0;0;0;0;0;0;0;1;0;0;0;0;0;0;0;0;0;0;0;0;1;0;0;0;0;0;0;0;0;0;0;0;0;0;0;0;0;0;0;1;0;0;0;0;0;0;0;0;0;0;0;0;0;0;0;0;0;0;0;0;1;0;0;1;0;0;0;0;0;1;0;0;1;0;0;1;0;0;0;0;0;1
266;7T4X;1;19;1,76;70;22,5981405;3;0;0;2;0;1;3;1;1;1;0;0;0;2;0;3;1B3G;1W3S;;;;0;0;0;0;0;0;0;0;0;0;0;0;0;0;0;0;0;0;0;0;1;0;0;0;0;0;0;0;1;0;0;0;0;0;0;0;0;0;0;0;0;0;0;0;0;0;0;0;0;0;0;0;0;0;0;0;0;0;0;0;0;0;0;0;0;0;0;0;1;0;0;0;0;0;0;0;0;0;0;0;0;0;0;0;1;0;0;1;0;0;1;0;0;0;0;0;1;0;0;1;0;0;1
267;7U3T;1;20;1,8;63;19,44444444;2;0;0;2;2;1;8;1;1;1;2;1;1;2;0;8;2F2B;6E9U;0D4Y;7N7F;0G2I;0;0;0;0;0;0;0;0;0;0;0;0;0;0;0;0;0;0;0;0;0;1;0;0;0;0;0;0;0;0;0;0;0;0;0;0;0;0;0;0;0;0;0;0;0;0;0;0;0;1;0;0;0;1;1;0;0;0;0;0;0;0;0;0;0;0;0;0;0;0;0;0;0;0;0;0;0;0;0;1;0;0;0;0;0;0;1;2;0;0;0;1;0;0;0;0;0;0;1;1;0;0;0
268;7U7X;0;19;1,65;60;22,03856749;2;1;0;2;2;1;4;0;0;0;0;3;1;2;2;3;;;;;;1;0;0;0;0;0;0;0;0;0;0;0;0;0;0;0;0;1;1;0;0;0;0;0;0;0;0;1;0;0;0;0;0;0;0;0;0;0;0;0;0;0;0;0;0;0;0;0;0;0;0;0;0;1;0;0;0;0;0;1;0;0;0;0;0;0;0;0;0;0;0;0;0;0;0;0;0;0;0;1;0;1;0;0;0;0;0;1;0;0;1;1;0;1;0;0;0;0;0;1;0;0;1
269;7V3K;1;20;1,78;65;20,51508648;1;0;0;2;2;1;6;1;1;1;1;3;1;2;0;2;2I7P;;;;;0;0;0;0;0;0;1;0;0;0;0;0;0;0;0;0;0;0;0;0;0;0;0;0;0;0;0;0;0;0;0;0;0;0;0;0;0;0;0;1;1;0;0;1;0;0;0;0;0;0;0;0;0;0;0;0;0;0;0;0;0;0;0;0;0;0;0;0;0;0;0;1;0;0;0;0;0;0;0;1;0;1;0;0;0;1;1;0;0;0;1;1;0;1;0;0;0;1;1;0;0;0;1
270;7V9Y;1;20;1,86;56;16,18684241;0;1;0;2;0;1;10;1;1;1;2;1;2;2;2;4;8X0N;;2W1G;;;0;0;0;0;0;0;0;0;0;0;0;0;0;0;0;0;0;0;0;0;0;0;0;0;0;0;0;0;1;0;0;0;0;0;0;0;0;0;0;0;0;1;0;0;0;0;0;0;0;0;0;0;0;0;0;0;0;0;0;0;0;0;0;0;0;0;0;0;0;0;0;0;0;0;0;0;0;0;0;0;0;0;0;0;1;1;0;0;0;0;1;0;0;0;0;0;1;1;0;0;0;0;1
271;7Z3H;1;18;1,75;58;18,93877551;2;0;0;1;2;1;5;1;1;1;1;1;0;3;0;2;1G6O;;;;;0;0;0;0;0;0;0;0;0;0;0;0;0;0;0;0;0;1;0;1;0;0;0;0;0;0;0;0;0;0;0;0;0;0;0;0;0;0;0;0;0;0;0;0;0;0;0;0;0;0;0;0;0;1;0;1;0;0;0;0;0;0;0;0;0;0;0;0;0;0;0;0;0;0;0;0;0;0;0;0;1;0;0;0;1;0;0;1;0;0;0;0;1;0;0;0;1;0;0;1;0;0;0
272;8A1R;1;41;1,79;73;22,78330889;2;0;0;1;1;1;6;0;0;0;0;2;0;2;1;6;9I2L;9R1R;9I1E;4M4I;1F9Y;0;0;0;0;0;0;1;0;0;0;0;0;0;0;0;0;0;0;0;0;0;0;0;0;0;0;0;1;0;0;0;0;0;0;0;0;0;0;0;1;0;0;0;1;0;0;0;0;0;0;0;0;0;0;0;0;0;0;0;0;0;0;0;0;0;0;0;0;0;1;0;0;0;1;0;0;0;0;0;0;1;1;0;0;0;0;1;0;0;0;2;0;1;1;0;0;0;0;1;0;0;0;1
273;8A4O;1;23;1,81;66;20,14590519;1;1;0;2;2;0;1;0;0;0;1;2;1;2;2;1;;;;;;0;0;0;0;0;0;0;0;0;0;0;0;0;1;0;0;0;0;0;0;0;0;0;0;0;0;0;0;0;0;1;0;0;0;0;0;0;0;0;0;0;0;0;0;0;0;1;0;0;0;0;0;0;0;0;0;0;1;1;0;0;0;0;0;0;0;0;0;0;0;0;0;0;0;0;0;0;0;0;2;0;1;0;0;1;0;0;0;0;0;1;1;0;1;0;0;1;0;0;0;0;0;1
274;8B5X;1;19;1,64;62;23,05175491;0;0;0;2;2;1;5;1;0;0;1;2;0;2;2;6;1N9J;8I1G;0Y2Q;5S8N;2F1L;0;0;0;0;0;0;0;0;0;0;0;0;0;0;0;0;0;0;0;0;0;0;0;0;0;0;0;0;0;0;0;0;0;0;0;0;0;0;0;0;0;0;0;0;1;0;1;0;0;0;0;0;0;0;0;0;0;0;0;0;0;0;0;0;0;0;0;0;0;0;0;1;0;0;0;0;0;1;0;1;1;0;0;0;0;0;1;0;0;0;1;1;1;0;0;0;0;0;1;0;0;0;1
275;8B8H;1;19;1,9;70;19,39058172;2;0;0;2;2;0;6;1;1;1;1;1;0;3;0;6;2L2Z;6U3B;8W4Q;4A1V;0R4X;0;0;0;0;0;0;0;0;0;0;0;0;0;0;0;0;0;0;0;1;0;0;0;0;0;0;0;0;0;0;0;0;0;0;0;1;1;0;0;0;0;0;0;0;0;0;0;0;0;0;0;0;0;0;0;0;0;0;0;0;0;0;1;0;0;0;0;0;0;0;0;0;0;0;0;0;0;0;0;0;0;0;0;0;1;0;0;0;0;1;2;0;0;0;0;0;1;0;0;0;0;1;1
276;8D7X;1;23;1,85;55;16,07012418;1;0;0;2;0;1;4;1;1;1;0;0;0;2;0;4;3U9V;3Q5T;8S7P;;;0;0;0;0;0;0;0;0;0;0;0;0;0;1;0;0;0;0;0;0;0;0;0;0;0;0;0;1;0;0;0;0;0;0;0;0;0;1;0;0;0;0;0;1;0;0;0;0;0;0;0;0;0;0;0;0;0;0;0;0;0;0;0;0;0;0;0;0;0;1;0;0;0;0;0;0;0;0;0;0;0;1;0;0;0;0;0;0;0;0;2;0;0;1;0;0;0;0;0;0;0;0;1
277;8E0Y;0;20;1,53;50;21,35930625;0;0;0;2;1;1;2;0;0;0;0;0;0;2;1;2;3Q2Q;;;;;0;0;0;0;0;0;0;0;0;0;0;0;0;0;0;0;0;0;0;0;0;0;0;0;0;0;0;0;0;0;1;0;0;0;0;0;0;0;0;0;0;0;0;0;0;0;1;0;0;0;0;0;0;0;1;0;0;0;0;0;0;0;0;0;0;0;0;0;0;0;0;0;0;0;0;0;0;0;0;1;0;0;0;0;1;0;0;0;0;0;1;1;0;0;0;0;1;0;0;0;0;0;1
278;8G5E;1;20;1,7;59;20,41522491;3;0;0;2;2;1;2;1;1;1;0;2;0;2;1;3;;;;;;0;0;0;0;0;0;0;0;0;0;0;0;0;1;0;0;0;0;0;0;0;0;0;0;0;0;0;1;0;0;0;0;0;0;0;0;0;0;0;0;1;0;0;1;0;0;0;0;0;0;0;0;0;0;0;0;0;0;0;0;0;0;0;0;0;0;0;0;0;1;0;0;0;0;0;0;0;0;0;0;0;1;0;0;0;0;0;0;0;0;2;0;0;1;0;0;0;0;0;0;0;0;1
279;8G6G;1;23;1,81;80;24,41927902;2;1;0;2;2;1;2;0;0;0;0;3;0;2;0;2;1U6R;;;;;0;0;0;0;0;0;0;0;0;0;0;1;0;0;0;0;0;0;0;0;0;0;0;0;0;0;0;1;0;0;0;0;0;0;0;0;0;0;0;1;0;0;0;1;0;0;0;0;0;0;0;0;0;0;0;0;0;0;0;0;0;0;0;0;0;0;0;1;1;0;0;0;0;0;0;0;0;0;0;0;0;0;0;1;0;1;1;1;1;0;2;0;0;0;0;1;0;1;1;1;1;0;1
280;8G7E;1;18;1,7;55;19,03114187;2;0;0;2;2;0;1;0;0;0;1;2;1;3;3;5;5J3M;5D1Z;8G8P;3T0E;;0;0;0;0;0;0;0;0;0;0;0;0;0;0;0;0;0;0;0;0;0;0;0;0;1;0;0;0;0;0;0;0;0;0;0;0;0;0;0;0;0;0;0;0;0;0;0;0;0;0;0;0;0;0;0;0;0;0;0;0;0;0;0;0;0;0;0;0;0;0;0;0;0;0;0;0;0;0;0;0;0;0;0;0;1;0;0;0;0;0;0;0;0;0;0;0;1;0;0;0;0;0;0
281;8G8P;1;18;1,71;55;18,80920625;2;0;0;2;2;1;5;0;0;0;1;1;1;3;2;5;5J3M;8G7E;3T0E;5D1Z;;0;0;0;0;0;0;0;0;0;0;0;0;0;0;0;0;0;0;0;0;1;0;0;0;0;0;0;0;1;0;0;0;0;0;0;0;0;0;0;0;0;0;0;0;0;0;0;0;0;1;0;0;0;0;0;0;0;0;1;0;0;0;0;0;0;0;0;0;0;0;0;0;0;0;0;0;0;0;0;1;0;0;0;0;1;0;0;1;0;0;1;1;0;0;0;0;1;0;0;1;0;0;1
282;8H6H;0;19;1,65;58;21,30394858;1;0;0;2;1;1;11;1;1;1;3;0;0;0;0;3;;;;;;0;0;0;0;0;0;0;0;0;0;0;0;0;0;0;0;0;1;1;0;0;0;0;0;0;0;0;0;0;0;0;0;0;0;0;0;0;0;0;0;0;0;0;0;0;0;0;0;0;1;0;0;0;0;0;0;0;0;0;0;0;0;0;0;0;0;0;0;0;0;0;0;0;0;0;0;0;0;0;0;0;0;0;0;0;0;0;1;0;0;0;0;0;0;0;0;0;0;0;1;0;0;0
283;8J2L;0;20;1,61;59;22,76146754;2;0;0;1;4;1;4;1;1;1;0;2;0;2;0;6;5W6M;1L4G;9K2W;1M2Q;2S4Q;0;0;1;0;0;0;0;0;0;0;0;0;0;0;0;0;0;0;0;0;0;0;0;0;0;0;0;0;0;0;1;0;0;0;0;0;0;0;0;0;0;0;0;0;0;0;1;1;0;0;0;0;0;0;0;0;0;0;0;0;0;0;0;0;0;0;0;0;0;0;0;0;0;0;0;0;0;1;0;0;1;1;0;0;1;1;0;0;0;0;2;0;1;1;0;0;1;1;0;0;0;0;1
284;8K4B;0;21;1,82;65;19,62323391;0;1;0;1;1;1;2;1;1;1;1;2;0;1;1;2;5O0Y;;;;;0;0;0;0;0;0;0;0;0;0;0;0;0;0;0;0;0;1;1;0;0;0;0;0;0;0;0;1;0;0;0;0;0;0;0;0;0;0;0;0;0;0;0;0;0;0;0;0;0;0;0;0;0;1;0;0;0;0;1;0;0;0;0;0;0;0;0;0;0;0;0;0;0;0;0;0;0;0;0;1;0;0;0;0;0;0;0;1;0;0;1;1;0;0;0;0;0;0;0;1;0;0;1
285;8M0U;1;18;1,74;60;19,81767737;1;0;0;2;2;1;3;0;0;0;0;0;0;3;2;3;5M7S;9I7L;;;;0;0;1;0;1;0;0;0;0;0;0;0;0;0;0;0;0;1;0;1;0;0;0;0;0;0;0;1;0;0;0;0;0;0;0;0;0;0;0;0;0;0;0;0;0;0;0;0;0;0;0;0;0;0;0;1;0;0;0;0;0;0;0;0;0;0;0;0;0;0;0;0;0;0;0;0;0;0;0;0;1;1;0;1;1;1;0;0;0;0;1;0;1;1;0;1;1;1;0;0;0;0;1
286;8M9W;1;18;1,78;65;20,51508648;3;0;0;2;2;1;17;0;1;1;0;3;2;3;3;3;;;;;;0;0;1;0;0;0;0;0;1;0;0;0;0;0;0;0;0;1;1;0;0;0;0;0;0;0;0;1;0;0;0;0;0;0;0;0;0;0;0;0;0;0;0;0;0;0;0;0;0;1;0;0;0;0;0;0;0;0;0;0;0;0;0;0;0;0;0;0;0;0;0;0;0;0;0;0;0;0;0;0;0;2;0;0;0;0;0;1;0;0;1;0;0;1;0;0;0;0;0;1;0;0;1
287;8N1H;1;18;1,75;68;22,20408163;2;1;1;2;1;1;3;1;0;0;0;2;0;2;1;3;8P9D;4D0S;;;;0;0;0;0;1;0;0;0;0;0;0;0;0;0;0;0;0;1;1;0;0;0;0;0;0;0;0;1;0;0;0;0;0;0;0;0;0;0;0;0;0;0;0;0;0;0;0;0;0;0;0;0;0;1;0;0;1;0;0;0;0;0;0;0;0;0;0;0;0;0;0;0;0;0;0;0;0;0;0;0;0;0;0;1;0;1;0;1;1;1;1;0;0;0;0;1;0;1;0;1;1;1;1
288;8N4I;0;21;1,9;90;24,93074792;2;0;0;2;2;0;6;0;0;0;0;2;0;3;1;6;6V9Q;4H1X;1Y9W;1C3K;0H8R;0;0;0;0;0;0;0;0;0;0;0;0;0;0;0;0;0;0;0;0;0;0;0;0;0;0;0;0;1;0;0;0;0;1;0;0;0;0;0;0;0;0;0;0;0;0;0;0;0;0;0;0;0;0;0;0;0;0;0;0;0;0;0;1;0;0;1;0;0;0;0;0;0;0;0;0;0;0;0;1;0;0;0;0;0;1;1;0;1;0;1;1;0;0;0;0;0;1;1;0;1;0;1
289;8N8Q;1;20;1,79;68;21,22280828;1;1;0;2;2;1;3;0;0;0;0;3;0;1;2;4;9G6O;4W2W;2Z9H;;;0;0;0;0;0;0;0;0;0;0;0;0;0;0;0;0;0;0;0;0;1;0;0;0;0;0;0;0;1;0;0;0;0;0;0;0;0;0;0;0;0;0;0;0;0;0;0;0;0;0;0;0;0;0;0;0;0;0;0;0;0;0;0;0;0;0;0;0;0;0;0;0;0;0;0;0;0;0;0;0;0;0;0;0;1;0;0;0;0;0;1;0;0;0;0;0;1;0;0;0;0;0;1
290;8Q9F;0;20;1,61;53;20,44674202;0;1;1;2;1;1;13;1;1;1;0;2;0;2;2;14;4O8C;1Y7U;2J2X;9X1Z;0H5L;0;0;0;1;0;0;0;0;0;0;0;0;0;0;0;0;0;0;0;0;0;0;0;0;0;0;0;1;0;0;0;0;0;0;0;0;0;0;0;1;0;0;0;1;0;0;0;0;0;0;0;0;0;0;0;0;0;0;0;0;0;0;0;0;0;0;0;0;0;1;0;0;0;0;0;0;0;0;0;0;0;1;0;0;0;0;1;0;0;0;2;0;0;1;0;0;0;0;1;0;0;0;1
291;8S5L;1;20;1,8;80;24,69135802;3;0;0;2;2;0;1;0;0;0;0;0;0;3;1;3;;;;;;0;1;0;0;0;0;0;0;0;0;0;0;0;0;0;0;0;0;0;1;0;0;0;0;0;0;0;0;0;0;0;0;0;0;0;1;1;0;0;0;0;0;0;0;0;0;0;0;0;0;0;0;0;0;0;0;0;0;0;0;0;0;0;0;1;0;1;0;0;0;0;0;0;0;0;0;0;0;0;0;0;1;0;0;1;0;0;1;1;0;2;0;0;1;0;0;1;0;0;1;1;0;1
292;8S7L;0;24;1,62;54;20,57613169;3;0;0;2;4;1;6;0;0;0;0;1;0;2;2;6;1C5X;4C3L;7B2H;2Q8X;6O7D;0;0;0;0;0;0;0;0;0;0;0;0;0;0;0;0;0;0;0;0;0;0;0;0;0;0;0;0;0;0;0;0;0;0;0;0;0;0;1;0;0;0;0;1;0;0;0;0;0;0;0;0;0;0;1;0;0;0;0;0;0;0;0;0;0;0;0;0;1;0;0;0;0;0;0;0;0;0;0;1;0;0;0;0;1;0;0;1;0;0;1;1;0;0;0;0;1;0;0;1;0;0;1
293;8S7P;1;27;1,8;70;21,60493827;2;0;0;2;4;1;4;0;1;1;0;2;0;2;0;4;3Q5T;8D7X;3U9V;;;0;0;0;0;0;0;0;0;0;0;0;0;1;0;0;0;0;0;0;0;0;0;0;0;0;0;0;1;0;0;0;0;0;0;0;0;0;1;0;0;0;0;0;1;0;0;0;0;0;0;0;0;0;0;0;0;0;0;0;0;0;0;0;0;0;0;0;0;0;1;0;0;0;0;0;0;0;0;0;0;0;0;1;0;0;0;0;0;0;0;2;0;0;0;1;0;0;0;0;0;0;0;1
294;8S8P;1;22;1,69;66;23,10843458;2;0;0;2;2;0;2;1;0;0;0;2;1;2;1;2;7P4Y;;;;;0;0;0;0;0;0;0;0;0;0;1;0;0;0;0;0;0;0;0;0;0;0;0;0;0;0;0;0;0;0;1;0;0;0;0;1;1;0;0;0;0;0;0;0;0;0;0;0;0;0;0;0;0;0;0;0;0;0;0;0;0;0;1;0;0;0;1;0;0;0;0;0;0;0;0;0;0;0;0;0;0;0;0;0;1;0;0;0;1;1;2;0;0;0;0;0;1;0;0;0;1;1;1
295;8U4I;1;18;1,84;68;20,08506616;2;0;0;2;0;1;3;1;1;1;1;2;0;3;1;3;2M7S;7D4K;;;;0;0;0;0;1;0;0;0;0;0;0;0;0;0;0;0;0;1;0;1;0;0;0;0;0;0;0;0;0;0;0;0;0;0;0;0;0;0;0;0;0;0;0;0;0;0;0;0;0;1;0;0;0;0;1;0;0;0;0;0;0;0;0;0;0;0;0;0;0;0;0;0;0;0;0;0;0;0;0;1;0;0;0;1;1;0;0;1;0;0;0;1;0;0;0;1;1;0;0;1;0;0;0
296;8W0W;1;26;1,77;73;23,30109483;1;1;0;2;2;1;2;1;1;1;0;0;0;2;1;2;5J1R;;;;;0;0;0;0;0;0;0;0;0;0;0;0;0;0;0;0;0;0;0;0;0;0;0;0;0;0;0;1;0;0;0;0;0;0;0;0;0;0;0;0;1;0;0;1;0;0;0;0;0;0;0;0;0;0;0;0;0;0;1;0;0;0;0;0;0;0;0;1;0;0;0;0;0;0;0;0;0;0;0;1;0;0;0;0;0;0;0;0;1;0;2;1;0;0;0;0;0;0;0;0;1;0;1
297;8W1B;0;22;1,7;57;19,72318339;2;1;1;1;2;1;5;1;1;1;2;2;0;1;3;5;6T3K;6R1H;9Z3C;4G8T;;0;0;0;0;0;0;0;0;0;0;0;0;1;0;0;0;0;0;0;0;0;0;0;0;0;0;0;1;0;0;0;0;0;0;0;0;0;0;0;1;0;0;0;1;0;0;0;0;0;0;0;0;0;0;0;0;0;1;1;0;0;0;0;0;0;0;0;0;0;0;0;0;0;0;0;0;0;0;0;2;0;0;1;0;0;1;1;0;0;0;2;1;0;0;1;0;0;1;1;0;0;0;1
298;8W1L;0;19;1,65;98;35,99632691;1;0;0;2;1;0;2;1;1;1;1;1;0;3;2;2;5M6R;;;;;0;0;0;0;0;0;0;0;0;0;0;0;0;0;0;0;0;0;0;0;0;0;0;0;0;0;0;0;0;0;1;0;0;0;0;1;1;0;0;0;0;0;0;0;0;0;0;0;0;0;0;0;0;0;0;0;0;0;0;0;0;0;0;1;0;0;0;0;0;0;0;0;0;0;0;0;0;0;0;1;0;0;0;0;1;0;0;0;0;0;2;1;0;0;0;0;1;0;0;0;0;0;1
299;8W4Q;0;20;1,62;50;19,05197378;0;0;0;2;1;0;6;1;0;0;0;3;0;2;2;6;4A1V;6U3B;8B8H;2L2Z;0R4X;0;1;0;0;0;0;0;0;0;1;0;0;0;0;0;0;0;0;0;1;0;0;0;0;0;0;0;0;0;0;0;0;0;0;0;1;1;0;0;0;0;0;0;0;0;0;0;0;0;0;0;0;0;0;0;0;0;0;0;0;0;0;1;0;0;0;0;0;0;0;0;0;0;0;0;0;0;0;0;0;0;2;0;0;1;0;0;0;0;1;2;0;0;1;0;0;1;0;0;0;0;1;1
300;8W7P;1;19;1,78;80;25,2493372;1;0;0;2;1;1;4;1;1;1;1;2;1;2;0;4;2I9R;2A4L;8V5M;;;0;0;0;0;1;0;0;0;0;0;0;0;0;0;0;0;0;0;0;0;0;1;0;0;0;0;0;0;0;0;0;0;0;0;0;0;0;0;0;0;0;0;0;0;0;0;0;0;0;0;0;0;0;1;0;1;0;0;0;0;0;0;0;0;0;0;0;0;0;0;0;0;0;0;0;0;0;0;0;0;1;0;0;1;0;0;1;1;0;0;0;0;1;0;0;1;0;0;1;1;0;0;0
301;8X0N;1;21;1,8;62;19,13580247;1;0;0;2;2;1;10;1;1;1;3;0;2;3;2;4;7V9Y;;2W1G;;;0;0;0;0;0;0;0;0;0;0;0;0;0;0;0;0;0;0;0;0;1;0;0;0;0;0;0;0;1;0;0;0;0;0;0;0;0;0;0;0;0;0;0;0;0;0;0;0;0;0;0;0;0;0;0;0;0;0;0;0;0;0;0;0;0;0;0;0;0;0;0;0;0;0;0;0;0;0;0;0;0;0;0;0;1;0;0;0;0;0;1;0;0;0;0;0;1;0;0;0;0;0;1
302;8X6E;1;23;1,83;73;21,79820239;3;0;0;1;1;0;1;0;0;0;0;2;0;2;1;1;;;;;;0;0;0;0;0;0;1;0;0;0;0;0;0;0;0;0;0;0;0;0;0;0;0;0;0;0;0;1;0;0;0;0;0;0;0;0;0;1;0;0;0;0;0;1;0;0;0;0;0;0;0;0;0;0;0;0;0;0;0;0;0;0;1;0;0;0;0;0;0;1;0;0;0;0;0;0;0;0;0;0;0;1;0;0;0;0;0;0;0;1;2;0;0;1;0;0;0;0;0;0;0;1;1
303;8X9Z;1;27;1,77;66;21,06674327;2;0;0;1;2;1;2;1;1;1;0;2;1;3;3;5;3D2B;6V3U;6O7K;7J8O;;0;0;0;0;0;0;0;0;0;0;0;0;0;0;0;0;0;0;0;0;0;0;0;0;0;0;0;0;0;0;0;0;0;0;0;0;0;0;0;0;0;0;0;0;0;1;1;1;0;0;0;0;1;0;0;0;0;0;0;0;0;0;0;0;0;0;0;0;0;0;0;0;0;0;0;0;0;1;0;0;1;0;0;0;0;0;0;1;0;0;2;0;1;0;0;0;0;0;0;1;0;0;1
304;8Z9E;1;28;1,76;70;22,5981405;2;0;0;1;2;0;1;1;1;0;3;1;2;1;3;3;5Y3W;9W3F;;;;0;0;0;0;0;0;0;0;0;0;0;0;0;0;0;0;0;0;0;0;0;0;0;0;0;0;0;0;1;0;0;0;0;0;0;0;0;0;0;0;0;0;1;0;0;0;0;0;0;0;0;0;0;0;0;0;0;0;0;0;1;0;0;0;0;0;0;0;0;1;0;0;0;1;0;0;0;0;0;0;1;1;0;0;1;1;0;0;0;0;1;0;1;1;0;0;1;1;0;0;0;0;1
305;9A6W;1;21;1,8;75;23,14814815;2;0;0;2;2;0;1;0;0;0;0;1;0;2;0;1;;;;;;0;0;0;0;0;0;0;0;0;0;0;0;0;0;0;0;0;0;0;0;0;0;0;0;1;0;0;0;0;0;0;0;0;0;0;0;0;0;0;0;0;0;0;0;0;0;0;0;0;0;0;0;0;0;0;0;0;0;0;0;0;0;0;0;0;0;0;0;0;0;0;0;0;0;0;0;0;0;0;0;0;0;0;0;1;0;0;0;0;0;0;0;0;0;0;0;1;0;0;0;0;0;0
306;9B3F;1;20;1,72;75;25,35154137;1;0;0;2;0;0;8;1;1;1;2;0;2;3;0;7;6T3S;4R6L;5I5P;4M6N;0Y1T;1;0;0;0;0;0;0;0;0;0;0;0;0;0;0;0;0;0;0;0;0;0;0;0;0;0;0;0;0;0;0;0;1;0;0;1;1;0;0;0;0;0;0;0;0;0;0;0;0;0;0;0;0;0;0;0;0;0;1;0;0;0;0;0;0;0;1;0;0;0;0;0;0;0;0;0;0;0;0;1;0;1;0;0;0;0;0;0;1;0;2;1;0;1;0;0;0;0;0;0;1;0;1
307;9B5K;1;25;1,9;75;20,77562327;2;1;0;1;2;1;5;1;1;1;1;3;1;1;1;10;4A7O;0F1W;1R9D;2R7A;5Q1R;0;0;0;0;0;0;0;0;0;0;0;0;0;0;1;0;0;0;0;0;0;0;0;0;0;0;0;0;0;0;0;0;0;0;0;0;0;0;1;0;0;0;0;1;0;0;0;0;0;0;0;0;0;0;0;0;0;0;0;0;0;0;0;0;0;0;0;0;0;0;0;0;0;0;0;0;0;0;0;0;0;0;0;1;1;1;0;0;0;0;1;0;0;0;0;1;1;1;0;0;0;0;1
308;9B8H;1;20;1,8;80;24,69135802;2;0;0;2;4;1;2;1;1;1;0;2;0;0;0;3;;;;;;0;0;0;0;0;0;0;0;0;0;0;0;0;0;0;0;0;0;0;0;0;0;0;0;0;0;0;0;1;0;0;0;0;0;0;0;0;0;0;0;0;0;1;0;0;0;0;0;1;0;0;0;0;0;0;0;0;0;0;0;0;0;0;0;0;0;0;0;0;0;0;0;0;0;0;0;0;0;0;0;0;0;0;0;1;0;0;0;0;0;2;0;0;0;0;0;1;0;0;0;0;0;1
309;9C8Y;1;22;1,78;78;24,61810377;2;0;0;2;2;1;9;1;1;1;0;2;1;2;1;14;4O8C;1Y7U;2J2X;8Q9F;9X1Z;0;0;0;0;0;0;0;0;0;0;0;0;0;0;0;0;0;0;0;0;0;0;0;0;0;0;0;0;0;0;0;0;0;0;0;0;0;0;1;0;1;0;0;1;0;0;0;0;0;0;0;0;0;0;0;0;0;0;0;0;0;0;0;0;0;0;0;0;0;1;0;0;0;0;0;1;0;0;0;0;0;0;0;0;1;0;0;0;0;1;1;0;0;0;0;0;1;0;0;0;0;1;1
310;9D6N;1;20;1,72;60;20,2812331;0;0;0;1;1;1;3;1;1;1;0;0;0;2;0;3;6F8P;4I6K;;;;0;0;0;0;0;0;0;0;0;0;0;1;0;0;0;0;0;0;0;0;0;0;0;0;0;0;0;1;0;0;0;0;0;0;0;0;0;1;0;0;0;0;0;1;0;0;0;0;0;0;0;0;0;0;0;0;0;0;1;0;0;0;0;0;0;0;0;0;0;0;0;0;0;0;0;0;0;0;0;1;0;0;0;1;0;1;0;0;0;0;2;1;0;0;0;1;0;1;0;0;0;0;1
311;9E7A;0;21;1,64;53;19,70553242;2;0;0;2;2;1;3;1;1;1;1;2;1;2;1;3;4B5E;9P2T;;;;0;0;0;0;0;0;0;0;0;0;0;1;0;0;0;0;0;0;0;0;0;0;0;0;0;0;0;0;0;0;0;0;0;0;0;0;0;0;0;0;0;0;0;0;0;1;1;1;0;0;0;0;1;0;1;0;0;0;0;0;0;0;0;0;0;0;0;0;0;0;0;0;0;0;0;0;0;0;0;1;0;0;0;1;0;0;0;1;0;0;2;1;0;0;0;1;0;0;0;1;0;0;1
312;9G6O;1;23;1,8;69;21,2962963;1;0;0;1;2;1;3;1;0;0;1;3;1;2;1;4;8N8Q;4W2W;2Z9H;;;0;0;0;0;0;0;0;0;0;0;0;0;0;0;0;0;0;0;0;0;1;0;0;0;0;0;0;0;1;0;0;0;0;0;0;0;0;0;0;0;0;0;0;0;0;0;0;0;0;0;0;0;0;0;0;0;0;0;0;0;0;0;0;0;0;0;0;0;0;1;0;0;0;0;0;0;0;0;0;0;0;0;0;0;1;1;0;0;0;0;1;0;0;0;0;0;1;1;0;0;0;0;1
313;9I1E;1;28;1,73;75;25,05930703;0;1;0;1;1;1;5;1;0;0;0;3;0;2;2;6;9I2L;4M4I;9R1R;8A1R;1F9Y;0;0;0;0;0;0;0;0;0;0;0;0;0;0;0;0;0;0;0;0;0;0;0;0;0;0;0;1;0;0;0;0;0;0;0;0;0;0;0;0;1;0;0;1;0;0;0;0;0;0;0;0;0;0;0;0;0;0;0;0;0;0;0;0;0;0;0;1;0;0;0;0;1;0;0;0;0;0;0;0;1;0;0;0;0;0;0;0;1;0;2;0;1;0;0;0;0;0;0;0;1;0;1
314;9I2L;1;24;1,8;75;23,14814815;2;0;0;1;1;1;5;0;0;0;0;1;0;2;2;6;9I1E;4M4I;9R1R;8A1R;1F9Y;0;0;0;0;0;0;0;0;0;0;0;0;0;1;0;0;0;0;0;0;0;0;0;0;0;0;0;0;0;0;0;0;0;0;0;0;0;0;0;1;0;0;0;1;0;0;0;0;0;0;0;0;0;0;0;0;0;0;0;0;0;0;0;0;0;0;0;0;0;1;0;0;0;0;0;0;0;0;0;0;0;1;0;0;0;1;1;0;0;0;1;0;0;1;0;0;0;1;1;0;0;0;1
315;9I9S;1;20;1,86;75;21,6788068;1;1;0;2;4;1;3;0;1;1;0;2;0;2;0;3;7F1D;6E4S;;;;1;0;0;0;0;0;0;0;0;0;0;0;0;0;0;0;0;0;0;0;0;0;0;0;0;0;0;1;0;0;0;0;0;0;0;0;0;0;1;0;0;0;0;1;0;0;0;0;0;0;0;0;0;0;0;0;0;0;0;0;0;0;0;0;0;0;0;1;0;0;0;0;0;0;0;0;0;0;0;0;0;1;0;0;1;0;0;0;1;0;2;0;0;1;0;0;1;0;0;0;1;0;1
316;9J2Z;1;20;1,85;62;18,11541271;0;0;0;2;2;0;9;1;1;1;0;3;0;3;0;5;3H8D;5L2C;1O2H;1G3P;;0;0;0;0;0;0;0;0;0;0;0;0;0;0;0;0;0;0;0;1;0;0;0;0;0;0;0;0;0;0;0;0;0;0;0;1;1;0;0;0;0;0;0;0;0;0;0;0;0;0;0;0;0;0;0;0;0;0;0;0;0;0;1;1;1;0;0;0;0;0;0;0;0;0;0;0;0;0;0;1;0;0;0;0;1;0;0;1;0;1;2;1;0;0;0;0;1;0;0;1;0;1;1
317;9J6M;1;21;1,85;68;19,86851717;1;1;1;2;2;1;4;1;1;1;2;2;1;3;1;4;5B2Z;0O5Q;5I3E;;;0;0;0;0;1;0;0;0;0;0;0;0;0;0;0;0;0;1;0;1;0;0;0;0;0;0;0;1;0;0;0;0;0;0;0;0;0;0;0;0;0;0;0;0;0;0;0;0;0;0;0;0;0;1;0;0;0;0;0;0;0;0;0;0;0;0;0;0;0;0;0;0;0;0;0;0;0;0;0;0;0;0;0;1;1;0;0;1;0;0;1;0;0;0;0;1;1;0;0;1;0;0;1
318;9M5B;1;21;1,74;55;18,16620425;1;0;0;1;0;1;10;1;1;1;1;3;0;1;2;10;3O6U;2R7A;4A7O;0F1W;9B5K;0;0;0;0;0;0;0;0;0;0;0;0;0;0;1;0;0;0;0;0;0;0;0;0;0;0;0;0;0;0;0;0;0;0;0;0;0;0;1;0;0;0;0;1;0;0;0;0;0;0;0;0;0;0;0;0;0;0;0;0;0;0;0;0;0;0;0;0;0;1;0;0;0;0;0;0;0;0;0;0;0;0;0;1;1;0;0;0;0;0;1;0;0;0;0;1;1;0;0;0;0;0;1
319;9O9K;1;20;1,75;58;18,93877551;3;1;0;2;1;1;2;1;1;1;0;3;0;1;0;2;0N9P;;;;;0;0;0;0;0;0;0;0;0;0;0;0;0;0;0;0;0;0;0;0;0;0;0;0;0;0;0;0;0;0;0;0;0;0;0;0;0;0;1;0;0;0;0;1;0;0;0;0;0;0;0;0;0;0;0;0;0;0;0;0;0;0;0;0;0;0;0;0;1;1;0;0;0;0;0;0;0;0;0;0;0;0;0;0;1;0;0;1;0;0;1;0;0;0;0;0;1;0;0;1;0;0;1
320;9P2T;1;21;1,7;55;19,03114187;1;0;0;2;1;1;3;1;1;1;0;3;0;2;1;3;4B5E;9E7A;;;;0;0;1;0;0;0;0;0;0;0;0;0;0;0;0;0;0;0;0;0;0;0;0;0;0;0;0;0;0;0;0;0;0;0;0;0;0;0;0;0;0;0;0;0;0;1;1;1;0;0;0;0;0;0;0;0;0;0;0;1;0;0;0;0;0;0;0;0;0;0;0;0;0;0;0;0;0;0;1;1;1;1;0;0;0;0;0;0;0;0;2;1;1;1;0;0;0;0;0;0;0;0;1
321;9P8X;1;22;1,7;70;24,22145329;3;0;0;1;4;1;3;0;1;1;1;0;1;2;1;2;9K7A;;;;;0;1;0;0;0;0;0;0;0;0;0;0;0;0;0;0;0;1;0;1;0;0;0;0;0;0;0;1;0;0;0;0;0;0;0;0;0;0;0;0;0;0;0;0;0;0;0;0;0;0;0;0;0;1;0;0;0;0;1;0;0;0;0;0;0;0;0;0;0;0;0;0;0;0;0;0;0;0;0;1;0;1;0;0;1;1;0;1;0;0;1;1;0;1;0;0;1;1;0;1;0;0;1
322;9Q5A;1;20;1,8;72;22,22222222;3;0;0;2;2;1;2;1;1;1;0;3;0;3;0;2;7Y5A;;;;;0;0;0;0;0;0;0;0;0;0;0;0;0;0;0;0;0;0;0;0;0;0;0;0;0;0;0;0;0;0;0;0;0;0;0;0;0;0;0;0;1;0;0;1;0;0;0;0;0;0;0;0;0;0;0;0;0;0;0;0;0;0;0;0;0;1;0;0;0;1;0;0;0;0;0;0;0;0;0;0;0;0;0;0;0;0;0;1;0;0;1;0;0;0;0;0;0;0;0;1;0;0;1
323;9R1R;1;30;1,7;63;21,79930796;2;0;0;1;2;1;6;1;1;1;0;3;1;2;2;6;4M4I;9I2L;8A1R;9I1E;1F9Y;0;0;0;0;0;0;0;0;0;0;0;0;0;0;0;1;0;0;0;0;0;0;0;0;0;0;0;1;0;0;0;0;0;0;0;0;0;0;1;0;0;0;0;1;0;0;0;0;0;0;0;0;0;0;0;0;0;0;0;0;0;0;0;0;0;0;0;0;0;0;0;0;0;1;0;0;0;0;0;0;1;0;0;1;1;1;0;0;0;0;2;0;1;0;0;1;1;1;0;0;0;0;1
324;9R3J;0;25;1,68;90;31,8877551;2;0;0;2;4;1;18;1;0;0;3;3;2;0;3;9;8B3E;9Z4S;8B3A;5A8F;1A1B;0;1;0;0;0;0;0;0;0;0;0;0;0;0;0;0;0;1;0;1;0;0;0;0;0;0;0;1;0;0;0;0;0;0;0;0;0;0;0;0;0;0;0;0;0;0;0;0;0;0;0;0;0;1;0;0;0;0;0;0;0;0;0;0;0;0;0;0;0;0;0;0;0;0;0;0;0;0;0;0;0;1;0;0;1;0;0;1;0;0;1;0;0;1;0;0;1;0;0;1;0;0;1
325;9R6Y;1;27;1,8;70;21,60493827;2;0;0;2;4;1;4;1;1;1;0;0;0;2;0;4;4F9D;1G7G;5M0T;;;0;0;0;0;0;0;0;0;0;0;0;0;0;0;0;1;0;0;0;0;0;0;0;0;0;0;0;0;0;0;1;0;0;0;0;0;0;0;0;0;0;0;0;0;0;0;1;1;0;0;0;0;0;0;0;0;0;0;0;0;0;0;0;0;0;0;0;0;0;0;0;0;0;0;1;0;0;0;0;0;0;0;0;1;1;0;0;0;0;1;2;0;0;0;0;1;1;0;0;0;0;1;1
326;9S9J;1;21;1,76;110;35,51136364;1;0;0;2;2;0;10;1;1;1;3;2;0;3;1;7;0Y1T;4M6N;9B3F;5I5P;6T3S;0;0;0;0;0;0;0;0;0;0;0;0;0;0;0;0;0;0;0;1;0;0;0;0;0;0;0;0;0;0;0;0;0;0;0;1;0;0;0;0;0;0;0;0;0;0;0;0;0;0;0;0;0;0;0;0;0;0;0;0;0;0;0;1;0;0;0;0;0;0;0;0;0;0;0;0;0;0;0;1;0;0;0;0;1;0;0;0;0;0;1;1;0;0;0;0;1;0;0;0;0;0;1
327;9V8W;0;21;1,7;57;19,72318339;1;1;1;2;2;0;1;0;0;0;0;2;0;1;2;3;;;;;;1;0;0;0;0;0;0;0;0;0;0;0;0;0;0;0;0;0;0;0;0;0;0;0;0;0;0;0;0;0;0;0;0;0;0;0;0;0;0;0;0;0;0;0;1;0;1;0;0;0;0;0;0;0;0;0;0;0;0;0;0;0;0;0;0;0;0;0;0;0;0;0;0;0;0;0;0;0;0;0;0;1;0;0;0;0;1;0;0;0;1;0;0;1;0;0;0;0;1;0;0;0;1
328;9W3C;1;18;1,75;55;17,95918367;3;0;0;2;0;0;3;1;1;1;0;0;0;3;0;3;6I6Y;4L5H;;;;0;0;0;0;0;0;0;0;0;0;0;0;0;0;0;0;0;0;0;0;0;0;0;0;0;0;0;0;0;0;1;0;0;0;0;1;0;0;0;0;0;0;0;0;0;0;0;0;0;0;0;0;0;0;0;0;0;0;0;0;0;0;0;0;0;0;0;0;0;0;0;0;0;0;0;0;0;0;0;0;0;0;0;0;1;0;0;0;0;0;1;0;0;0;0;0;1;0;0;0;0;0;1
329;9W3F;1;32;1,82;79;23,8497766;1;0;0;1;4;1;2;1;1;1;0;2;0;3;0;3;5Y3W;8Z9E;;;;0;0;0;0;0;0;0;0;0;0;0;0;0;0;0;0;0;0;0;0;1;0;0;0;0;0;0;0;1;0;0;0;0;0;0;0;0;0;0;0;0;0;0;0;0;0;0;0;0;0;0;0;1;0;0;0;0;0;0;0;0;0;0;0;0;0;0;0;0;0;0;0;0;0;0;0;0;0;0;0;0;0;0;0;1;0;0;1;0;0;1;0;0;0;0;0;1;0;0;1;0;0;1
330;9X1Z;0;22;1,68;56;19,84126984;2;0;0;2;2;1;16;0;0;0;0;2;0;2;2;14;4O8C;1Y7U;2J2X;8Q9F;0H5L;0;0;0;0;0;0;0;0;0;0;0;0;0;0;1;0;0;0;0;0;0;0;0;0;0;0;0;1;0;0;0;0;0;0;0;0;0;0;0;1;0;0;0;1;0;0;0;0;0;0;0;0;0;0;0;0;0;0;1;0;0;0;0;0;0;0;0;0;0;0;0;0;0;0;0;0;0;0;0;1;0;0;0;1;0;0;1;0;0;0;2;1;0;0;0;1;0;0;1;0;0;0;1
331;9Z3C;1;21;1,75;61;19,91836735;2;1;1;2;4;1;5;1;1;1;2;2;0;2;1;5;6T3K;6R1H;4G8T;8W1B;;1;0;0;0;0;0;0;0;0;0;0;0;0;0;0;0;0;0;0;0;0;0;0;0;0;0;0;0;0;0;0;0;0;0;0;0;0;0;0;1;0;0;0;1;0;0;0;0;0;0;0;0;0;0;0;0;0;0;0;0;0;0;0;0;0;0;0;0;0;0;0;1;0;0;0;0;0;0;0;1;0;1;0;0;0;0;1;0;0;0;1;1;0;1;0;0;0;0;1;0;0;0;1
